companyInternationalName,companyIdentifier,primaryIndustryType,primaryIndustryCode,entityLegalForm,largeFirm,primaryCountry,primaryStateProvince,recommendedModel,financialStatementDate,currency,units,statementType,regulatoryFilingType,auditQuality,reportingPeriod,cashAndMarketableSecurities,totalAccountsReceivable,totalInventory,totalCurrentAssets,totalAccumulatedDepreciation,totalFixedAssets,totalIntangibleAssets,totalAssets,notesPayable,debtCurrentMaturities,shortTermDebt,totalAccountsPayable,totalCurrentLiabilities,totalLongTermDebt,totalNonCurrentLiabilities,totalProvisions,totalLiabilities,retainedEarnings,netWorth,netSales,totalCostOfGoodsSold,grossIncome,totalWageExpense,totalAmortizationAndDepreciation,totalOperatingExpense,totalOperatingProfit,financeCosts,profitBeforeTaxesAndExtraordinaryExpenses,currentIncomeTaxExpense,totalExtraordinaryItems,netIncome,ebitda
AUDI WILSONVILLE  36814,T001T36814,NAICS,4411,,,USA,OR,UDS 4.0,2025-03-31,USD,Thousands,Consolidated,US GAAP,Audited,Annual,282.217,,6637.94,,,,,37437.418,,,,,9625.538,,,,,11729.165,,75326.212,,,,256.22,,-2873.445,190.482,,,,754.657,
AUDI WILSONVILLE  36814,T001T36814,NAICS,4411,,,USA,OR,UDS 4.0,2024-03-31,USD,Thousands,Consolidated,US GAAP,Audited,Annual,,,,,,,,,,,,,,,,,,,,86425.386,,,,,,-1526.114,,,,,,
HERRIN GEAR INFINITI  23803,T001T23803,NAICS,4411,,,USA,MS,UDS 4.0,2025-03-31,USD,Thousands,Consolidated,US GAAP,Audited,Annual,731.549,,10121.195,,,,,23704.394,,,,,10077.489,,,,,8875.984,,50518.66,,,,123.065,,285.733,44.693,,,,2117.291,
HERRIN GEAR INFINITI  23803,T001T23803,NAICS,4411,,,USA,MS,UDS 4.0,2024-03-31,USD,Thousands,Consolidated,US GAAP,Audited,Annual,,,,,,,,,,,,,,,,,,,,43503.82,,,,,,-404.018,,,,,,
FREMONT TOYOTA  49029,T001T49029,NAICS,4411,,,USA,WY,UDS 4.0,2025-03-31,USD,Thousands,Consolidated,US GAAP,Audited,Annual,882.07,,2816.636,,,,,7755.794,,,,,2451.101,,,,,4665.504,,26367.793,,,,43.661,,208.115,41.692,,,,751.656,
FREMONT TOYOTA  49029,T001T49029,NAICS,4411,,,USA,WY,UDS 4.0,2024-03-31,USD,Thousands,Consolidated,US GAAP,Audited,Annual,,,,,,,,,,,,,,,,,,,,28697.648,,,,,,447.756,,,,,,
HERITAGE FORD  44996,T001T44996,NAICS,4411,,,USA,VT,UDS 4.0,2025-03-31,USD,Thousands,Consolidated,US GAAP,Audited,Annual,8333.517,,9806.108,,,,,23950.852,,,,,10826.249,,,,,6906.114,,68264.876,,,,643.034,,25.857,200.244,,,,945.988,
HERITAGE FORD  44996,T001T44996,NAICS,4411,,,USA,VT,UDS 4.0,2024-03-31,USD,Thousands,Consolidated,US GAAP,Audited,Annual,,,,,,,,,,,,,,,,,,,,77091.634,,,,,,806.087,,,,,,
UMANSKY CH DG JP RM CHARLOTTESVILLE  45903,T001T45903,NAICS,4411,,,USA,VA,UDS 4.0,2023-02-28,USD,Thousands,Consolidated,US GAAP,Audited,Annual,656.347,,2031.949,,,,,4283.276,,,,,1984.526,,,,,0.002,,19603.338,,,,38.389,,-343.476,10.865,,,,265.81,
UMANSKY CH DG JP RM CHARLOTTESVILLE  45903,T001T45903,NAICS,4411,,,USA,VA,UDS 4.0,2022-02-28,USD,Thousands,Consolidated,US GAAP,Audited,Annual,,,,,,,,,,,,,,,,,,,,22658.83,,,,,,116.861,,,,,,
MOSES TOYOTA OF MORGANTOWN  47036  MOSES MITSUBISHI  47500,T001T47036,NAICS,4411,,,USA,WV,UDS 4.0,2025-03-31,USD,Thousands,Consolidated,US GAAP,Audited,Annual,542.629,,7296.898,,,,,19841.164,,,,,7386.961,,,,,-97.792,,80799.652,,,,331.088,,-197.124,272.212,,,,2394.22,
ACURA OF THE DESERT  54999,T001T54999,NAICS,4411,,,USA,CA,UDS 4.0,2025-03-31,USD,Thousands,Consolidated,US GAAP,Audited,Annual,55.126,,2912.93,,,,,4950.887,,,,,3096.687,,,,,3735.145,,19745.015,,,,108.394,,-150.195,66.705,,,,569.275,
ACURA OF THE DESERT  54999,T001T54999,NAICS,4411,,,USA,CA,UDS 4.0,2024-03-31,USD,Thousands,Consolidated,US GAAP,Audited,Annual,,,,,,,,,,,,,,,,,,,,19788.934,,,,,,-241.252,,,,,,
CHEVROLET OF WAYZATA  22931,T001T22931,NAICS,4411,,,USA,MN,UDS 4.0,2025-03-31,USD,Thousands,Consolidated,US GAAP,Audited,Annual,1291.631,,8521.695,,,,,19505.363,,,,,7415.766,,,,,0.0,,69667.154,,,,322.1,,688.614,120.804,,,,989.761,
CHEVROLET OF WAYZATA  22931,T001T22931,NAICS,4411,,,USA,MN,UDS 4.0,2024-03-31,USD,Thousands,Consolidated,US GAAP,Audited,Annual,,,,,,,,,,,,,,,,,,,,72480.61,,,,,,2478.372,,,,,,
TOYOTA OF ASHLAND  16065,T001T16065,NAICS,4411,,,USA,KY,UDS 4.0,2025-03-31,USD,Thousands,Consolidated,US GAAP,Audited,Annual,1496.098,,3499.73,,,,,6819.007,,,,,2045.103,,,,,7901.192,,44565.521,,,,112.38,,1455.818,111.73,,,,2374.464,
TOYOTA OF ASHLAND  16065,T001T16065,NAICS,4411,,,USA,KY,UDS 4.0,2024-03-31,USD,Thousands,Consolidated,US GAAP,Audited,Annual,,,,,,,,,,,,,,,,,,,,43807.239,,,,,,2124.477,,,,,,
LEXUS OF CONCORD  LLC  60428,T001T60428,NAICS,4411,,,USA,CA,UDS 4.0,2025-03-31,USD,Thousands,Consolidated,US GAAP,Audited,Annual,10234.804,,4591.468,,,,,43609.617,,,,,10443.551,,,,,15333.427,,136932.55,,,,1188.048,,3548.2,1010.819,,,,8105.849,
LEXUS OF CONCORD  LLC  60428,T001T60428,NAICS,4411,,,USA,CA,UDS 4.0,2024-03-31,USD,Thousands,Consolidated,US GAAP,Audited,Annual,,,,,,,,,,,,,,,,,,,,130922.384,,,,,,3773.52,,,,,,
WOLVERINE TOYOTA,T001T21113,NAICS,4411,,,USA,MI,UDS 4.0,2022-10-31,USD,Thousands,Consolidated,US GAAP,Audited,Annual,2690.41,,1340.884,,,,,4856.279,,,,,1629.265,,,,,-4202.986,,41320.1904,,,,267.174,,506.0712,234.8172,,,,1443.222,
WOLVERINE TOYOTA,T001T21113,NAICS,4411,,,USA,MI,UDS 4.0,2021-10-31,USD,Thousands,Consolidated,US GAAP,Audited,Annual,,,,,,,,,,,,,,,,,,,,35750.561,,,,,,209.492,,,,,,
BATTLEFIELD TOYOTA  45086,T001T45086,NAICS,4411,,,USA,VA,UDS 4.0,2025-03-31,USD,Thousands,Consolidated,US GAAP,Audited,Annual,3182.34,,3385.31,,,,,9174.512,,,,,4917.296,,,,,9264.86,,60800.805,,,,467.992,,712.313,143.555,,,,3684.902,
BATTLEFIELD TOYOTA  45086,T001T45086,NAICS,4411,,,USA,VA,UDS 4.0,2024-03-31,USD,Thousands,Consolidated,US GAAP,Audited,Annual,,,,,,,,,,,,,,,,,,,,53260.872,,,,,,1003.351,,,,,,
LARRY H MILLER TOYOTA COLORADO SPRINGS  05066,T001T05066,NAICS,4411,,,USA,CO,UDS 4.0,2021-10-31,USD,Thousands,Consolidated,US GAAP,Audited,Annual,2213.286,,2699.711,,,,,7515.308,,,,,3122.746,,,,,-146.333,,98510.713,,,,664.265,,5048.997,459.468,,,,6214.403,
LARRY H MILLER TOYOTA COLORADO SPRINGS  05066,T001T05066,NAICS,4411,,,USA,CO,UDS 4.0,2020-10-31,USD,Thousands,Consolidated,US GAAP,Audited,Annual,,,,,,,,,,,,,,,,,,,,78745.87,,,,,,1731.589,,,,,,
OAK LAWN TOYOTA  12100,T001T12100,NAICS,4411,,,USA,IL,UDS 4.0,2025-03-31,USD,Thousands,Consolidated,US GAAP,Audited,Annual,983.159,,3821.199,,,,,7215.279,,,,,3208.987,,,,,3783.316,,50024.274,,,,173.28,,859.914,88.634,,,,727.286,
OAK LAWN TOYOTA  12100,T001T12100,NAICS,4411,,,USA,IL,UDS 4.0,2024-03-31,USD,Thousands,Consolidated,US GAAP,Audited,Annual,,,,,,,,,,,,,,,,,,,,52344.823,,,,,,1457.438,,,,,,
HANLEES FAIRFIELD TOYOTA  04253,T001T04253,NAICS,4411,,,USA,CA,UDS 4.0,2025-03-31,USD,Thousands,Consolidated,US GAAP,Audited,Annual,2627.174,,2901.248,,,,,27042.885,,,,,9098.663,,,,,8334.642,,82195.291,,,,1120.791,,699.181,269.154,,,,3269.413,
HANLEES FAIRFIELD TOYOTA  04253,T001T04253,NAICS,4411,,,USA,CA,UDS 4.0,2024-03-31,USD,Thousands,Consolidated,US GAAP,Audited,Annual,,,,,,,,,,,,,,,,,,,,71645.818,,,,,,1089.495,,,,,,
STAPP INTERSTATE TOYOTA  INC   05043,T001T05043,NAICS,4411,,,USA,CO,UDS 4.0,2025-03-31,USD,Thousands,Consolidated,US GAAP,Audited,Annual,3490.607,,3807.991,,,,,11987.379,,,,,9155.142,,,,,620.63,,93559.708,,,,384.96,,2591.344,56.447,,,,3885.887,
STAPP INTERSTATE TOYOTA  INC   05043,T001T05043,NAICS,4411,,,USA,CO,UDS 4.0,2024-03-31,USD,Thousands,Consolidated,US GAAP,Audited,Annual,,,,,,,,,,,,,,,,,,,,96342.409,,,,,,3762.256,,,,,,
NISSAN OF SAN BERNARDINO  54836,T001T54836,NAICS,4411,,,USA,CA,UDS 4.0,2022-12-31,USD,Thousands,Consolidated,US GAAP,Audited,Annual,2454.099,,4445.024,,,,,8909.437,,,,,3356.934,,,,,834.878,,26476.203,,,,132.738,,-1598.978,113.318,,,,0.0,
NISSAN OF SAN BERNARDINO  54836,T001T54836,NAICS,4411,,,USA,CA,UDS 4.0,2021-12-31,USD,Thousands,Consolidated,US GAAP,Audited,Annual,,,,,,,,,,,,,,,,,,,,28077.173,,,,,,-664.152,,,,,,
TOYOTA OF SCRANTON  37176,T001T37176,NAICS,4411,,,USA,PA,UDS 4.0,2025-03-31,USD,Thousands,Consolidated,US GAAP,Audited,Annual,4049.993,,6974.005,,,,,25461.29,,,,,7353.465,,,,,14557.751,,145100.797,,,,640.285,,2820.739,398.651,,,,8226.431,
TOYOTA OF SCRANTON  37176,T001T37176,NAICS,4411,,,USA,PA,UDS 4.0,2024-03-31,USD,Thousands,Consolidated,US GAAP,Audited,Annual,,,,,,,,,,,,,,,,,,,,151677.277,,,,,,4428.372,,,,,,
KIA OF MARIN  54639,T001T54639,NAICS,4411,,,USA,CA,UDS 4.0,2023-09-30,USD,Thousands,Consolidated,US GAAP,Audited,Annual,1020.843,,1045.621,,,,,2885.175,,,,,1041.605,,,,,3654.98,,20010.524,,,,9.959,,988.718,66.74,,,,1410.625,
KIA OF MARIN  54639,T001T54639,NAICS,4411,,,USA,CA,UDS 4.0,2022-09-30,USD,Thousands,Consolidated,US GAAP,Audited,Annual,,,,,,,,,,,,,,,,,,,,21566.706,,,,,,1932.69,,,,,,
MITCHELL TOYOTA  42192,T001T42192,NAICS,4411,,,USA,TX,UDS 4.0,2025-03-31,USD,Thousands,Consolidated,US GAAP,Audited,Annual,17325.79,,4529.698,,,,,26790.452,,,,,3476.089,,,,,23641.726,,55097.075,,,,196.825,,2166.178,103.981,,,,1805.131,
MITCHELL TOYOTA  42192,T001T42192,NAICS,4411,,,USA,TX,UDS 4.0,2024-03-31,USD,Thousands,Consolidated,US GAAP,Audited,Annual,,,,,,,,,,,,,,,,,,,,57835.719,,,,,,2353.449,,,,,,
BILL PAGE TOYOTA  45016,T001T45016,NAICS,4411,,,USA,VA,UDS 4.0,2025-03-31,USD,Thousands,Consolidated,US GAAP,Audited,Annual,7493.24,,4213.622,,,,,15410.57,,,,,2913.227,,,,,7532.057,,100478.054,,,,607.075,,-1107.557,279.722,,,,3302.699,
BILL PAGE TOYOTA  45016,T001T45016,NAICS,4411,,,USA,VA,UDS 4.0,2024-03-31,USD,Thousands,Consolidated,US GAAP,Audited,Annual,,,,,,,,,,,,,,,,,,,,95907.548,,,,,,-780.612,,,,,,
DAN PORTER HONDA TOYOTA  33024 33888,T001T33024,NAICS,4411,,,USA,ND,UDS 4.0,2025-03-31,USD,Thousands,Consolidated,US GAAP,Audited,Annual,4090.372,,5062.491,,,,,9985.371,,,,,1303.542,,,,,7741.627,,36470.125,,,,160.715,,1641.064,122.503,,,,2135.786,
DAN PORTER HONDA TOYOTA  33024 33888,T001T33024,NAICS,4411,,,USA,ND,UDS 4.0,2024-03-31,USD,Thousands,Consolidated,US GAAP,Audited,Annual,,,,,,,,,,,,,,,,,,,,37156.415,,,,,,1759.131,,,,,,
KINGS TOYOTA  34085,T001T34085,NAICS,4411,,,USA,OH,UDS 4.0,2025-03-31,USD,Thousands,Consolidated,US GAAP,Audited,Annual,13437.92,,14331.337,,,,,36762.159,,,,,21955.141,,,,,17749.287,,234554.276,,,,665.459,,3613.501,127.159,,,,9471.569,
KINGS TOYOTA  34085,T001T34085,NAICS,4411,,,USA,OH,UDS 4.0,2024-03-31,USD,Thousands,Consolidated,US GAAP,Audited,Annual,,,,,,,,,,,,,,,,,,,,228982.578,,,,,,4883.699,,,,,,
TOYOTA OF CLEVELAND  41056,T001T41056,NAICS,4411,,,USA,TN,UDS 4.0,2025-03-31,USD,Thousands,Consolidated,US GAAP,Audited,Annual,-221.157,,7013.831,,,,,13848.611,,,,,8583.121,,,,,38237.03,,124346.975,,,,249.471,,-1522.267,145.272,,,,5962.79,
TOYOTA OF CLEVELAND  41056,T001T41056,NAICS,4411,,,USA,TN,UDS 4.0,2024-03-31,USD,Thousands,Consolidated,US GAAP,Audited,Annual,,,,,,,,,,,,,,,,,,,,124081.064,,,,,,-3395.082,,,,,,
MILEONE REAL ESTATE  00738  10K 10Q,T001T00738,NAICS,4411,,,USA,TX,UDS 4.0,2024-09-30,USD,Thousands,Consolidated,US GAAP,Audited,Annual,433.0,,,,,,,149689.0,,,,,4384.0,,,,,50927.0,,,,,,2116.0,,-7245.333333333,4782.666666667,,,,17942.666666667,
MILEONE REAL ESTATE  00738  10K 10Q,T001T00738,NAICS,4411,,,USA,TX,UDS 4.0,2023-09-30,USD,Thousands,Consolidated,US GAAP,Audited,Annual,,,,,,,,,,,,,,,,,,,,,,,,,,-8045.333333333,,,,,,
EVANS TOYOTA  13035,T001T13035,NAICS,4411,,,USA,IN,UDS 4.0,2025-03-31,USD,Thousands,Consolidated,US GAAP,Audited,Annual,2748.268,,4519.108,,,,,14134.578,,,,,4868.684,,,,,8843.82,,61943.782,,,,236.439,,426.699,126.781,,,,1773.29,
EVANS TOYOTA  13035,T001T13035,NAICS,4411,,,USA,IN,UDS 4.0,2024-03-31,USD,Thousands,Consolidated,US GAAP,Audited,Annual,,,,,,,,,,,,,,,,,,,,59514.708,,,,,,1774.767,,,,,,
CAPITAL FORD  INC   27818,T001T27818,NAICS,4411,,,USA,NV,UDS 4.0,2025-03-31,USD,Thousands,Consolidated,US GAAP,Audited,Annual,7033.697,,11261.315,,,,,22837.314,,,,,11338.33,,,,,4487.343,,69834.421,,,,239.129,,464.178,445.33,,,,1332.934,
CAPITAL FORD  INC   27818,T001T27818,NAICS,4411,,,USA,NV,UDS 4.0,2024-03-31,USD,Thousands,Consolidated,US GAAP,Audited,Annual,,,,,,,,,,,,,,,,,,,,58328.07,,,,,,-789.996,,,,,,
HYUNDAI DE HORMIGUEROS  59805,T001T59805,NAICS,4411,,,USA,,UDS 4.0,2025-03-31,USD,Thousands,Consolidated,US GAAP,Audited,Annual,7763.859,,5052.844,,,,,16597.015,,,,,5735.508,,,,,2659.811,,23744.336,,,,229.642,,727.823,417.489,,,,677.128,
HYUNDAI DE HORMIGUEROS  59805,T001T59805,NAICS,4411,,,USA,,UDS 4.0,2024-03-31,USD,Thousands,Consolidated,US GAAP,Audited,Annual,,,,,,,,,,,,,,,,,,,,24438.778666667,,,,,,1328.992,,,,,,
HARVEY SUBARU  17889,T001T17889,NAICS,4411,,,USA,LA,UDS 4.0,2023-06-30,USD,Thousands,Consolidated,US GAAP,Audited,Annual,815.799,,1897.401,,,,,5683.751,,,,,3078.801,,,,,1602.31,,21025.015,,,,66.604,,755.804,40.753,,,,1213.332,
HARVEY SUBARU  17889,T001T17889,NAICS,4411,,,USA,LA,UDS 4.0,2022-06-30,USD,Thousands,Consolidated,US GAAP,Audited,Annual,,,,,,,,,,,,,,,,,,,,19204.554,,,,,,1076.401,,,,,,
VANDERSTYNE TOYOTA,T001T31136,NAICS,4411,,,USA,NY,UDS 4.0,2021-04-30,USD,Thousands,Consolidated,US GAAP,Audited,Annual,1547.579,,2656.16,,,,,6166.172,,,,,2353.281,,,,,1565.178,,50873.532,,,,194.559,,1960.86,181.77,,,,2457.474,
VANDERSTYNE TOYOTA,T001T31136,NAICS,4411,,,USA,NY,UDS 4.0,2020-04-30,USD,Thousands,Consolidated,US GAAP,Audited,Annual,,,,,,,,,,,,,,,,,,,,39204.037,,,,,,-323.547,,,,,,
TOWNE TOYOTA  29058,T001T29058,NAICS,4411,,,USA,NJ,UDS 4.0,2025-03-31,USD,Thousands,Consolidated,US GAAP,Audited,Annual,10771.54,,6429.772,,,,,21073.81,,,,,6802.567,,,,,12319.176,,119448.271,,,,749.33,,4956.347,663.664,,,,7455.224,
TOWNE TOYOTA  29058,T001T29058,NAICS,4411,,,USA,NJ,UDS 4.0,2024-03-31,USD,Thousands,Consolidated,US GAAP,Audited,Annual,,,,,,,,,,,,,,,,,,,,99335.923,,,,,,4191.439,,,,,,
NISSAN CITY OF PORT CHESTER  31454,T001T31454,NAICS,4411,,,USA,NY,UDS 4.0,2025-03-31,USD,Thousands,Consolidated,US GAAP,Audited,Annual,30.881,,5336.882,,,,,11996.362,,,,,8251.034,,,,,-1918.233,,29366.893,,,,2.858,,-2863.389,240.284,,,,0.0,
NISSAN CITY OF PORT CHESTER  31454,T001T31454,NAICS,4411,,,USA,NY,UDS 4.0,2024-03-31,USD,Thousands,Consolidated,US GAAP,Audited,Annual,,,,,,,,,,,,,,,,,,,,35992.717,,,,,,-2284.953,,,,,,
TOWN TOYOTA  46080,T001T46080,NAICS,4411,,,USA,WA,UDS 4.0,2025-03-31,USD,Thousands,Consolidated,US GAAP,Audited,Annual,2470.367,,3965.059,,,,,13204.166,,,,,5137.063,,,,,6795.548,,63185.285,,,,305.103,,481.248,342.19,,,,2055.808,
TOWN TOYOTA  46080,T001T46080,NAICS,4411,,,USA,WA,UDS 4.0,2024-03-31,USD,Thousands,Consolidated,US GAAP,Audited,Annual,,,,,,,,,,,,,,,,,,,,67150.982,,,,,,955.323,,,,,,
BENTLEY LOS GATOS  54981  ASTON MARTIN  54979  ROLLS ROYCE  54980  LAMBORGHINI  54982  LOTUS  54835,T001T54981,NAICS,4411,,,USA,CA,UDS 4.0,2025-03-31,USD,Thousands,Consolidated,US GAAP,Audited,Annual,1834.834,,13143.995,,,,,27116.491,,,,,15289.515,,,,,1827.126,,82164.552,,,,422.143,,739.235,943.906,,,,2534.252,
MARION TOYOTA  12153,T001T12153,NAICS,4411,,,USA,IL,UDS 4.0,2025-03-31,USD,Thousands,Consolidated,US GAAP,Audited,Annual,1464.371,,4967.226,,,,,14785.91,,,,,4774.411,,,,,7003.852,,49779.664,,,,169.093,,686.514,161.46,,,,2096.278,
MARION TOYOTA  12153,T001T12153,NAICS,4411,,,USA,IL,UDS 4.0,2024-03-31,USD,Thousands,Consolidated,US GAAP,Audited,Annual,,,,,,,,,,,,,,,,,,,,57660.065,,,,,,2173.393,,,,,,
CRONIN TOYOTA  13076  NISSAN  13901  OF RICHMOND,T001T13076,NAICS,4411,,,USA,IN,UDS 4.0,2025-03-31,USD,Thousands,Consolidated,US GAAP,Audited,Annual,1017.595,,5206.457,,,,,9146.631,,,,,3014.243,,,,,1761.51,,42553.002,,,,53.518,,-909.152,46.542,,,,0.0,
CRONIN TOYOTA  13076  NISSAN  13901  OF RICHMOND,T001T13076,NAICS,4411,,,USA,IN,UDS 4.0,2024-03-31,USD,Thousands,Consolidated,US GAAP,Audited,Annual,,,,,,,,,,,,,,,,,,,,44864.558,,,,,,78.501,,,,,,
MEADE LEXUS OF SOUTHFIELD  62101  LAKESIDE  62130,T001T62101,NAICS,4411,,,USA,MI,UDS 4.0,2025-03-31,USD,Thousands,Consolidated,US GAAP,Audited,Annual,2665.116,,9249.193,,,,,69230.443,,,,,22695.873,,,,,0.003,,218372.881,,,,2240.939,,-6192.437,772.453,,,,4098.78,
MEADE LEXUS OF SOUTHFIELD  62101  LAKESIDE  62130,T001T62101,NAICS,4411,,,USA,MI,UDS 4.0,2024-03-31,USD,Thousands,Consolidated,US GAAP,Audited,Annual,,,,,,,,,,,,,,,,,,,,202328.759,,,,,,-4861.664,,,,,,
LUM S GMC  36797   FKA LUM S BUICK GMC CADILLAC BUICK TERM  11 2022  CADILLAC TERM  11 2021,T001T36797,NAICS,4411,,,USA,OR,UDS 4.0,2025-03-31,USD,Thousands,Consolidated,US GAAP,Audited,Annual,192.329,,4339.991,,,,,10705.259,,,,,3890.334,,,,,2903.257,,42149.54,,,,437.801,,-175.307,78.24,,,,94.997,
LUM S GMC  36797   FKA LUM S BUICK GMC CADILLAC BUICK TERM  11 2022  CADILLAC TERM  11 2021,T001T36797,NAICS,4411,,,USA,OR,UDS 4.0,2024-03-31,USD,Thousands,Consolidated,US GAAP,Audited,Annual,,,,,,,,,,,,,,,,,,,,38541.51,,,,,,151.866,,,,,,
RIVERA HONDA  31441,T001T31441,NAICS,4411,,,USA,NY,UDS 4.0,2025-03-31,USD,Thousands,Consolidated,US GAAP,Audited,Annual,847.931,,7803.215,,,,,13517.812,,,,,6824.862,,,,,2213.677,,62659.78,,,,80.356,,1170.999,116.292,,,,1248.269,
RIVERA HONDA  31441,T001T31441,NAICS,4411,,,USA,NY,UDS 4.0,2024-03-31,USD,Thousands,Consolidated,US GAAP,Audited,Annual,,,,,,,,,,,,,,,,,,,,53189.241,,,,,,1429.774,,,,,,
BILL DUBE HYUNDAI  20823,T001T20823,NAICS,4411,,,USA,MA,UDS 4.0,2022-02-28,USD,Thousands,Consolidated,US GAAP,Audited,Annual,975.574,,1327.747,,,,,4153.094,,,,,1021.304,,,,,997.461,,35648.219,,,,319.608,,1139.233,315.953,,,,1530.065,
BILL DUBE HYUNDAI  20823,T001T20823,NAICS,4411,,,USA,MA,UDS 4.0,2021-02-28,USD,Thousands,Consolidated,US GAAP,Audited,Annual,,,,,,,,,,,,,,,,,,,,22034.801,,,,,,32.09,,,,,,
TOYOTA OF YORK  37126,T001T37126,NAICS,4411,,,USA,PA,UDS 4.0,2025-03-31,USD,Thousands,Consolidated,US GAAP,Audited,Annual,1419.328,,4159.229,,,,,17731.542,,,,,7919.935,,,,,11358.645,,79969.135,,,,376.782,,2104.927,136.263,,,,5844.794,
TOYOTA OF YORK  37126,T001T37126,NAICS,4411,,,USA,PA,UDS 4.0,2024-03-31,USD,Thousands,Consolidated,US GAAP,Audited,Annual,,,,,,,,,,,,,,,,,,,,87838.474,,,,,,2766.743,,,,,,
HOLMAN AUTOMOTIVE GROUP  00571  10K 10Q,T001T00571,NAICS,4411,,,USA,TX,UDS 4.0,2024-12-31,USD,Thousands,Consolidated,US GAAP,Audited,Annual,78830.0,,676484.0,,,,,2966652.0,,,,,883360.0,,,,,817927.0,,4797420.0,,,,46331.0,,79110.0,79945.0,,,,78161.0,
HOLMAN AUTOMOTIVE GROUP  00571  10K 10Q,T001T00571,NAICS,4411,,,USA,TX,UDS 4.0,2023-12-31,USD,Thousands,Consolidated,US GAAP,Audited,Annual,,,,,,,,,,,,,,,,,,,,3157492.0,,,,,,107134.0,,,,,,
CAPITOL TOYOTA  04426,T001T04426,NAICS,4411,,,USA,CA,UDS 4.0,2025-03-31,USD,Thousands,Consolidated,US GAAP,Audited,Annual,23785.163,,7095.834,,,,,35463.099,,,,,12257.514,,,,,18499.872,,208865.393,,,,1041.024,,8570.228,780.567,,,,12884.669,
CAPITOL TOYOTA  04426,T001T04426,NAICS,4411,,,USA,CA,UDS 4.0,2024-03-31,USD,Thousands,Consolidated,US GAAP,Audited,Annual,,,,,,,,,,,,,,,,,,,,197979.457,,,,,,8599.53,,,,,,
OAKES TOYOTA  23071,T001T23071,NAICS,4411,,,USA,MS,UDS 4.0,2025-03-31,USD,Thousands,Consolidated,US GAAP,Audited,Annual,4262.645,,1928.335,,,,,7550.019,,,,,1639.79,,,,,3839.528,,15267.42,,,,8.675,,141.483,14.548,,,,633.149,
OAKES TOYOTA  23071,T001T23071,NAICS,4411,,,USA,MS,UDS 4.0,2024-03-31,USD,Thousands,Consolidated,US GAAP,Audited,Annual,,,,,,,,,,,,,,,,,,,,17688.624,,,,,,212.384,,,,,,
MOSES TOYOTA  47030  MOSES LEXUS  64702,T001T47030,NAICS,4411,,,USA,WV,UDS 4.0,2025-03-31,USD,Thousands,Consolidated,US GAAP,Audited,Annual,4187.675,,14402.738,,,,,29228.629,,,,,13828.25,,,,,5511.351,,152650.403,,,,866.875,,-741.194,324.151,,,,5157.49,
MOSES TOYOTA  47030  MOSES LEXUS  64702,T001T47030,NAICS,4411,,,USA,WV,UDS 4.0,2024-03-31,USD,Thousands,Consolidated,US GAAP,Audited,Annual,,,,,,,,,,,,,,,,,,,,172055.431,,,,,,1821.5,,,,,,
VICTORY TOYOTA  21110,T001T21110,NAICS,4411,,,USA,MI,UDS 4.0,2025-03-31,USD,Thousands,Consolidated,US GAAP,Audited,Annual,22978.33,,2989.676,,,,,31393.076,,,,,5869.564,,,,,11361.655,,75958.987,,,,14.993,,1431.453,417.884,,,,1927.777,
VICTORY TOYOTA  21110,T001T21110,NAICS,4411,,,USA,MI,UDS 4.0,2024-03-31,USD,Thousands,Consolidated,US GAAP,Audited,Annual,,,,,,,,,,,,,,,,,,,,73917.226,,,,,,2428.037,,,,,,
PAGE HONDA  21994,T001T21994,NAICS,4411,,,USA,MI,UDS 4.0,2021-07-31,USD,Thousands,Consolidated,US GAAP,Audited,Annual,2504.697,,3132.389,,,,,8992.833,,,,,3754.933,,,,,-2384.687,,45952.89,,,,0.0,,-146.014,442.005,,,,434.323,
PAGE HONDA  21994,T001T21994,NAICS,4411,,,USA,MI,UDS 4.0,2020-07-31,USD,Thousands,Consolidated,US GAAP,Audited,Annual,,,,,,,,,,,,,,,,,,,,37846.121,,,,,,-553.377,,,,,,
PEPPERS CHRYSLER DODGE  JEEP  41890,T001T41890,NAICS,4411,,,USA,TN,UDS 4.0,2025-03-31,USD,Thousands,Consolidated,US GAAP,Audited,Annual,297.187,,5011.342,,,,,6125.508,,,,,4820.967,,,,,1240.493,,19662.14,,,,0.384,,-194.673,181.116,,,,0.0,
PEPPERS CHRYSLER DODGE  JEEP  41890,T001T41890,NAICS,4411,,,USA,TN,UDS 4.0,2024-03-31,USD,Thousands,Consolidated,US GAAP,Audited,Annual,,,,,,,,,,,,,,,,,,,,24493.239,,,,,,356.045,,,,,,
PASSPORT TOYOTA  19070,T001T19070,NAICS,4411,,,USA,MD,UDS 4.0,2025-03-31,USD,Thousands,Consolidated,US GAAP,Audited,Annual,2138.315,,5814.861,,,,,27459.356,,,,,7889.784,,,,,13590.659,,107995.366,,,,550.855,,-297.046,480.772,,,,3333.395,
PASSPORT TOYOTA  19070,T001T19070,NAICS,4411,,,USA,MD,UDS 4.0,2024-03-31,USD,Thousands,Consolidated,US GAAP,Audited,Annual,,,,,,,,,,,,,,,,,,,,100484.348,,,,,,618.142,,,,,,
LH MILLER LEXUS MURRAY  64301  LINDON  64330,T001T64301,NAICS,4411,,,USA,UT,UDS 4.0,2021-11-30,USD,Thousands,Consolidated,US GAAP,Audited,Annual,2625.994,,13927.431,,,,,25167.262,,,,,17550.531,,,,,-277.788,,208287.943,,,,1374.269,,13270.652,1094.314,,,,13717.226,
LH MILLER LEXUS MURRAY  64301  LINDON  64330,T001T64301,NAICS,4411,,,USA,UT,UDS 4.0,2020-11-30,USD,Thousands,Consolidated,US GAAP,Audited,Annual,,,,,,,,,,,,,,,,,,,,142148.757,,,,,,4791.05,,,,,,
ACURA OF MELBOURNE  09502,T001T09502,NAICS,4411,,,USA,FL,UDS 4.0,2025-03-31,USD,Thousands,Consolidated,US GAAP,Audited,Annual,626.508,,2589.149,,,,,10420.907,,,,,3669.496,,,,,-176.656,,22334.541,,,,300.801,,-922.694,85.546,,,,0.0,
ACURA OF MELBOURNE  09502,T001T09502,NAICS,4411,,,USA,FL,UDS 4.0,2024-03-31,USD,Thousands,Consolidated,US GAAP,Audited,Annual,,,,,,,,,,,,,,,,,,,,27187.508,,,,,,-671.351,,,,,,
VIC VAUGHN TOYOTA OF BOERNE  42305,T001T42305,NAICS,4411,,,USA,TX,UDS 4.0,2025-03-31,USD,Thousands,Consolidated,US GAAP,Audited,Annual,4645.388,,18082.105,,,,,61438.571,,,,,26352.713,,,,,31892.493,,412474.847,,,,2138.021,,13997.86,1103.062,,,,13776.837,
VIC VAUGHN TOYOTA OF BOERNE  42305,T001T42305,NAICS,4411,,,USA,TX,UDS 4.0,2024-03-31,USD,Thousands,Consolidated,US GAAP,Audited,Annual,,,,,,,,,,,,,,,,,,,,389322.167,,,,,,16463.822,,,,,,
TOYOTA OF WOOSTER,T001T34123,NAICS,4411,,,USA,OH,UDS 4.0,2024-04-30,USD,Thousands,Consolidated,US GAAP,Audited,Annual,3178.045,,3659.573,,,,,8450.946,,,,,2855.343,,,,,4138.401,,28537.671,,,,137.136,,179.805,86.049,,,,743.568,
TOYOTA OF WOOSTER,T001T34123,NAICS,4411,,,USA,OH,UDS 4.0,2023-04-30,USD,Thousands,Consolidated,US GAAP,Audited,Annual,,,,,,,,,,,,,,,,,,,,26506.84,,,,,,892.849,,,,,,
MCCONNELL CHEVROLET  54818  CHRYSLER DODGE JEEP RAM  54817,T001T54818,NAICS,4411,,,USA,CA,UDS 4.0,2023-07-31,USD,Thousands,Consolidated,US GAAP,Audited,Annual,971.287,,5379.443,,,,,9390.097,,,,,4333.04,,,,,-30.983,,30199.209,,,,48.013,,-355.535,31.294,,,,0.0,
MCCONNELL CHEVROLET  54818  CHRYSLER DODGE JEEP RAM  54817,T001T54818,NAICS,4411,,,USA,CA,UDS 4.0,2022-07-31,USD,Thousands,Consolidated,US GAAP,Audited,Annual,,,,,,,,,,,,,,,,,,,,30791.936571429,,,,,,275.046857143,,,,,,
ADRIEL BARRANQUITAS  59142,T001T59142,NAICS,4411,,,USA,,UDS 4.0,2025-03-31,USD,Thousands,Consolidated,US GAAP,Audited,Annual,7911.009,,3220.383,,,,,14904.362,,,,,4962.67,,,,,11252.489,,27421.686,,,,34.31,,227.763,209.266,,,,1422.118,
ADRIEL BARRANQUITAS  59142,T001T59142,NAICS,4411,,,USA,,UDS 4.0,2024-03-31,USD,Thousands,Consolidated,US GAAP,Audited,Annual,,,,,,,,,,,,,,,,,,,,23329.819,,,,,,310.959,,,,,,
TOYOTA OF SANTA MARIA  04290,T001T04290,NAICS,4411,,,USA,CA,UDS 4.0,2025-03-31,USD,Thousands,Consolidated,US GAAP,Audited,Annual,4021.601,,2209.696,,,,,13345.601,,,,,6783.946,,,,,6760.296,,130774.367,,,,895.691,,2040.33,342.814,,,,1450.61,
TOYOTA OF SANTA MARIA  04290,T001T04290,NAICS,4411,,,USA,CA,UDS 4.0,2024-03-31,USD,Thousands,Consolidated,US GAAP,Audited,Annual,,,,,,,,,,,,,,,,,,,,144467.594,,,,,,3866.789,,,,,,
CF SCHWARTZ TOYOTA  07005,T001T07005,NAICS,4411,,,USA,DE,UDS 4.0,2024-01-31,USD,Thousands,Consolidated,US GAAP,Audited,Annual,3578.621,,576.384,,,,,6484.925,,,,,357.22,,,,,4927.115,,18003.143,,,,163.46,,806.355,110.782,,,,1383.491,
CF SCHWARTZ TOYOTA  07005,T001T07005,NAICS,4411,,,USA,DE,UDS 4.0,2023-01-31,USD,Thousands,Consolidated,US GAAP,Audited,Annual,,,,,,,,,,,,,,,,,,,,19911.176,,,,,,1254.196,,,,,,
MAGUIRE HYUNDAI  31529  SUBARU  31554  OF ITHACA,T001T31529,NAICS,4411,,,USA,NY,UDS 4.0,2025-03-31,USD,Thousands,Consolidated,US GAAP,Audited,Annual,494.984,,6585.986,,,,,9372.556,,,,,7193.733,,,,,534.992,,46588.063,,,,64.751,,569.751,1.526,,,,903.281,
MAGUIRE HYUNDAI  31529  SUBARU  31554  OF ITHACA,T001T31529,NAICS,4411,,,USA,NY,UDS 4.0,2024-03-31,USD,Thousands,Consolidated,US GAAP,Audited,Annual,,,,,,,,,,,,,,,,,,,,50179.195,,,,,,344.499,,,,,,
HADDAD TOYOTA  20049,T001T20049,NAICS,4411,,,USA,MA,UDS 4.0,2025-03-31,USD,Thousands,Consolidated,US GAAP,Audited,Annual,11953.109,,5558.05,,,,,27968.132,,,,,5460.411,,,,,21400.99,,91269.704,,,,814.018,,2666.293,405.919,,,,4423.281,
HADDAD TOYOTA  20049,T001T20049,NAICS,4411,,,USA,MA,UDS 4.0,2024-03-31,USD,Thousands,Consolidated,US GAAP,Audited,Annual,,,,,,,,,,,,,,,,,,,,95163.587,,,,,,3882.717,,,,,,
ROCHESTER TOYOTA  28042,T001T28042,NAICS,4411,,,USA,NH,UDS 4.0,2025-03-31,USD,Thousands,Consolidated,US GAAP,Audited,Annual,1802.623,,5311.996,,,,,13386.669,,,,,4470.162,,,,,2286.207,,73956.746,,,,500.145,,901.285,61.613,,,,1966.852,
ROCHESTER TOYOTA  28042,T001T28042,NAICS,4411,,,USA,NH,UDS 4.0,2024-03-31,USD,Thousands,Consolidated,US GAAP,Audited,Annual,,,,,,,,,,,,,,,,,,,,68843.029,,,,,,1856.345,,,,,,
BENNETT PRE OWNED OF LEBANON  37511,T001T37511,NAICS,4411,,,USA,PA,UDS 4.0,2025-03-31,USD,Thousands,Consolidated,US GAAP,Audited,Annual,263.821,,5.71,,,,,946.935,,,,,2150.575,,,,,-1154.367,,8005.634,,,,0.0,,-1043.854,91.018,,,,0.0,
BENNETT PRE OWNED OF LEBANON  37511,T001T37511,NAICS,4411,,,USA,PA,UDS 4.0,2024-03-31,USD,Thousands,Consolidated,US GAAP,Audited,Annual,,,,,,,,,,,,,,,,,,,,6064.841,,,,,,-536.04,,,,,,
PRICE TOYOTA  07008,T001T07008,NAICS,4411,,,USA,DE,UDS 4.0,2025-03-31,USD,Thousands,Consolidated,US GAAP,Audited,Annual,6090.629,,6443.282,,,,,25971.03,,,,,3066.508,,,,,27932.471,,88931.985,,,,551.618,,3448.633,396.015,,,,5075.539,
PRICE TOYOTA  07008,T001T07008,NAICS,4411,,,USA,DE,UDS 4.0,2024-03-31,USD,Thousands,Consolidated,US GAAP,Audited,Annual,,,,,,,,,,,,,,,,,,,,76835.414,,,,,,3695.266,,,,,,
LYNCH TOYOTA  06025,T001T06025,NAICS,4411,,,USA,CT,UDS 4.0,2025-03-31,USD,Thousands,Consolidated,US GAAP,Audited,Annual,5397.061,,5103.67,,,,,27423.048,,,,,7862.944,,,,,9897.918,,108681.356,,,,471.924,,1738.35,361.324,,,,4804.53,
LYNCH TOYOTA  06025,T001T06025,NAICS,4411,,,USA,CT,UDS 4.0,2024-03-31,USD,Thousands,Consolidated,US GAAP,Audited,Annual,,,,,,,,,,,,,,,,,,,,98327.827,,,,,,1771.021,,,,,,
RANDY WISE TOYOTA  21125,T001T21125,NAICS,4411,,,USA,MI,UDS 4.0,2025-03-31,USD,Thousands,Consolidated,US GAAP,Audited,Annual,1416.439,,12394.305,,,,,40142.388,,,,,16944.0,,,,,6189.049,,101367.895,,,,198.456,,-389.269,321.913,,,,1366.257,
RANDY WISE TOYOTA  21125,T001T21125,NAICS,4411,,,USA,MI,UDS 4.0,2024-03-31,USD,Thousands,Consolidated,US GAAP,Audited,Annual,,,,,,,,,,,,,,,,,,,,95362.0,,,,,,433.128,,,,,,
LEADCAR TOYOTA MANKATO  22056,T001T22056,NAICS,4411,,,USA,MN,UDS 4.0,2025-03-31,USD,Thousands,Consolidated,US GAAP,Audited,Annual,183.334,,2559.773,,,,,12911.803,,,,,3812.03,,,,,2597.106,,48485.145,,,,106.855,,1281.565,242.503,,,,1701.869,
LEADCAR TOYOTA MANKATO  22056,T001T22056,NAICS,4411,,,USA,MN,UDS 4.0,2024-03-31,USD,Thousands,Consolidated,US GAAP,Audited,Annual,,,,,,,,,,,,,,,,,,,,46489.014,,,,,,1600.082,,,,,,
FORT S TOYOTA OF PEKIN  12125,T001T12125,NAICS,4411,,,USA,IL,UDS 4.0,2025-03-31,USD,Thousands,Consolidated,US GAAP,Audited,Annual,2524.666,,1724.111,,,,,8482.473,,,,,4109.278,,,,,3133.484,,26016.079,,,,0.0,,250.504,30.806,,,,805.676,
FORT S TOYOTA OF PEKIN  12125,T001T12125,NAICS,4411,,,USA,IL,UDS 4.0,2024-03-31,USD,Thousands,Consolidated,US GAAP,Audited,Annual,,,,,,,,,,,,,,,,,,,,23474.105,,,,,,364.8,,,,,,
MCGOVERN AUTO GROUP  00567 10K 10Q,T001T00567,NAICS,4411,,,USA,TX,UDS 4.0,2024-09-30,USD,Thousands,Consolidated,US GAAP,Audited,Annual,15116.689,,324365.443,,,,,926534.759,,,,,403467.505,,,,,202412.592,,2175655.346,,,,3170.712,,33963.926,43810.441,,,,32565.607,
MCGOVERN AUTO GROUP  00567 10K 10Q,T001T00567,NAICS,4411,,,USA,TX,UDS 4.0,2023-09-30,USD,Thousands,Consolidated,US GAAP,Audited,Annual,,,,,,,,,,,,,,,,,,,,2111909.15466667,,,,,,76100.189333333,,,,,,
SALINAS TOYOTA,T001T04056,NAICS,4411,,,USA,CA,UDS 4.0,2022-06-30,USD,Thousands,Consolidated,US GAAP,Audited,Annual,1390.165,,3228.054,,,,,9670.171,,,,,1953.62,,,,,6943.537,,60927.002,,,,53.088,,-218.238,18.464,,,,496.924,
SALINAS TOYOTA,T001T04056,NAICS,4411,,,USA,CA,UDS 4.0,2021-06-30,USD,Thousands,Consolidated,US GAAP,Audited,Annual,,,,,,,,,,,,,,,,,,,,65710.231,,,,,,782.232,,,,,,
ELGIN CHRY DODGE JEEP RAM  12908,T001T12908,NAICS,4411,,,USA,IL,UDS 4.0,2023-02-28,USD,Thousands,Consolidated,US GAAP,Audited,Annual,1954.551,,34071.005,,,,,48828.192,,,,,36993.198,,,,,17877.024,,178885.241,,,,1135.336,,5040.273,201.308,,,,6091.939,
ELGIN CHRY DODGE JEEP RAM  12908,T001T12908,NAICS,4411,,,USA,IL,UDS 4.0,2022-02-28,USD,Thousands,Consolidated,US GAAP,Audited,Annual,,,,,,,,,,,,,,,,,,,,178928.295,,,,,,8552.667,,,,,,
SLOANE TOYOTA OF PHILADELPHIA  37152,T001T37152,NAICS,4411,,,USA,PA,UDS 4.0,2025-03-31,USD,Thousands,Consolidated,US GAAP,Audited,Annual,7259.197,,4278.156,,,,,13364.621,,,,,3656.26,,,,,21991.672,,99815.674,,,,478.694,,1422.613,373.355,,,,5271.279,
SLOANE TOYOTA OF PHILADELPHIA  37152,T001T37152,NAICS,4411,,,USA,PA,UDS 4.0,2024-03-31,USD,Thousands,Consolidated,US GAAP,Audited,Annual,,,,,,,,,,,,,,,,,,,,118310.197,,,,,,3440.316,,,,,,
ANDREW TOYOTA  48039,T001T48039,NAICS,4411,,,USA,WI,UDS 4.0,2025-01-31,USD,Thousands,Consolidated,US GAAP,Audited,Annual,8469.595,,5075.566,,,,,16602.626,,,,,2471.443,,,,,21805.642,,83076.184,,,,852.274,,4.924,552.607,,,,2412.415,
ANDREW TOYOTA  48039,T001T48039,NAICS,4411,,,USA,WI,UDS 4.0,2024-01-31,USD,Thousands,Consolidated,US GAAP,Audited,Annual,,,,,,,,,,,,,,,,,,,,85720.825,,,,,,1510.87,,,,,,
MAGUIRE FORD OF CANANDAIGUA  31408,T001T31408,NAICS,4411,,,USA,NY,UDS 4.0,2025-03-31,USD,Thousands,Consolidated,US GAAP,Audited,Annual,643.594,,5924.682,,,,,15423.947,,,,,5198.037,,,,,1093.529,,28890.66,,,,0.006,,152.945,38.965,,,,1002.692,
MAGUIRE FORD OF CANANDAIGUA  31408,T001T31408,NAICS,4411,,,USA,NY,UDS 4.0,2024-03-31,USD,Thousands,Consolidated,US GAAP,Audited,Annual,,,,,,,,,,,,,,,,,,,,39414.375,,,,,,60.211,,,,,,
TOYOTA OF STAMFORD  06052,T001T06052,NAICS,4411,,,USA,CT,UDS 4.0,2025-03-31,USD,Thousands,Consolidated,US GAAP,Audited,Annual,3051.003,,5461.024,,,,,25060.789,,,,,7992.684,,,,,27190.116,,109892.451,,,,471.422,,5310.883,416.368,,,,9645.538,
TOYOTA OF STAMFORD  06052,T001T06052,NAICS,4411,,,USA,CT,UDS 4.0,2024-03-31,USD,Thousands,Consolidated,US GAAP,Audited,Annual,,,,,,,,,,,,,,,,,,,,106475.206,,,,,,6240.508,,,,,,
AMMAAR S TOYOTA VACAVILLE  04487,T001T04487,NAICS,4411,,,USA,CA,UDS 4.0,2025-03-31,USD,Thousands,Consolidated,US GAAP,Audited,Annual,1037.987,,6321.836,,,,,11562.756,,,,,2913.535,,,,,3659.03,,57183.281,,,,521.751,,1716.282,440.362,,,,2470.096,
AMMAAR S TOYOTA VACAVILLE  04487,T001T04487,NAICS,4411,,,USA,CA,UDS 4.0,2024-03-31,USD,Thousands,Consolidated,US GAAP,Audited,Annual,,,,,,,,,,,,,,,,,,,,66181.123,,,,,,2196.425,,,,,,
SIERRA TOYOTA  02056,T001T02056,NAICS,4411,,,USA,AZ,UDS 4.0,2025-03-31,USD,Thousands,Consolidated,US GAAP,Audited,Annual,3617.277,,3382.575,,,,,10141.788,,,,,3300.398,,,,,6178.072,,45529.24,,,,201.289,,667.466,143.259,,,,1810.103,
SIERRA TOYOTA  02056,T001T02056,NAICS,4411,,,USA,AZ,UDS 4.0,2024-03-31,USD,Thousands,Consolidated,US GAAP,Audited,Annual,,,,,,,,,,,,,,,,,,,,42651.813,,,,,,788.013,,,,,,
HILAND TOYOTA  12042,T001T12042,NAICS,4411,,,USA,IL,UDS 4.0,2025-03-31,USD,Thousands,Consolidated,US GAAP,Audited,Annual,3325.94,,8015.054,,,,,22471.324,,,,,4644.7,,,,,17075.313,,88715.377,,,,330.877,,983.009,253.313,,,,1732.116,
HILAND TOYOTA  12042,T001T12042,NAICS,4411,,,USA,IL,UDS 4.0,2024-03-31,USD,Thousands,Consolidated,US GAAP,Audited,Annual,,,,,,,,,,,,,,,,,,,,92659.41,,,,,,2423.415,,,,,,
WHITE RIVER TOYOTA  44016,T001T44016,NAICS,4411,,,USA,VT,UDS 4.0,2025-03-31,USD,Thousands,Consolidated,US GAAP,Audited,Annual,1311.207,,4932.46,,,,,21733.455,,,,,6061.836,,,,,13721.826,,92340.252,,,,615.136,,2011.162,349.257,,,,2016.592,
WHITE RIVER TOYOTA  44016,T001T44016,NAICS,4411,,,USA,VT,UDS 4.0,2024-03-31,USD,Thousands,Consolidated,US GAAP,Audited,Annual,,,,,,,,,,,,,,,,,,,,85984.829,,,,,,3130.142,,,,,,
TOWNE HYUNDAI  29919  TOWNE HYUNDAI OF HACKETTSTOWN  29641,T001T29919,NAICS,4411,,,USA,NJ,UDS 4.0,2025-03-31,USD,Thousands,Consolidated,US GAAP,Audited,Annual,11432.723,,21257.8,,,,,42876.129,,,,,23030.662,,,,,17605.658,,135226.987,,,,1087.727,,3199.424,901.827,,,,9134.692,
TOWNE HYUNDAI  29919  TOWNE HYUNDAI OF HACKETTSTOWN  29641,T001T29919,NAICS,4411,,,USA,NJ,UDS 4.0,2024-03-31,USD,Thousands,Consolidated,US GAAP,Audited,Annual,,,,,,,,,,,,,,,,,,,,132511.644,,,,,,5602.916,,,,,,
ELGIN TOYOTA  12141,T001T12141,NAICS,4411,,,USA,IL,UDS 4.0,2025-03-31,USD,Thousands,Consolidated,US GAAP,Audited,Annual,4150.161,,7118.803,,,,,23409.787,,,,,12967.449,,,,,48876.734,,163888.168,,,,924.65,,1020.459,387.305,,,,3409.021,
ELGIN TOYOTA  12141,T001T12141,NAICS,4411,,,USA,IL,UDS 4.0,2024-03-31,USD,Thousands,Consolidated,US GAAP,Audited,Annual,,,,,,,,,,,,,,,,,,,,153144.54,,,,,,3795.727,,,,,,
PIERCEY TOYOTA,T001T04346,NAICS,4411,,,USA,CA,UDS 4.0,2021-11-30,USD,Thousands,Consolidated,US GAAP,Audited,Annual,8909.774,,0.0,,,,,12537.429,,,,,5661.781,,,,,5900.237,,148913.107636364,,,,973.478181818,,9816.219272727,810.969818182,,,,10535.357454545,
PIERCEY TOYOTA,T001T04346,NAICS,4411,,,USA,CA,UDS 4.0,2020-11-30,USD,Thousands,Consolidated,US GAAP,Audited,Annual,,,,,,,,,,,,,,,,,,,,131742.133,,,,,,2566.476,,,,,,
COOS BAY TOYOTA  36107,T001T36107,NAICS,4411,,,USA,OR,UDS 4.0,2025-03-31,USD,Thousands,Consolidated,US GAAP,Audited,Annual,341.082,,3954.689,,,,,10859.33,,,,,4266.334,,,,,2974.613,,49620.599,,,,118.265,,253.733,16.765,,,,886.242,
COOS BAY TOYOTA  36107,T001T36107,NAICS,4411,,,USA,OR,UDS 4.0,2024-03-31,USD,Thousands,Consolidated,US GAAP,Audited,Annual,,,,,,,,,,,,,,,,,,,,49281.884,,,,,,1.097,,,,,,
VALLEY KIA  54602,T001T54602,NAICS,4411,,,USA,CA,UDS 4.0,2025-03-31,USD,Thousands,Consolidated,US GAAP,Audited,Annual,3787.789,,10917.838,,,,,19025.105,,,,,10644.007,,,,,8089.273,,74361.151,,,,204.255,,-672.342,524.648,,,,1090.998,
VALLEY KIA  54602,T001T54602,NAICS,4411,,,USA,CA,UDS 4.0,2024-03-31,USD,Thousands,Consolidated,US GAAP,Audited,Annual,,,,,,,,,,,,,,,,,,,,61899.309,,,,,,129.831,,,,,,
TOYOTA ON WESTERN  12171,T001T12171,NAICS,4411,,,USA,IL,UDS 4.0,2025-03-31,USD,Thousands,Consolidated,US GAAP,Audited,Annual,1064.768,,4549.558,,,,,19038.704,,,,,5509.573,,,,,1764.965,,59550.015,,,,170.868,,1415.915,189.887,,,,3012.697,
TOYOTA ON WESTERN  12171,T001T12171,NAICS,4411,,,USA,IL,UDS 4.0,2024-03-31,USD,Thousands,Consolidated,US GAAP,Audited,Annual,,,,,,,,,,,,,,,,,,,,15048.32,,,,,,-360.44,,,,,,
SUPREME TOYOTA OF HAMMOND,T001T17071,NAICS,4411,,,USA,LA,UDS 4.0,2025-03-31,USD,Thousands,Consolidated,US GAAP,Audited,Annual,4204.395,,4666.25,,,,,20975.498,,,,,6507.148,,,,,11608.263,,61072.883,,,,181.691,,-119.328,72.704,,,,1125.249,
SUPREME TOYOTA OF HAMMOND,T001T17071,NAICS,4411,,,USA,LA,UDS 4.0,2024-03-31,USD,Thousands,Consolidated,US GAAP,Audited,Annual,,,,,,,,,,,,,,,,,,,,71184.63,,,,,,741.065,,,,,,
GALLATIN SUBARU  25935,T001T25935,NAICS,4411,,,USA,MT,UDS 4.0,2025-03-31,USD,Thousands,Consolidated,US GAAP,Audited,Annual,1307.321,,6199.231,,,,,12812.45,,,,,4855.368,,,,,467.732,,62971.548,,,,117.687,,1630.405,74.156,,,,2389.624,
GALLATIN SUBARU  25935,T001T25935,NAICS,4411,,,USA,MT,UDS 4.0,2024-03-31,USD,Thousands,Consolidated,US GAAP,Audited,Annual,,,,,,,,,,,,,,,,,,,,64084.113,,,,,,2378.607,,,,,,
BRYAN COLLEGE STATION TOY  42315  HUNTSVILLE TOYOTA  42316,T001T42315,NAICS,4411,,,USA,TX,UDS 4.0,2025-03-31,USD,Thousands,Consolidated,US GAAP,Audited,Annual,12409.814,,14302.779,,,,,78238.81,,,,,14961.01,,,,,53315.845,,190965.28,,,,1111.516,,989.941,264.619,,,,9293.832,
BRYAN COLLEGE STATION TOY  42315  HUNTSVILLE TOYOTA  42316,T001T42315,NAICS,4411,,,USA,TX,UDS 4.0,2024-03-31,USD,Thousands,Consolidated,US GAAP,Audited,Annual,,,,,,,,,,,,,,,,,,,,170587.643,,,,,,1163.975,,,,,,
BRILLIANCE SUBARU  12893,T001T12893,NAICS,4411,,,USA,IL,UDS 4.0,2025-03-31,USD,Thousands,Consolidated,US GAAP,Audited,Annual,4729.8,,5080.627,,,,,14045.4,,,,,7022.908,,,,,4700.22,,55162.878,,,,29.427,,-92.564,37.471,,,,979.53,
BRILLIANCE SUBARU  12893,T001T12893,NAICS,4411,,,USA,IL,UDS 4.0,2024-03-31,USD,Thousands,Consolidated,US GAAP,Audited,Annual,,,,,,,,,,,,,,,,,,,,47467.726,,,,,,315.305,,,,,,
EDDY S TOYOTA OF WICHITA  15012,T001T15012,NAICS,4411,,,USA,KS,UDS 4.0,2025-03-31,USD,Thousands,Consolidated,US GAAP,Audited,Annual,-620.726,,7859.069,,,,,40183.296,,,,,24947.611,,,,,6981.197,,153141.38,,,,125.996,,2413.846,23.571,,,,6057.115,
EDDY S TOYOTA OF WICHITA  15012,T001T15012,NAICS,4411,,,USA,KS,UDS 4.0,2024-03-31,USD,Thousands,Consolidated,US GAAP,Audited,Annual,,,,,,,,,,,,,,,,,,,,141825.219,,,,,,3702.546,,,,,,
RICK MCGILL S AIRPORT TOY  41061,T001T41061,NAICS,4411,,,USA,TN,UDS 4.0,2025-03-31,USD,Thousands,Consolidated,US GAAP,Audited,Annual,1051.098,,4796.17,,,,,9906.051,,,,,4832.551,,,,,10697.514,,83656.426,,,,468.37,,4240.701,134.716,,,,5585.791,
RICK MCGILL S AIRPORT TOY  41061,T001T41061,NAICS,4411,,,USA,TN,UDS 4.0,2024-03-31,USD,Thousands,Consolidated,US GAAP,Audited,Annual,,,,,,,,,,,,,,,,,,,,68385.443,,,,,,3584.636,,,,,,
SYCAMORE C D J R  12772  HONDA  12761  MBZ  12762  VOLVO CARS  12769,T001T12772,NAICS,4411,,,USA,IL,UDS 4.0,2021-11-30,USD,Thousands,Consolidated,US GAAP,Audited,Annual,5152.336,,4618.375,,,,,17380.818,,,,,3888.506,,,,,4132.622,,54897.026,,,,241.555,,2794.745,109.71,,,,3294.68,
SYCAMORE C D J R  12772  HONDA  12761  MBZ  12762  VOLVO CARS  12769,T001T12772,NAICS,4411,,,USA,IL,UDS 4.0,2020-11-30,USD,Thousands,Consolidated,US GAAP,Audited,Annual,,,,,,,,,,,,,,,,,,,,44707.324,,,,,,445.034,,,,,,
TOYOTA OF LAKE CITY  46094,T001T46094,NAICS,4411,,,USA,WA,UDS 4.0,2025-03-31,USD,Thousands,Consolidated,US GAAP,Audited,Annual,8259.589,,4983.624,,,,,38445.377,,,,,8217.99,,,,,23623.772,,133714.275,,,,760.71,,5932.659,333.6,,,,8399.855,
TOYOTA OF LAKE CITY  46094,T001T46094,NAICS,4411,,,USA,WA,UDS 4.0,2024-03-31,USD,Thousands,Consolidated,US GAAP,Audited,Annual,,,,,,,,,,,,,,,,,,,,119981.534,,,,,,6243.218,,,,,,
LOVING TOYOTA  42259,T001T42259,NAICS,4411,,,USA,TX,UDS 4.0,2025-03-31,USD,Thousands,Consolidated,US GAAP,Audited,Annual,8321.724,,3115.494,,,,,13662.967,,,,,3161.182,,,,,606.911,,44958.257,,,,128.701,,1153.906,78.531,,,,2328.896,
LOVING TOYOTA  42259,T001T42259,NAICS,4411,,,USA,TX,UDS 4.0,2024-03-31,USD,Thousands,Consolidated,US GAAP,Audited,Annual,,,,,,,,,,,,,,,,,,,,43358.885,,,,,,1518.161,,,,,,
THURSTON HONDA  54657,T001T54657,NAICS,4411,,,USA,CA,UDS 4.0,2025-03-31,USD,Thousands,Consolidated,US GAAP,Audited,Annual,3679.02,,3255.085,,,,,7855.756,,,,,2699.7,,,,,4224.233,,20793.335,,,,67.267,,540.982,67.267,,,,531.471,
THURSTON HONDA  54657,T001T54657,NAICS,4411,,,USA,CA,UDS 4.0,2024-03-31,USD,Thousands,Consolidated,US GAAP,Audited,Annual,,,,,,,,,,,,,,,,,,,,17067.556,,,,,,241.261,,,,,,
DON JOSEPH TOYOTA,T001T34037,NAICS,4411,,,USA,OH,UDS 4.0,2021-10-31,USD,Thousands,Consolidated,US GAAP,Audited,Annual,635.313,,0.0,,,,,1.0,,,,,343.102,,,,,1145.185,,47881.7472,,,,311.0388,,705.5712,223.3596,,,,8537.6568,
DON JOSEPH TOYOTA,T001T34037,NAICS,4411,,,USA,OH,UDS 4.0,2020-10-31,USD,Thousands,Consolidated,US GAAP,Audited,Annual,,,,,,,,,,,,,,,,,,,,43057.477,,,,,,-382.737,,,,,,
EMPIRE TOYOTA OF HUNTINGTON  31179,T001T31179,NAICS,4411,,,USA,NY,UDS 4.0,2025-03-31,USD,Thousands,Consolidated,US GAAP,Audited,Annual,4588.305,,3994.959,,,,,25432.307,,,,,7963.671,,,,,2975.741,,104639.238,,,,747.254,,-1072.016,198.654,,,,3001.067,
EMPIRE TOYOTA OF HUNTINGTON  31179,T001T31179,NAICS,4411,,,USA,NY,UDS 4.0,2024-03-31,USD,Thousands,Consolidated,US GAAP,Audited,Annual,,,,,,,,,,,,,,,,,,,,94718.791,,,,,,-276.893,,,,,,
BEECHMONT TOYOTA  34078,T001T34078,NAICS,4411,,,USA,OH,UDS 4.0,2025-03-31,USD,Thousands,Consolidated,US GAAP,Audited,Annual,6478.302,,5144.333,,,,,18510.478,,,,,5503.429,,,,,12673.75,,83519.192,,,,442.41,,998.349,313.414,,,,2338.075,
BEECHMONT TOYOTA  34078,T001T34078,NAICS,4411,,,USA,OH,UDS 4.0,2024-03-31,USD,Thousands,Consolidated,US GAAP,Audited,Annual,,,,,,,,,,,,,,,,,,,,86957.34,,,,,,1183.047,,,,,,
MARTHALER TOYOTA  48069  HONDA  48790  OF ASHLAND,T001T48069,NAICS,4411,,,USA,WI,UDS 4.0,2025-03-31,USD,Thousands,Consolidated,US GAAP,Audited,Annual,533.298,,3831.575,,,,,11694.393,,,,,3881.731,,,,,0.021,,42953.605,,,,155.506,,405.106,42.924,,,,1137.348,
MARTHALER TOYOTA  48069  HONDA  48790  OF ASHLAND,T001T48069,NAICS,4411,,,USA,WI,UDS 4.0,2024-03-31,USD,Thousands,Consolidated,US GAAP,Audited,Annual,,,,,,,,,,,,,,,,,,,,49119.649,,,,,,1307.472,,,,,,
PEARSON TOYOTA  45039,T001T45039,NAICS,4411,,,USA,VA,UDS 4.0,2025-03-31,USD,Thousands,Consolidated,US GAAP,Audited,Annual,9338.793,,5225.38,,,,,16052.421,,,,,3785.882,,,,,11661.574,,61994.384,,,,106.169,,-126.872,41.229,,,,1289.983,
PEARSON TOYOTA  45039,T001T45039,NAICS,4411,,,USA,VA,UDS 4.0,2024-03-31,USD,Thousands,Consolidated,US GAAP,Audited,Annual,,,,,,,,,,,,,,,,,,,,59394.089,,,,,,101.206,,,,,,
TOYOTA OF VALLEJO,T001T04292,NAICS,4411,,,USA,CA,UDS 4.0,2025-03-31,USD,Thousands,Consolidated,US GAAP,Audited,Annual,5720.863,,4170.159,,,,,18600.555,,,,,6276.817,,,,,27972.256,,95039.11,,,,541.115,,3696.299,261.688,,,,4255.236,
TOYOTA OF VALLEJO,T001T04292,NAICS,4411,,,USA,CA,UDS 4.0,2024-03-31,USD,Thousands,Consolidated,US GAAP,Audited,Annual,,,,,,,,,,,,,,,,,,,,92627.9,,,,,,4086.863,,,,,,
LARICHE TOYOTA,T001T34088,NAICS,4411,,,USA,OH,UDS 4.0,2021-05-31,USD,Thousands,Consolidated,US GAAP,Audited,Annual,1313.794,,1951.572,,,,,4341.048,,,,,1888.31,,,,,-244.216,,34691.292,,,,91.5144,,340.8216,79.668,,,,1021.44,
LARICHE TOYOTA,T001T34088,NAICS,4411,,,USA,OH,UDS 4.0,2020-05-31,USD,Thousands,Consolidated,US GAAP,Audited,Annual,,,,,,,,,,,,,,,,,,,,29295.173,,,,,,-425.655,,,,,,
COURTESY FORD  11988  LINCOLN  11987,T001T11988,NAICS,4411,,,USA,ID,UDS 4.0,2025-03-31,USD,Thousands,Consolidated,US GAAP,Audited,Annual,1067.893,,11358.107,,,,,20246.189,,,,,11408.871,,,,,7885.0,,58198.129,,,,67.254,,290.406,208.009,,,,761.253,
COURTESY FORD  11988  LINCOLN  11987,T001T11988,NAICS,4411,,,USA,ID,UDS 4.0,2024-03-31,USD,Thousands,Consolidated,US GAAP,Audited,Annual,,,,,,,,,,,,,,,,,,,,52080.929,,,,,,698.111,,,,,,
HANLEES HILLTOP TOYOTA  04022,T001T04022,NAICS,4411,,,USA,CA,UDS 4.0,2025-03-31,USD,Thousands,Consolidated,US GAAP,Audited,Annual,5775.414,,4273.478,,,,,14715.635,,,,,7304.83,,,,,17318.775,,71452.655,,,,218.971,,786.785,125.024,,,,3476.515,
HANLEES HILLTOP TOYOTA  04022,T001T04022,NAICS,4411,,,USA,CA,UDS 4.0,2024-03-31,USD,Thousands,Consolidated,US GAAP,Audited,Annual,,,,,,,,,,,,,,,,,,,,62955.86,,,,,,1912.739,,,,,,
BMW OF EUGENE  36785,T001T36785,NAICS,4411,,,USA,OR,UDS 4.0,2025-03-31,USD,Thousands,Consolidated,US GAAP,Audited,Annual,60.933,,11814.848,,,,,19979.26,,,,,11149.597,,,,,4135.443,,63724.613,,,,58.459,,-1555.504,317.409,,,,882.776,
BMW OF EUGENE  36785,T001T36785,NAICS,4411,,,USA,OR,UDS 4.0,2024-03-31,USD,Thousands,Consolidated,US GAAP,Audited,Annual,,,,,,,,,,,,,,,,,,,,60064.083,,,,,,-2225.226,,,,,,
DOC S TOYOTA  23074,T001T23074,NAICS,4411,,,USA,MS,UDS 4.0,2025-03-31,USD,Thousands,Consolidated,US GAAP,Audited,Annual,1348.094,,2834.442,,,,,7164.593,,,,,2594.602,,,,,3544.824,,32301.643,,,,167.63,,-724.229,43.552,,,,613.976,
DOC S TOYOTA  23074,T001T23074,NAICS,4411,,,USA,MS,UDS 4.0,2024-03-31,USD,Thousands,Consolidated,US GAAP,Audited,Annual,,,,,,,,,,,,,,,,,,,,37554.805,,,,,,-461.142,,,,,,
CENTRAL MAINE FORD  18870   MANUAL ENTRY,T001T18870,NAICS,4411,,,USA,ME,UDS 4.0,2025-03-31,USD,Thousands,Consolidated,US GAAP,Audited,Annual,1479.166,,5924.575,,,,,9630.054,,,,,7217.459,,,,,-150.336,,23435.664,,,,155.952,,-645.352,170.604,,,,0.0,
HEISER TOYOTA  48036,T001T48036,NAICS,4411,,,USA,WI,UDS 4.0,2025-03-31,USD,Thousands,Consolidated,US GAAP,Audited,Annual,2906.199,,3729.405,,,,,15314.345,,,,,2539.212,,,,,13288.958,,68933.288,,,,310.949,,-879.153,251.481,,,,1096.61,
HEISER TOYOTA  48036,T001T48036,NAICS,4411,,,USA,WI,UDS 4.0,2024-03-31,USD,Thousands,Consolidated,US GAAP,Audited,Annual,,,,,,,,,,,,,,,,,,,,71815.983,,,,,,-486.799,,,,,,
WILLS TOYOTA  11009,T001T11009,NAICS,4411,,,USA,ID,UDS 4.0,2025-03-31,USD,Thousands,Consolidated,US GAAP,Audited,Annual,3217.007,,8145.181,,,,,17427.572,,,,,2371.905,,,,,21965.603,,65104.011,,,,416.649,,4510.829,114.573,,,,5851.152,
WILLS TOYOTA  11009,T001T11009,NAICS,4411,,,USA,ID,UDS 4.0,2024-03-31,USD,Thousands,Consolidated,US GAAP,Audited,Annual,,,,,,,,,,,,,,,,,,,,64163.733,,,,,,5018.103,,,,,,
TOYOTA WALNUT CREEK  04051,T001T04051,NAICS,4411,,,USA,CA,UDS 4.0,2025-03-31,USD,Thousands,Consolidated,US GAAP,Audited,Annual,1904.039,,8705.077,,,,,34340.741,,,,,12635.182,,,,,5517.57,,223960.392,,,,1383.397,,5968.661,467.506,,,,9503.568,
TOYOTA WALNUT CREEK  04051,T001T04051,NAICS,4411,,,USA,CA,UDS 4.0,2024-03-31,USD,Thousands,Consolidated,US GAAP,Audited,Annual,,,,,,,,,,,,,,,,,,,,190342.066,,,,,,4855.198,,,,,,
PAT LOBB TOYOTA MCKINNEY  42295,T001T42295,NAICS,4411,,,USA,TX,UDS 4.0,2025-03-31,USD,Thousands,Consolidated,US GAAP,Audited,Annual,13400.265,,20929.139,,,,,50493.167,,,,,37943.682,,,,,111150.476,,336403.412,,,,380.204,,6261.85,3.033,,,,13479.398,
PAT LOBB TOYOTA MCKINNEY  42295,T001T42295,NAICS,4411,,,USA,TX,UDS 4.0,2024-03-31,USD,Thousands,Consolidated,US GAAP,Audited,Annual,,,,,,,,,,,,,,,,,,,,241279.1,,,,,,7046.674,,,,,,
JOHNSTONS TOYOTA  31011,T001T31011,NAICS,4411,,,USA,NY,UDS 4.0,2025-03-31,USD,Thousands,Consolidated,US GAAP,Audited,Annual,10615.633,,7901.18,,,,,23607.086,,,,,3906.528,,,,,18948.102,,90722.871,,,,295.732,,-656.389,192.917,,,,728.201,
JOHNSTONS TOYOTA  31011,T001T31011,NAICS,4411,,,USA,NY,UDS 4.0,2024-03-31,USD,Thousands,Consolidated,US GAAP,Audited,Annual,,,,,,,,,,,,,,,,,,,,102566.877,,,,,,1333.899,,,,,,
ORR TOYOTA  03069,T001T03069,NAICS,4411,,,USA,AR,UDS 4.0,2025-03-31,USD,Thousands,Consolidated,US GAAP,Audited,Annual,3129.875,,1481.432,,,,,9619.312,,,,,4529.469,,,,,2779.08,,35005.416,,,,70.584,,341.741,101.606,,,,1274.574,
ORR TOYOTA  03069,T001T03069,NAICS,4411,,,USA,AR,UDS 4.0,2024-03-31,USD,Thousands,Consolidated,US GAAP,Audited,Annual,,,,,,,,,,,,,,,,,,,,35581.776,,,,,,414.04,,,,,,
COPELAND CHEVY HYANNIS  20769,T001T20769,NAICS,4411,,,USA,MA,UDS 4.0,2025-03-31,USD,Thousands,Consolidated,US GAAP,Audited,Annual,679.89,,6240.57,,,,,12737.779,,,,,6536.343,,,,,4747.595,,52877.937,,,,320.266,,58.244,157.198,,,,933.201,
COPELAND CHEVY HYANNIS  20769,T001T20769,NAICS,4411,,,USA,MA,UDS 4.0,2024-03-31,USD,Thousands,Consolidated,US GAAP,Audited,Annual,,,,,,,,,,,,,,,,,,,,52781.519,,,,,,607.293,,,,,,
MASERATI WAL CREEK  54984  BENTLEY  54983  ALFA  54985  ASTON  54840  MCLAREN  54841  LAMBO  54732,T001T54984,NAICS,4411,,,USA,CA,UDS 4.0,2025-03-31,USD,Thousands,Consolidated,US GAAP,Audited,Annual,2336.435,,21166.414,,,,,37125.654,,,,,23846.066,,,,,-1724.127,,94875.602,,,,523.24,,720.257,1116.167,,,,2326.874,
MASERATI WAL CREEK  54984  BENTLEY  54983  ALFA  54985  ASTON  54840  MCLAREN  54841  LAMBO  54732,T001T54984,NAICS,4411,,,USA,CA,UDS 4.0,2024-03-31,USD,Thousands,Consolidated,US GAAP,Audited,Annual,,,,,,,,,,,,,,,,,,,,79014.447,,,,,,-739.084,,,,,,
HERRIN GEAR TOYOTA,T001T23037,NAICS,4411,,,USA,MS,UDS 4.0,2021-06-30,USD,Thousands,Consolidated,US GAAP,Audited,Annual,10165.935,,3403.288,,,,,17735.447,,,,,5462.826,,,,,19341.347,,87659.892,,,,468.782,,4361.852,317.544,,,,1094.868,
HERRIN GEAR TOYOTA,T001T23037,NAICS,4411,,,USA,MS,UDS 4.0,2020-06-30,USD,Thousands,Consolidated,US GAAP,Audited,Annual,,,,,,,,,,,,,,,,,,,,75911.894,,,,,,1638.593,,,,,,
LUV TOYOTA  31141,T001T31141,NAICS,4411,,,USA,NY,UDS 4.0,2025-03-31,USD,Thousands,Consolidated,US GAAP,Audited,Annual,1423.458,,4091.483,,,,,8794.11,,,,,6029.944,,,,,211.776,,34277.52,,,,163.932,,1578.354,369.23,,,,1907.964,
LUV TOYOTA  31141,T001T31141,NAICS,4411,,,USA,NY,UDS 4.0,2024-03-31,USD,Thousands,Consolidated,US GAAP,Audited,Annual,,,,,,,,,,,,,,,,,,,,43070.838,,,,,,2565.713,,,,,,
LEXUS SANTA MONICA  60406,T001T60406,NAICS,4411,,,USA,CA,UDS 4.0,2025-03-31,USD,Thousands,Consolidated,US GAAP,Audited,Annual,8897.019,,5306.385,,,,,36542.77,,,,,12479.028,,,,,24002.671,,219814.412,,,,3165.649,,427.685,2547.862,,,,3641.781,
LEXUS SANTA MONICA  60406,T001T60406,NAICS,4411,,,USA,CA,UDS 4.0,2024-03-31,USD,Thousands,Consolidated,US GAAP,Audited,Annual,,,,,,,,,,,,,,,,,,,,201800.721,,,,,,1660.582,,,,,,
TOYOTA OF ARDMORE  35065,T001T35065,NAICS,4411,,,USA,OK,UDS 4.0,2025-03-31,USD,Thousands,Consolidated,US GAAP,Audited,Annual,1188.884,,1897.714,,,,,4947.484,,,,,2188.609,,,,,4976.128,,28212.97,,,,8.583,,208.311,12.898,,,,1321.608,
TOYOTA OF ARDMORE  35065,T001T35065,NAICS,4411,,,USA,OK,UDS 4.0,2024-03-31,USD,Thousands,Consolidated,US GAAP,Audited,Annual,,,,,,,,,,,,,,,,,,,,30772.603,,,,,,762.78,,,,,,
SHEEHY LEXUS OF ANNAPOLIS  61904,T001T61904,NAICS,4411,,,USA,MD,UDS 4.0,2025-03-31,USD,Thousands,Consolidated,US GAAP,Audited,Annual,25750.973,,6833.518,,,,,49123.359,,,,,16426.867,,,,,29318.158,,178646.199,,,,2249.221,,6421.607,1302.839,,,,12486.743,
SHEEHY LEXUS OF ANNAPOLIS  61904,T001T61904,NAICS,4411,,,USA,MD,UDS 4.0,2024-03-31,USD,Thousands,Consolidated,US GAAP,Audited,Annual,,,,,,,,,,,,,,,,,,,,162700.249,,,,,,5523.862,,,,,,
TOYOTA OF MASSAPEQUA  31191,T001T31191,NAICS,4411,,,USA,NY,UDS 4.0,2025-03-31,USD,Thousands,Consolidated,US GAAP,Audited,Annual,4439.321,,3839.393,,,,,12130.495,,,,,6088.566,,,,,0.0,,79048.304,,,,265.089,,-603.66,192.657,,,,2350.348,
TOYOTA OF MASSAPEQUA  31191,T001T31191,NAICS,4411,,,USA,NY,UDS 4.0,2024-03-31,USD,Thousands,Consolidated,US GAAP,Audited,Annual,,,,,,,,,,,,,,,,,,,,75748.309,,,,,,560.492,,,,,,
SHAPEN TOYOTA  42348,T001T42348,NAICS,4411,,,USA,TX,UDS 4.0,2025-03-31,USD,Thousands,Consolidated,US GAAP,Audited,Annual,375.737,,1472.922,,,,,3981.904,,,,,1721.854,,,,,2879.193,,20688.034,,,,150.716,,-431.578,18.836,,,,164.936,
SHAPEN TOYOTA  42348,T001T42348,NAICS,4411,,,USA,TX,UDS 4.0,2024-03-31,USD,Thousands,Consolidated,US GAAP,Audited,Annual,,,,,,,,,,,,,,,,,,,,22383.545,,,,,,-292.435,,,,,,
OURISMAN FAIRFAX TOYOTA  45055,T001T45055,NAICS,4411,,,USA,VA,UDS 4.0,2025-03-31,USD,Thousands,Consolidated,US GAAP,Audited,Annual,6737.821,,5559.116,,,,,25455.912,,,,,7584.533,,,,,13113.026,,110371.99,,,,735.262,,3997.361,441.309,,,,6306.084,
OURISMAN FAIRFAX TOYOTA  45055,T001T45055,NAICS,4411,,,USA,VA,UDS 4.0,2024-03-31,USD,Thousands,Consolidated,US GAAP,Audited,Annual,,,,,,,,,,,,,,,,,,,,98977.184,,,,,,3643.03,,,,,,
TEMECULA VALLEY LEXUS  60440,T001T60440,NAICS,4411,,,USA,CA,UDS 4.0,2025-03-31,USD,Thousands,Consolidated,US GAAP,Audited,Annual,8417.382,,4221.447,,,,,21867.04,,,,,7937.225,,,,,11860.79,,110698.18,,,,1674.187,,-996.477,1023.754,,,,4741.446,
TEMECULA VALLEY LEXUS  60440,T001T60440,NAICS,4411,,,USA,CA,UDS 4.0,2024-03-31,USD,Thousands,Consolidated,US GAAP,Audited,Annual,,,,,,,,,,,,,,,,,,,,107044.818,,,,,,-1031.904,,,,,,
STEVINSON HYUNDAI  05914,T001T05914,NAICS,4411,,,USA,CO,UDS 4.0,2021-11-30,USD,Thousands,Consolidated,US GAAP,Audited,Annual,954.352,,1182.728,,,,,4385.099,,,,,284.531,,,,,-193.768,,26526.568,,,,248.832,,812.93,229.631,,,,1335.002,
STEVINSON HYUNDAI  05914,T001T05914,NAICS,4411,,,USA,CO,UDS 4.0,2020-11-30,USD,Thousands,Consolidated,US GAAP,Audited,Annual,,,,,,,,,,,,,,,,,,,,26784.118,,,,,,-389.409,,,,,,
DAVE WILSON AUTOMOTIVE  00258  10K 10Q,T001T00258,NAICS,4411,,,USA,MA,UDS 4.0,2024-06-30,USD,Thousands,Consolidated,US GAAP,Audited,Annual,138103.556,,189642.791,,,,,610434.427,,,,,398731.178,,,,,88328.633,,2461139.474,,,,21067.249,,38663.796,4568.215,,,,161366.157,
DAVE WILSON AUTOMOTIVE  00258  10K 10Q,T001T00258,NAICS,4411,,,USA,MA,UDS 4.0,2023-06-30,USD,Thousands,Consolidated,US GAAP,Audited,Annual,,,,,,,,,,,,,,,,,,,,2968314.0,,,,,,81005.0,,,,,,
JAGUAR  54881  LAND ROVER  54880  CERRITOS,T001T54880,NAICS,4411,,,USA,CA,UDS 4.0,2025-03-31,USD,Thousands,Consolidated,US GAAP,Audited,Annual,119.737,,28117.018,,,,,64715.603,,,,,28827.892,,,,,3589.148,,90618.588,,,,180.916,,-3167.384,1103.316,,,,1648.48,
STEVINSON PORSCHE  05861  JAGUAR  05862,T001T05861,NAICS,4411,,,USA,CO,UDS 4.0,2021-10-31,USD,Thousands,Consolidated,US GAAP,Audited,Annual,5379.588,,5951.847,,,,,18194.24,,,,,7805.057,,,,,7691.4,,101782.5,,,,157.471,,3208.61,128.634,,,,3571.28,
STEVINSON PORSCHE  05861  JAGUAR  05862,T001T05861,NAICS,4411,,,USA,CO,UDS 4.0,2020-10-31,USD,Thousands,Consolidated,US GAAP,Audited,Annual,,,,,,,,,,,,,,,,,,,,76678.457,,,,,,-7.457,,,,,,
PRIORITY INFINITI  45546,T001T45546,NAICS,4411,,,USA,VA,UDS 4.0,2023-04-30,USD,Thousands,Consolidated,US GAAP,Audited,Annual,639.563,,4028.823,,,,,7763.901,,,,,4870.93,,,,,-306.328,,18847.857,,,,206.381,,-56.641,148.781,,,,45.991,
PRIORITY INFINITI  45546,T001T45546,NAICS,4411,,,USA,VA,UDS 4.0,2022-04-30,USD,Thousands,Consolidated,US GAAP,Audited,Annual,,,,,,,,,,,,,,,,,,,,17407.806,,,,,,125.407,,,,,,
JOSEPH AIRPORT TOYOTA  34077,T001T34077,NAICS,4411,,,USA,OH,UDS 4.0,2025-03-31,USD,Thousands,Consolidated,US GAAP,Audited,Annual,3962.969,,5040.026,,,,,18465.4,,,,,3988.53,,,,,14390.287,,70409.713,,,,529.128,,1158.018,253.213,,,,2858.846,
JOSEPH AIRPORT TOYOTA  34077,T001T34077,NAICS,4411,,,USA,OH,UDS 4.0,2024-03-31,USD,Thousands,Consolidated,US GAAP,Audited,Annual,,,,,,,,,,,,,,,,,,,,67854.421,,,,,,1813.537,,,,,,
NORTH KNOXVILLE CDJR  41727,T001T41727,NAICS,4411,,,USA,TN,UDS 4.0,2025-03-31,USD,Thousands,Consolidated,US GAAP,Audited,Annual,1774.405,,13060.274,,,,,20476.461,,,,,15412.223,,,,,3810.946,,91545.064,,,,487.775,,-1949.959,689.468,,,,1549.803,
NORTH KNOXVILLE CDJR  41727,T001T41727,NAICS,4411,,,USA,TN,UDS 4.0,2024-03-31,USD,Thousands,Consolidated,US GAAP,Audited,Annual,,,,,,,,,,,,,,,,,,,,80193.245,,,,,,-1990.286,,,,,,
CARVER TOYOTA OF COLUMBUS  13066,T001T13066,NAICS,4411,,,USA,IN,UDS 4.0,2025-03-31,USD,Thousands,Consolidated,US GAAP,Audited,Annual,3087.592,,4395.25,,,,,11277.528,,,,,4254.038,,,,,0.0,,69318.584,,,,219.448,,2877.931,121.337,,,,4362.641,
CARVER TOYOTA OF COLUMBUS  13066,T001T13066,NAICS,4411,,,USA,IN,UDS 4.0,2024-03-31,USD,Thousands,Consolidated,US GAAP,Audited,Annual,,,,,,,,,,,,,,,,,,,,69510.821,,,,,,3193.91,,,,,,
FERNELIUS TOYOTA  21108  CHRYSLER DODGE  21837,T001T21108,NAICS,4411,,,USA,MI,UDS 4.0,2025-03-31,USD,Thousands,Consolidated,US GAAP,Audited,Annual,312.894,,2540.571,,,,,4805.744,,,,,3461.473,,,,,140.814,,35681.575,,,,31.16,,249.563,20.98,,,,723.725,
FERNELIUS TOYOTA  21108  CHRYSLER DODGE  21837,T001T21108,NAICS,4411,,,USA,MI,UDS 4.0,2024-03-31,USD,Thousands,Consolidated,US GAAP,Audited,Annual,,,,,,,,,,,,,,,,,,,,37095.236,,,,,,337.59,,,,,,
TOYOTA ON NICHOLASVILLE  16056,T001T16056,NAICS,4411,,,USA,KY,UDS 4.0,2025-03-31,USD,Thousands,Consolidated,US GAAP,Audited,Annual,1894.14,,4961.031,,,,,14858.47,,,,,8390.622,,,,,-5888.387,,134896.192,,,,723.149,,-3632.372,325.16,,,,1503.457,
TOYOTA ON NICHOLASVILLE  16056,T001T16056,NAICS,4411,,,USA,KY,UDS 4.0,2024-03-31,USD,Thousands,Consolidated,US GAAP,Audited,Annual,,,,,,,,,,,,,,,,,,,,127837.149,,,,,,-2434.798,,,,,,
ENVISION TOYOTA OF NORWALK  04285,T001T04285,NAICS,4411,,,USA,CA,UDS 4.0,2025-03-31,USD,Thousands,Consolidated,US GAAP,Audited,Annual,502.03,,6579.603,,,,,38855.175,,,,,16042.06,,,,,5147.443,,116563.475,,,,706.091,,-7350.742,48.367,,,,174.54,
ENVISION TOYOTA OF NORWALK  04285,T001T04285,NAICS,4411,,,USA,CA,UDS 4.0,2024-03-31,USD,Thousands,Consolidated,US GAAP,Audited,Annual,,,,,,,,,,,,,,,,,,,,121359.191,,,,,,-5846.692,,,,,,
SWICKARD TOYOTA 101  54002,T001T54002,NAICS,4411,,,USA,CA,UDS 4.0,2025-03-31,USD,Thousands,Consolidated,US GAAP,Audited,Annual,105.875,,5402.866,,,,,35584.48,,,,,5042.248,,,,,75.979,,93927.928,,,,419.424,,-1570.232,423.62,,,,1650.068,
PURDY YOURDRIVE  42562,T001T42562,NAICS,4411,,,USA,TX,UDS 4.0,2022-03-31,USD,Thousands,Consolidated,US GAAP,Audited,Annual,33.772,,245.131,,,,,286.291,,,,,206.643,,,,,107.253,,0.0,,,,0.0,,-95.43,0.0,,,,0.0,
PURDY YOURDRIVE  42562,T001T42562,NAICS,4411,,,USA,TX,UDS 4.0,2021-03-31,USD,Thousands,Consolidated,US GAAP,Audited,Annual,,,,,,,,,,,,,,,,,,,,16.46936,,,,,,-181.55349,,,,,,
UMANSKY SUBARU CHARLOTTESVILLE  45689,T001T45689,NAICS,4411,,,USA,VA,UDS 4.0,2023-02-28,USD,Thousands,Consolidated,US GAAP,Audited,Annual,981.06,,1948.625,,,,,5816.725,,,,,2872.535,,,,,0.0,,33709.777,,,,66.786,,1558.126,46.063,,,,2443.06,
UMANSKY SUBARU CHARLOTTESVILLE  45689,T001T45689,NAICS,4411,,,USA,VA,UDS 4.0,2022-02-28,USD,Thousands,Consolidated,US GAAP,Audited,Annual,,,,,,,,,,,,,,,,,,,,37140.367,,,,,,2220.914,,,,,,
FOX TOYOTA OF EL PASO  42219  FOX LEXUS OF EL PASO  64208,T001T42219,NAICS,4411,,,USA,TX,UDS 4.0,2025-03-31,USD,Thousands,Consolidated,US GAAP,Audited,Annual,5993.85,,18247.472,,,,,37911.701,,,,,20530.157,,,,,0.0,,249411.855,,,,1223.027,,8707.883,1098.167,,,,14063.107,
FOX TOYOTA OF EL PASO  42219  FOX LEXUS OF EL PASO  64208,T001T42219,NAICS,4411,,,USA,TX,UDS 4.0,2024-03-31,USD,Thousands,Consolidated,US GAAP,Audited,Annual,,,,,,,,,,,,,,,,,,,,248600.028,,,,,,11710.42,,,,,,
NORTHRIDGE TOYOTA  04244,T001T04244,NAICS,4411,,,USA,CA,UDS 4.0,2025-03-31,USD,Thousands,Consolidated,US GAAP,Audited,Annual,3691.2,,7487.117,,,,,60194.618,,,,,15550.796,,,,,18117.548,,188792.119,,,,639.023,,1861.526,89.332,,,,8859.133,
NORTHRIDGE TOYOTA  04244,T001T04244,NAICS,4411,,,USA,CA,UDS 4.0,2024-03-31,USD,Thousands,Consolidated,US GAAP,Audited,Annual,,,,,,,,,,,,,,,,,,,,132608.048,,,,,,-632.004,,,,,,
J  ALLEN TOYOTA  23052,T001T23052,NAICS,4411,,,USA,MS,UDS 4.0,2025-03-31,USD,Thousands,Consolidated,US GAAP,Audited,Annual,3425.403,,5505.002,,,,,33122.685,,,,,14205.222,,,,,27732.6,,125096.114,,,,257.123,,357.656,164.892,,,,4708.44,
J  ALLEN TOYOTA  23052,T001T23052,NAICS,4411,,,USA,MS,UDS 4.0,2024-03-31,USD,Thousands,Consolidated,US GAAP,Audited,Annual,,,,,,,,,,,,,,,,,,,,125563.936,,,,,,1904.8,,,,,,
SULLIVAN BROTHERS TOYOTA  20111,T001T20111,NAICS,4411,,,USA,MA,UDS 4.0,2025-03-31,USD,Thousands,Consolidated,US GAAP,Audited,Annual,3947.54,,5389.94,,,,,15881.202,,,,,8041.772,,,,,5467.791,,81983.913,,,,166.601,,3505.097,2.18,,,,4932.246,
SULLIVAN BROTHERS TOYOTA  20111,T001T20111,NAICS,4411,,,USA,MA,UDS 4.0,2024-03-31,USD,Thousands,Consolidated,US GAAP,Audited,Annual,,,,,,,,,,,,,,,,,,,,70897.836,,,,,,3263.466,,,,,,
OXFORD TOYOTA  23054,T001T23054,NAICS,4411,,,USA,MS,UDS 4.0,2025-03-31,USD,Thousands,Consolidated,US GAAP,Audited,Annual,1830.925,,2966.563,,,,,9783.794,,,,,3538.924,,,,,5425.476,,41582.88,,,,17.317,,-14.42,114.961,,,,737.456,
OXFORD TOYOTA  23054,T001T23054,NAICS,4411,,,USA,MS,UDS 4.0,2024-03-31,USD,Thousands,Consolidated,US GAAP,Audited,Annual,,,,,,,,,,,,,,,,,,,,35899.922,,,,,,253.019,,,,,,
MCGEE TOYOTA OF DUDLEY,T001T20142,NAICS,4411,,,USA,MA,UDS 4.0,2025-03-31,USD,Thousands,Consolidated,US GAAP,Audited,Annual,1649.1,,6514.832,,,,,17713.383,,,,,8115.892,,,,,6006.876,,60220.636,,,,123.852,,-197.476,30.944,,,,1154.236,
MCGEE TOYOTA OF DUDLEY,T001T20142,NAICS,4411,,,USA,MA,UDS 4.0,2024-03-31,USD,Thousands,Consolidated,US GAAP,Audited,Annual,,,,,,,,,,,,,,,,,,,,67238.772,,,,,,1082.729,,,,,,
FIVE STAR FORD LINCOLN  46704,T001T46704,NAICS,4411,,,USA,WA,UDS 4.0,2025-03-31,USD,Thousands,Consolidated,US GAAP,Audited,Annual,858.636,,6011.924,,,,,15429.653,,,,,6425.641,,,,,9074.38,,29070.576,,,,77.619,,818.659,409.452,,,,818.658,
FIVE STAR FORD LINCOLN  46704,T001T46704,NAICS,4411,,,USA,WA,UDS 4.0,2024-03-31,USD,Thousands,Consolidated,US GAAP,Audited,Annual,,,,,,,,,,,,,,,,,,,,30127.535,,,,,,892.639,,,,,,
AMIGO TOYOTA  30036,T001T30036,NAICS,4411,,,USA,NM,UDS 4.0,2025-03-31,USD,Thousands,Consolidated,US GAAP,Audited,Annual,2057.187,,1134.165,,,,,13045.91,,,,,5108.293,,,,,7727.568,,30706.399,,,,127.123,,127.893,62.611,,,,274.368,
AMIGO TOYOTA  30036,T001T30036,NAICS,4411,,,USA,NM,UDS 4.0,2024-03-31,USD,Thousands,Consolidated,US GAAP,Audited,Annual,,,,,,,,,,,,,,,,,,,,33833.867,,,,,,543.135,,,,,,
HONDA OF NEW ROCHELLE  31603,T001T31603,NAICS,4411,,,USA,NY,UDS 4.0,2025-03-31,USD,Thousands,Consolidated,US GAAP,Audited,Annual,10734.441,,19635.685,,,,,47711.261,,,,,22857.945,,,,,23139.977,,162428.409,,,,41.44,,6834.019,38.359,,,,6743.437,
HONDA OF NEW ROCHELLE  31603,T001T31603,NAICS,4411,,,USA,NY,UDS 4.0,2024-03-31,USD,Thousands,Consolidated,US GAAP,Audited,Annual,,,,,,,,,,,,,,,,,,,,151156.906,,,,,,9012.078,,,,,,
MAITA HONDA  54016,T001T54016,NAICS,4411,,,USA,CA,UDS 4.0,2022-03-31,USD,Thousands,Consolidated,US GAAP,Audited,Annual,5165.265,,4886.995,,,,,13849.07,,,,,3793.241,,,,,7640.376,,54034.97,,,,147.502,,2913.129,143.537,,,,3490.575,
MAITA HONDA  54016,T001T54016,NAICS,4411,,,USA,CA,UDS 4.0,2021-03-31,USD,Thousands,Consolidated,US GAAP,Audited,Annual,,,,,,,,,,,,,,,,,,,,50722.437,,,,,,590.974,,,,,,
THOMPSON LEXUS DOYLESTOWN  63702  WILLOW GROVE  63732,T001T63702,NAICS,4411,,,USA,PA,UDS 4.0,2025-03-31,USD,Thousands,Consolidated,US GAAP,Audited,Annual,9723.691,,5969.87,,,,,31855.203,,,,,9428.004,,,,,15755.488,,152861.591,,,,2077.769,,337.414,1778.809,,,,6291.385,
THOMPSON LEXUS DOYLESTOWN  63702  WILLOW GROVE  63732,T001T63702,NAICS,4411,,,USA,PA,UDS 4.0,2024-03-31,USD,Thousands,Consolidated,US GAAP,Audited,Annual,,,,,,,,,,,,,,,,,,,,151412.295,,,,,,-2630.506,,,,,,
TEJAS TOYOTA,T001T42119,NAICS,4411,,,USA,TX,UDS 4.0,2024-05-31,USD,Thousands,Consolidated,US GAAP,Audited,Annual,2176.228,,2416.15,,,,,6990.314,,,,,2074.454,,,,,11817.238,,45381.168,,,,142.6128,,-1123.6248,38.1984,,,,0.0,
TEJAS TOYOTA,T001T42119,NAICS,4411,,,USA,TX,UDS 4.0,2023-05-31,USD,Thousands,Consolidated,US GAAP,Audited,Annual,,,,,,,,,,,,,,,,,,,,52146.426,,,,,,1002.533,,,,,,
PLAZA TOYOTA  31156,T001T31156,NAICS,4411,,,USA,NY,UDS 4.0,2025-03-31,USD,Thousands,Consolidated,US GAAP,Audited,Annual,2438.424,,10277.882,,,,,26364.165,,,,,12750.632,,,,,3950.994,,96465.168,,,,244.328,,-1660.101,104.914,,,,1208.698,
PLAZA TOYOTA  31156,T001T31156,NAICS,4411,,,USA,NY,UDS 4.0,2024-03-31,USD,Thousands,Consolidated,US GAAP,Audited,Annual,,,,,,,,,,,,,,,,,,,,101795.672,,,,,,2412.441,,,,,,
GEE AUTOMOTIVE  00250  10K 10Q,T001T00250,NAICS,4411,,,USA,UT,UDS 4.0,2024-12-31,USD,Thousands,Consolidated,US GAAP,Audited,Annual,24096.713,,350753.563,,,,,1080443.257,,,,,508310.217,,,,,218483.637,,2254997.708,,,,42744.407,,37947.317,13816.986,,,,37557.527,
GEE AUTOMOTIVE  00250  10K 10Q,T001T00250,NAICS,4411,,,USA,UT,UDS 4.0,2023-12-31,USD,Thousands,Consolidated,US GAAP,Audited,Annual,,,,,,,,,,,,,,,,,,,,2128071.452,,,,,,60583.381,,,,,,
LEXUS OF ORLAND,T001T61201,NAICS,4411,,,USA,IL,UDS 4.0,2025-03-31,USD,Thousands,Consolidated,US GAAP,Audited,Annual,4306.265,,2978.88,,,,,17884.569,,,,,5121.64,,,,,42281.878,,80818.42,,,,871.155,,1187.114,724.87,,,,4432.63,
LEXUS OF ORLAND,T001T61201,NAICS,4411,,,USA,IL,UDS 4.0,2024-03-31,USD,Thousands,Consolidated,US GAAP,Audited,Annual,,,,,,,,,,,,,,,,,,,,76647.53,,,,,,1543.742,,,,,,
MAGUIRE NISSAN OF ITHACA  31551,T001T31551,NAICS,4411,,,USA,NY,UDS 4.0,2025-03-31,USD,Thousands,Consolidated,US GAAP,Audited,Annual,304.268,,2228.521,,,,,3420.151,,,,,2667.314,,,,,-148.971,,13980.54,,,,27.684,,-394.796,54.551,,,,0.0,
MAGUIRE NISSAN OF ITHACA  31551,T001T31551,NAICS,4411,,,USA,NY,UDS 4.0,2024-03-31,USD,Thousands,Consolidated,US GAAP,Audited,Annual,,,,,,,,,,,,,,,,,,,,17989.965,,,,,,-350.82,,,,,,
LEN STOLER LEXUS  61902  LEXUS OF TOWSON  61930,T001T61902,NAICS,4411,,,USA,MD,UDS 4.0,2025-03-31,USD,Thousands,Consolidated,US GAAP,Audited,Annual,32380.421,,5926.09,,,,,93683.309,,,,,22341.241,,,,,151261.287,,218642.461,,,,2120.482,,722.505,988.224,,,,11920.746,
LEN STOLER LEXUS  61902  LEXUS OF TOWSON  61930,T001T61902,NAICS,4411,,,USA,MD,UDS 4.0,2024-03-31,USD,Thousands,Consolidated,US GAAP,Audited,Annual,,,,,,,,,,,,,,,,,,,,221989.152,,,,,,3321.965,,,,,,
DAN CAVA S TOYOTA WORLD  47029,T001T47029,NAICS,4411,,,USA,WV,UDS 4.0,2025-03-31,USD,Thousands,Consolidated,US GAAP,Audited,Annual,5183.916,,12013.074,,,,,21034.903,,,,,10791.965,,,,,8564.533,,125630.613,,,,417.628,,685.558,395.693,,,,2849.835,
DAN CAVA S TOYOTA WORLD  47029,T001T47029,NAICS,4411,,,USA,WV,UDS 4.0,2024-03-31,USD,Thousands,Consolidated,US GAAP,Audited,Annual,,,,,,,,,,,,,,,,,,,,115997.049,,,,,,2552.798,,,,,,
PENN TOYOTA  31076,T001T31076,NAICS,4411,,,USA,NY,UDS 4.0,2025-03-31,USD,Thousands,Consolidated,US GAAP,Audited,Annual,11070.499,,4836.668,,,,,24813.424,,,,,5269.112,,,,,20841.475,,83289.552,,,,340.854,,1358.128,260.207,,,,3672.163,
PENN TOYOTA  31076,T001T31076,NAICS,4411,,,USA,NY,UDS 4.0,2024-03-31,USD,Thousands,Consolidated,US GAAP,Audited,Annual,,,,,,,,,,,,,,,,,,,,88337.367,,,,,,2805.234,,,,,,
KOLAR TOYOTA,T001T22034,NAICS,4411,,,USA,MN,UDS 4.0,2025-03-31,USD,Thousands,Consolidated,US GAAP,Audited,Annual,2700.941,,4329.692,,,,,8283.99,,,,,2985.644,,,,,2531.404,,57717.572,,,,250.51,,2669.44,155.401,,,,3210.278,
KOLAR TOYOTA,T001T22034,NAICS,4411,,,USA,MN,UDS 4.0,2024-03-31,USD,Thousands,Consolidated,US GAAP,Audited,Annual,,,,,,,,,,,,,,,,,,,,56546.921,,,,,,3740.429,,,,,,
PETERSON TOYOTA  11001  LEXUS  61101,T001T11001,NAICS,4411,,,USA,ID,UDS 4.0,2025-03-31,USD,Thousands,Consolidated,US GAAP,Audited,Annual,55950.772,,25082.261,,,,,171375.93,,,,,99533.071,,,,,59145.806,,336430.283,,,,1692.875,,10140.97,327.941,,,,17634.917,
PETERSON TOYOTA  11001  LEXUS  61101,T001T11001,NAICS,4411,,,USA,ID,UDS 4.0,2024-03-31,USD,Thousands,Consolidated,US GAAP,Audited,Annual,,,,,,,,,,,,,,,,,,,,355975.788,,,,,,5759.793,,,,,,
NEWBOLD TOYOTA,T001T12071,NAICS,4411,,,USA,IL,UDS 4.0,2025-03-31,USD,Thousands,Consolidated,US GAAP,Audited,Annual,3601.264,,3567.328,,,,,10683.5,,,,,5204.074,,,,,288.138,,95365.398,,,,488.297,,1363.457,384.977,,,,5125.143,
NEWBOLD TOYOTA,T001T12071,NAICS,4411,,,USA,IL,UDS 4.0,2024-03-31,USD,Thousands,Consolidated,US GAAP,Audited,Annual,,,,,,,,,,,,,,,,,,,,74237.571,,,,,,1527.551,,,,,,
MODESTO TOYOTA  54024,T001T54024,NAICS,4411,,,USA,CA,UDS 4.0,2025-03-31,USD,Thousands,Consolidated,US GAAP,Audited,Annual,2015.202,,7643.539,,,,,48247.129,,,,,10626.891,,,,,-38.983,,139604.536,,,,612.492,,2714.084,846.896,,,,3754.704,
PERRY MOTORS TOYOTA  04260  HONDA  54275,T001T04260,NAICS,4411,,,USA,CA,UDS 4.0,2025-03-31,USD,Thousands,Consolidated,US GAAP,Audited,Annual,1934.512,,2492.47,,,,,5450.839,,,,,1106.259,,,,,4850.468,,26645.055,,,,156.763,,1171.359,5.774,,,,906.306,
PERRY MOTORS TOYOTA  04260  HONDA  54275,T001T04260,NAICS,4411,,,USA,CA,UDS 4.0,2024-03-31,USD,Thousands,Consolidated,US GAAP,Audited,Annual,,,,,,,,,,,,,,,,,,,,30426.437,,,,,,1950.133,,,,,,
TOYOTA OF MADISON  13079,T001T13079,NAICS,4411,,,USA,IN,UDS 4.0,2025-03-31,USD,Thousands,Consolidated,US GAAP,Audited,Annual,681.494,,3865.14,,,,,14838.644,,,,,4314.514,,,,,164.106,,40463.54,,,,72.272,,3.436,243.708,,,,372.068,
BENNETT INFINITI ALLENTOWN  37799    SEPARATED FROM WILKES BARRE PER 070821 CAT APPROVAL,T001T37799,NAICS,4411,,,USA,PA,UDS 4.0,2024-11-30,USD,Thousands,Consolidated,US GAAP,Audited,Annual,1130.466,,4469.329,,,,,7469.834,,,,,4348.697,,,,,-1146.957,,18860.567,,,,14.675,,-1212.727,72.413,,,,0.0,
BENNETT INFINITI ALLENTOWN  37799    SEPARATED FROM WILKES BARRE PER 070821 CAT APPROVAL,T001T37799,NAICS,4411,,,USA,PA,UDS 4.0,2023-11-30,USD,Thousands,Consolidated,US GAAP,Audited,Annual,,,,,,,,,,,,,,,,,,,,15597.38,,,,,,-1267.975,,,,,,
FLOW LEXUS OF WINSTON SAL  63202  GREENSBORO  63230,T001T63202,NAICS,4411,,,USA,NC,UDS 4.0,2025-03-31,USD,Thousands,Consolidated,US GAAP,Audited,Annual,3684.729,,7971.301,,,,,18617.516,,,,,9345.504,,,,,40241.87,,189516.302,,,,1777.073,,6476.962,1541.969,,,,12922.692,
FLOW LEXUS OF WINSTON SAL  63202  GREENSBORO  63230,T001T63202,NAICS,4411,,,USA,NC,UDS 4.0,2024-03-31,USD,Thousands,Consolidated,US GAAP,Audited,Annual,,,,,,,,,,,,,,,,,,,,183648.119,,,,,,6193.965,,,,,,
HODGES MAZDA OF ST  AUGUSTINE  34736MZD,T001M34736,NAICS,4411,,,USA,OH,UDS 4.0,2025-03-31,USD,Thousands,Consolidated,US GAAP,Audited,Annual,500.4,,6537.621,,,,,10284.841,,,,,7182.57,,,,,3320.864,,27751.268,,,,0.0,,-3296.836,185.712,,,,0.0,
PRECISION TOY  OF TUCSON  02010,T001T02010,NAICS,4411,,,USA,AZ,UDS 4.0,2025-03-31,USD,Thousands,Consolidated,US GAAP,Audited,Annual,10430.827,,6659.852,,,,,63047.139,,,,,15831.815,,,,,71703.808,,200542.566,,,,1291.538,,9290.513,651.38,,,,16084.975,
PRECISION TOY  OF TUCSON  02010,T001T02010,NAICS,4411,,,USA,AZ,UDS 4.0,2024-03-31,USD,Thousands,Consolidated,US GAAP,Audited,Annual,,,,,,,,,,,,,,,,,,,,198800.041,,,,,,7903.347,,,,,,
JIMMY VASSER CHEVROLET  54272,T001T54272,NAICS,4411,,,USA,CA,UDS 4.0,2022-08-31,USD,Thousands,Consolidated,US GAAP,Audited,Annual,738.992,,1846.049,,,,,3710.381,,,,,3005.38,,,,,-6293.203,,21534.225,,,,128.18,,136.674,51.953,,,,1370.182,
JIMMY VASSER CHEVROLET  54272,T001T54272,NAICS,4411,,,USA,CA,UDS 4.0,2021-08-31,USD,Thousands,Consolidated,US GAAP,Audited,Annual,,,,,,,,,,,,,,,,,,,,22713.908,,,,,,-403.979,,,,,,
ANDERSON WEBER TOYOTA  14011,T001T14011,NAICS,4411,,,USA,IA,UDS 4.0,2025-03-31,USD,Thousands,Consolidated,US GAAP,Audited,Annual,776.996,,2303.383,,,,,5667.082,,,,,2143.06,,,,,3866.077,,52181.301,,,,229.757,,1521.446,179.915,,,,2231.145,
ANDERSON WEBER TOYOTA  14011,T001T14011,NAICS,4411,,,USA,IA,UDS 4.0,2024-03-31,USD,Thousands,Consolidated,US GAAP,Audited,Annual,,,,,,,,,,,,,,,,,,,,54329.371,,,,,,2078.781,,,,,,
CANOBIE LAKE TOYOTA  28041,T001T28041,NAICS,4411,,,USA,NH,UDS 4.0,2025-03-31,USD,Thousands,Consolidated,US GAAP,Audited,Annual,1816.142,,4783.706,,,,,35259.683,,,,,6086.358,,,,,2032.315,,92119.721,,,,505.303,,2202.892,78.318,,,,4659.974,
CANOBIE LAKE TOYOTA  28041,T001T28041,NAICS,4411,,,USA,NH,UDS 4.0,2024-03-31,USD,Thousands,Consolidated,US GAAP,Audited,Annual,,,,,,,,,,,,,,,,,,,,90441.306,,,,,,3217.645,,,,,,
WAITE MOTORSPORTS  LLC   MANUAL ENTRY   31609,T001T31609,NAICS,4411,,,USA,NY,UDS 4.0,2025-03-31,USD,Thousands,Consolidated,US GAAP,Audited,Annual,844.48526,,3355.28524,,,,,4244.52182,,,,,3129.7616,,,,,1108.42199,,6711.08121,,,,0.0,,75.47948,220.88139,,,,64.79249,
WAITE MOTORSPORTS  LLC   MANUAL ENTRY   31609,T001T31609,NAICS,4411,,,USA,NY,UDS 4.0,2024-03-31,USD,Thousands,Consolidated,US GAAP,Audited,Annual,,,,,,,,,,,,,,,,,,,,6470.23741,,,,,,159.32314,,,,,,
NORTHRIDGE TOYOTA  04059,T001T04059,NAICS,4411,,,USA,CA,UDS 4.0,2021-12-31,USD,Thousands,Consolidated,US GAAP,Audited,Annual,7448.068,,2838.265,,,,,13275.366,,,,,2287.24,,,,,8493.032,,100144.287,,,,973.91,,4873.374,476.072,,,,6782.02,
NORTHRIDGE TOYOTA  04059,T001T04059,NAICS,4411,,,USA,CA,UDS 4.0,2020-12-31,USD,Thousands,Consolidated,US GAAP,Audited,Annual,,,,,,,,,,,,,,,,,,,,92676.801,,,,,,1091.412,,,,,,
ATLANTIC TOYOTA  20093,T001T20093,NAICS,4411,,,USA,MA,UDS 4.0,2024-10-31,USD,Thousands,Consolidated,US GAAP,Audited,Annual,5313.886,,5777.17,,,,,13497.516,,,,,5826.078,,,,,4331.418,,85273.568,,,,603.942,,772.67,284.024,,,,2413.173,
ATLANTIC TOYOTA  20093,T001T20093,NAICS,4411,,,USA,MA,UDS 4.0,2023-10-31,USD,Thousands,Consolidated,US GAAP,Audited,Annual,,,,,,,,,,,,,,,,,,,,86848.35,,,,,,2666.817,,,,,,
VICTORY TOYOTA  34139  CDJR  34517  MARIETTA,T001T34139,NAICS,4411,,,USA,OH,UDS 4.0,2025-03-31,USD,Thousands,Consolidated,US GAAP,Audited,Annual,752.869,,4112.465,,,,,17530.108,,,,,5420.582,,,,,-156.32,,47429.396,,,,-3.415,,210.083,89.014,,,,519.515,
VICTORY TOYOTA  34139  CDJR  34517  MARIETTA,T001T34139,NAICS,4411,,,USA,OH,UDS 4.0,2024-03-31,USD,Thousands,Consolidated,US GAAP,Audited,Annual,,,,,,,,,,,,,,,,,,,,43257.372,,,,,,-262.948,,,,,,
TONY DIVINO TOYOTA  43019  FLEET  43848,T001T43019,NAICS,4411,,,USA,UT,UDS 4.0,2025-03-31,USD,Thousands,Consolidated,US GAAP,Audited,Annual,12097.132,,5935.969,,,,,24374.636,,,,,6350.634,,,,,50129.794,,345915.462,,,,924.926,,5443.477,741.987,,,,5687.061,
TONY DIVINO TOYOTA  43019  FLEET  43848,T001T43019,NAICS,4411,,,USA,UT,UDS 4.0,2024-03-31,USD,Thousands,Consolidated,US GAAP,Audited,Annual,,,,,,,,,,,,,,,,,,,,270890.132,,,,,,5304.016,,,,,,
CROWN TOYOTA  15051,T001T15051,NAICS,4411,,,USA,KS,UDS 4.0,2025-03-31,USD,Thousands,Consolidated,US GAAP,Audited,Annual,5886.36,,5200.83,,,,,14920.016,,,,,2831.873,,,,,23544.526,,73491.828,,,,92.162,,1246.678,150.077,,,,4900.175,
CROWN TOYOTA  15051,T001T15051,NAICS,4411,,,USA,KS,UDS 4.0,2024-03-31,USD,Thousands,Consolidated,US GAAP,Audited,Annual,,,,,,,,,,,,,,,,,,,,71373.329,,,,,,1355.248,,,,,,
CENTENNIAL SUBARU  27582,T001T27582,NAICS,4411,,,USA,NV,UDS 4.0,2025-03-31,USD,Thousands,Consolidated,US GAAP,Audited,Annual,6368.347,,7428.358,,,,,33990.661,,,,,8196.884,,,,,0.0,,78222.869,,,,509.008,,-1626.414,173.329,,,,550.558,
CENTENNIAL SUBARU  27582,T001T27582,NAICS,4411,,,USA,NV,UDS 4.0,2024-03-31,USD,Thousands,Consolidated,US GAAP,Audited,Annual,,,,,,,,,,,,,,,,,,,,67926.792,,,,,,-1168.084,,,,,,
GRAND BLANC TOYOTA,T001T21073,NAICS,4411,,,USA,MI,UDS 4.0,2021-09-30,USD,Thousands,Consolidated,US GAAP,Audited,Annual,472.063,,3221.8,,,,,9736.746,,,,,5694.584,,,,,5820.327,,68028.273333333,,,,82.042666667,,761.92,51.453333333,,,,3315.598666667,
GRAND BLANC TOYOTA,T001T21073,NAICS,4411,,,USA,MI,UDS 4.0,2020-09-30,USD,Thousands,Consolidated,US GAAP,Audited,Annual,,,,,,,,,,,,,,,,,,,,53413.636,,,,,,-430.912,,,,,,
CHECKERED FLAG TOYOTA  45009,T001T45009,NAICS,4411,,,USA,VA,UDS 4.0,2025-03-31,USD,Thousands,Consolidated,US GAAP,Audited,Annual,766.298,,6887.337,,,,,146496.785,,,,,85881.573,,,,,51890.912,,159200.017,,,,825.107,,5228.546,361.927,,,,7453.353,
CHECKERED FLAG TOYOTA  45009,T001T45009,NAICS,4411,,,USA,VA,UDS 4.0,2024-03-31,USD,Thousands,Consolidated,US GAAP,Audited,Annual,,,,,,,,,,,,,,,,,,,,129726.896,,,,,,5951.668,,,,,,
KOONS TOYOTA,T001T19026,NAICS,4411,,,USA,MD,UDS 4.0,2023-11-30,USD,Thousands,Consolidated,US GAAP,Audited,Annual,1634.879,,4979.743,,,,,9460.777,,,,,8368.367,,,,,632.55,,136241.257090909,,,,868.272,,5997.295636364,417.596727273,,,,8476.556727273,
KOONS TOYOTA,T001T19026,NAICS,4411,,,USA,MD,UDS 4.0,2022-11-30,USD,Thousands,Consolidated,US GAAP,Audited,Annual,,,,,,,,,,,,,,,,,,,,140412.308,,,,,,8858.088,,,,,,
BAXTER TOYOTA OF LINCOLN  26024,T001T26024,NAICS,4411,,,USA,NE,UDS 4.0,2025-03-31,USD,Thousands,Consolidated,US GAAP,Audited,Annual,2531.368,,6967.5,,,,,21773.101,,,,,10773.837,,,,,5682.041,,117467.55,,,,732.157,,2993.436,435.474,,,,4464.083,
BAXTER TOYOTA OF LINCOLN  26024,T001T26024,NAICS,4411,,,USA,NE,UDS 4.0,2024-03-31,USD,Thousands,Consolidated,US GAAP,Audited,Annual,,,,,,,,,,,,,,,,,,,,116287.941,,,,,,3130.138,,,,,,
JOHN O NEIL JOHNSON HYUNDAI  23957,T001T23957,NAICS,4411,,,USA,MS,UDS 4.0,2023-05-31,USD,Thousands,Consolidated,US GAAP,Audited,Annual,0.602,,2349.596,,,,,2915.933,,,,,2395.599,,,,,404.467,,13235.382,,,,105.145,,205.979,102.625,,,,367.911,
JOHN O NEIL JOHNSON HYUNDAI  23957,T001T23957,NAICS,4411,,,USA,MS,UDS 4.0,2022-05-31,USD,Thousands,Consolidated,US GAAP,Audited,Annual,,,,,,,,,,,,,,,,,,,,13365.912,,,,,,647.657,,,,,,
CROWN TOYOTA  12111,T001T12111,NAICS,4411,,,USA,IL,UDS 4.0,2025-03-31,USD,Thousands,Consolidated,US GAAP,Audited,Annual,731.691,,750.666,,,,,3944.286,,,,,2020.371,,,,,21931.917,,36496.973,,,,140.087,,1464.783,87.728,,,,1846.393,
CROWN TOYOTA  12111,T001T12111,NAICS,4411,,,USA,IL,UDS 4.0,2024-03-31,USD,Thousands,Consolidated,US GAAP,Audited,Annual,,,,,,,,,,,,,,,,,,,,39829.628,,,,,,1887.725,,,,,,
BRIAN BEMIS HONDA  NOW COMBINED ON C D J SYCAMORE STATEMENT,T001T12761,NAICS,4411,,,USA,IL,UDS 4.0,2010-07-31,USD,Thousands,Consolidated,US GAAP,Audited,Annual,,,9595.336,,,,,24070.158,,,,,6491.414,,,,,1299.712,,49910.808,,,,5.960571429,,530.828571429,191.153142857,,,,485.230285714,
MARSHALL FORD  16511,T001T16511,NAICS,4411,,,USA,KY,UDS 4.0,2025-03-31,USD,Thousands,Consolidated,US GAAP,Audited,Annual,533.931,,9028.856,,,,,12499.738,,,,,8630.692,,,,,-979.718,,28910.122,,,,0.0,,-763.772,216.954,,,,0.0,
MARSHALL FORD  16511,T001T16511,NAICS,4411,,,USA,KY,UDS 4.0,2024-03-31,USD,Thousands,Consolidated,US GAAP,Audited,Annual,,,,,,,,,,,,,,,,,,,,26653.924,,,,,,-1139.48,,,,,,
HANOVER TOYOTA  37138,T001T37138,NAICS,4411,,,USA,PA,UDS 4.0,2025-03-31,USD,Thousands,Consolidated,US GAAP,Audited,Annual,1368.502,,4755.246,,,,,10847.569,,,,,4498.439,,,,,6952.746,,69898.471,,,,354.029,,-48.366,172.834,,,,1647.956,
HANOVER TOYOTA  37138,T001T37138,NAICS,4411,,,USA,PA,UDS 4.0,2024-03-31,USD,Thousands,Consolidated,US GAAP,Audited,Annual,,,,,,,,,,,,,,,,,,,,64921.87,,,,,,-264.076,,,,,,
JOE MYERS TOYOTA  42270,T001T42270,NAICS,4411,,,USA,TX,UDS 4.0,2025-03-31,USD,Thousands,Consolidated,US GAAP,Audited,Annual,9793.865,,14184.309,,,,,44700.097,,,,,23338.951,,,,,201450.27,,400983.504,,,,1775.461,,23516.93,926.478,,,,26033.017,
JOE MYERS TOYOTA  42270,T001T42270,NAICS,4411,,,USA,TX,UDS 4.0,2024-03-31,USD,Thousands,Consolidated,US GAAP,Audited,Annual,,,,,,,,,,,,,,,,,,,,380566.612,,,,,,24757.802,,,,,,
DELANEY AUTOMOTIVE GROUP  00770  10K 10Q,T001T00770,NAICS,4411,,,USA,TX,UDS 4.0,2025-02-28,USD,Thousands,Consolidated,US GAAP,Audited,Annual,1167.386,,3620.349,,,,,24368.294,,,,,4366.961,,,,,2113.306,,51893.4,,,,166.27,,729.89,342.68,,,,1858.398,
VICTORY CHRYSLER DODGE JEEP RAM  32766,T001T32766,NAICS,4411,,,USA,NC,UDS 4.0,2023-01-31,USD,Thousands,Consolidated,US GAAP,Audited,Annual,1824.321,,2416.633,,,,,7416.389,,,,,2467.625,,,,,2184.702,,30280.332,,,,53.294,,511.753,4.473,,,,738.74,
JIMMY VASSER TOYOTA  04017,T001T04017,NAICS,4411,,,USA,CA,UDS 4.0,2025-03-31,USD,Thousands,Consolidated,US GAAP,Audited,Annual,1077.501,,4173.51,,,,,9681.021,,,,,5887.005,,,,,2594.03,,79464.88,,,,312.222,,875.581,212.159,,,,2879.567,
JIMMY VASSER TOYOTA  04017,T001T04017,NAICS,4411,,,USA,CA,UDS 4.0,2024-03-31,USD,Thousands,Consolidated,US GAAP,Audited,Annual,,,,,,,,,,,,,,,,,,,,71105.46,,,,,,1438.495,,,,,,
LEXUS OF THOUSAND OAKSSF,T001T60441,NAICS,4411,,,USA,CA,UDS 4.0,2022-11-30,USD,Thousands,Consolidated,US GAAP,Audited,Annual,1362.392,,3810.103,,,,,8760.456,,,,,5835.622,,,,,-207.747,,81308.781818182,,,,1072.939636364,,-883.600363636,850.614545455,,,,2276.930181818,
LEXUS OF THOUSAND OAKSSF,T001T60441,NAICS,4411,,,USA,CA,UDS 4.0,2021-11-30,USD,Thousands,Consolidated,US GAAP,Audited,Annual,,,,,,,,,,,,,,,,,,,,84849.314,,,,,,-2673.825,,,,,,
GRESHAM TOYOTA  36102,T001T36102,NAICS,4411,,,USA,OR,UDS 4.0,2025-03-31,USD,Thousands,Consolidated,US GAAP,Audited,Annual,41.22,,9092.428,,,,,35349.88,,,,,7158.09,,,,,27938.763,,129960.837,,,,431.573,,-536.133,280.579,,,,2700.709,
GRESHAM TOYOTA  36102,T001T36102,NAICS,4411,,,USA,OR,UDS 4.0,2024-03-31,USD,Thousands,Consolidated,US GAAP,Audited,Annual,,,,,,,,,,,,,,,,,,,,136210.263,,,,,,185.893,,,,,,
CRAIG TOYOTA,T001T13022,NAICS,4411,,,USA,IN,UDS 4.0,2024-07-31,USD,Thousands,Consolidated,US GAAP,Audited,Annual,882.159,,3041.743,,,,,5414.868,,,,,1324.254,,,,,3674.008,,34711.345714286,,,,171.838285714,,387.577714286,113.250857143,,,,1055.021142857,
CRAIG TOYOTA,T001T13022,NAICS,4411,,,USA,IN,UDS 4.0,2023-07-31,USD,Thousands,Consolidated,US GAAP,Audited,Annual,,,,,,,,,,,,,,,,,,,,34551.43,,,,,,867.196,,,,,,
ANTONINO ACURA  06941,T001T06941,NAICS,4411,,,USA,CT,UDS 4.0,2025-03-31,USD,Thousands,Consolidated,US GAAP,Audited,Annual,338.536,,2919.142,,,,,4774.502,,,,,2906.343,,,,,1915.788,,13281.983,,,,0.0,,-654.318,65.69,,,,0.0,
ANTONINO ACURA  06941,T001T06941,NAICS,4411,,,USA,CT,UDS 4.0,2024-03-31,USD,Thousands,Consolidated,US GAAP,Audited,Annual,,,,,,,,,,,,,,,,,,,,14436.488,,,,,,-284.128,,,,,,
CHARLES MAUND TOYOTA  42236,T001T42236,NAICS,4411,,,USA,TX,UDS 4.0,2022-01-31,USD,Thousands,Consolidated,US GAAP,Audited,Annual,3909.779,,15503.924,,,,,32101.802,,,,,21119.145,,,,,8122.546,,439196.612,,,,2047.047,,22887.671,1596.11,,,,29659.424,
CHARLES MAUND TOYOTA  42236,T001T42236,NAICS,4411,,,USA,TX,UDS 4.0,2021-01-31,USD,Thousands,Consolidated,US GAAP,Audited,Annual,,,,,,,,,,,,,,,,,,,,364128.875,,,,,,8287.642,,,,,,
EMPIRE FORD LINCOLN OF HUNTINGTON  31593,T001T31593,NAICS,4411,,,USA,NY,UDS 4.0,2021-12-31,USD,Thousands,Consolidated,US GAAP,Audited,Annual,4947.528,,7129.087,,,,,21679.566,,,,,11952.106,,,,,-0.001,,92796.722,,,,700.971,,-1767.052,501.398,,,,2061.953,
EMPIRE FORD LINCOLN OF HUNTINGTON  31593,T001T31593,NAICS,4411,,,USA,NY,UDS 4.0,2020-12-31,USD,Thousands,Consolidated,US GAAP,Audited,Annual,,,,,,,,,,,,,,,,,,,,83502.072,,,,,,-3533.695,,,,,,
GLOUCESTER TOYOTA  45094,T001T45094,NAICS,4411,,,USA,VA,UDS 4.0,2025-03-31,USD,Thousands,Consolidated,US GAAP,Audited,Annual,2342.704,,2394.863,,,,,10997.88,,,,,1138.475,,,,,5363.88,,33956.611,,,,159.706,,-294.165,95.142,,,,1353.47,
GLOUCESTER TOYOTA  45094,T001T45094,NAICS,4411,,,USA,VA,UDS 4.0,2024-03-31,USD,Thousands,Consolidated,US GAAP,Audited,Annual,,,,,,,,,,,,,,,,,,,,31277.575,,,,,,196.304,,,,,,
CONICELLI TOY SPRINGFIELD  37172,T001T37172,NAICS,4411,,,USA,PA,UDS 4.0,2025-03-31,USD,Thousands,Consolidated,US GAAP,Audited,Annual,3698.097,,4939.44,,,,,15781.57,,,,,7977.47,,,,,6064.054,,114736.865,,,,457.972,,875.248,297.999,,,,3228.225,
CONICELLI TOY SPRINGFIELD  37172,T001T37172,NAICS,4411,,,USA,PA,UDS 4.0,2024-03-31,USD,Thousands,Consolidated,US GAAP,Audited,Annual,,,,,,,,,,,,,,,,,,,,107136.978,,,,,,2068.824,,,,,,
SLOANE TOYOTA OF MALVERN  37164,T001T37164,NAICS,4411,,,USA,PA,UDS 4.0,2025-03-31,USD,Thousands,Consolidated,US GAAP,Audited,Annual,8418.09,,6930.755,,,,,18048.128,,,,,5085.303,,,,,16623.776,,111422.492,,,,503.928,,1499.732,379.859,,,,5783.106,
SLOANE TOYOTA OF MALVERN  37164,T001T37164,NAICS,4411,,,USA,PA,UDS 4.0,2024-03-31,USD,Thousands,Consolidated,US GAAP,Audited,Annual,,,,,,,,,,,,,,,,,,,,104869.221,,,,,,2539.86,,,,,,
TOYOTA SANTA MONICA  04303,T001T04303,NAICS,4411,,,USA,CA,UDS 4.0,2025-03-31,USD,Thousands,Consolidated,US GAAP,Audited,Annual,20.964,,8112.982,,,,,28562.586,,,,,11493.555,,,,,11286.05,,132250.619,,,,845.609,,301.293,85.641,,,,692.394,
TOYOTA SANTA MONICA  04303,T001T04303,NAICS,4411,,,USA,CA,UDS 4.0,2024-03-31,USD,Thousands,Consolidated,US GAAP,Audited,Annual,,,,,,,,,,,,,,,,,,,,134984.588,,,,,,2744.247,,,,,,
COLUMBIA GORGE TOYOTA  36104,T001T36104,NAICS,4411,,,USA,OR,UDS 4.0,2025-03-31,USD,Thousands,Consolidated,US GAAP,Audited,Annual,932.66,,4238.906,,,,,9612.866,,,,,4249.367,,,,,9205.918,,60847.152,,,,156.837,,879.473,68.8,,,,1724.447,
COLUMBIA GORGE TOYOTA  36104,T001T36104,NAICS,4411,,,USA,OR,UDS 4.0,2024-03-31,USD,Thousands,Consolidated,US GAAP,Audited,Annual,,,,,,,,,,,,,,,,,,,,61948.574,,,,,,1213.97,,,,,,
HELENA TOYOTA,T001T25061,NAICS,4411,,,USA,MT,UDS 4.0,2022-07-31,USD,Thousands,Consolidated,US GAAP,Audited,Annual,2636.66,,3385.06,,,,,9134.386,,,,,4815.225,,,,,5190.944,,63073.292571429,,,,537.507428571,,4005.188571429,215.502857143,,,,2679.821142857,
HELENA TOYOTA,T001T25061,NAICS,4411,,,USA,MT,UDS 4.0,2021-07-31,USD,Thousands,Consolidated,US GAAP,Audited,Annual,,,,,,,,,,,,,,,,,,,,69317.121,,,,,,4091.334,,,,,,
NORTHSHORE TOYOTA  17066,T001T17066,NAICS,4411,,,USA,LA,UDS 4.0,2025-03-31,USD,Thousands,Consolidated,US GAAP,Audited,Annual,2643.536,,5372.912,,,,,13142.093,,,,,4453.527,,,,,2358.234,,74372.071,,,,433.421,,163.045,302.317,,,,2290.638,
NORTHSHORE TOYOTA  17066,T001T17066,NAICS,4411,,,USA,LA,UDS 4.0,2024-03-31,USD,Thousands,Consolidated,US GAAP,Audited,Annual,,,,,,,,,,,,,,,,,,,,83636.901,,,,,,1164.06,,,,,,
ASBURY AUTOMOTIVE  1003  10K 10Q,T001T01003,NAICS,4411,,,USA,NY,UDS 4.0,2025-03-31,USD,Thousands,Consolidated,US GAAP,Audited,Annual,124600.0,,1822400.0,,,,,10221000.0,,,,,2607600.0,,,,,3268500.0,,17135800.0,,,,75500.0,,710000.0,261000.0,,,,415300.0,
ASBURY AUTOMOTIVE  1003  10K 10Q,T001T01003,NAICS,4411,,,USA,NY,UDS 4.0,2024-03-31,USD,Thousands,Consolidated,US GAAP,Audited,Annual,,,,,,,,,,,,,,,,,,,,15421700.0,,,,,,862400.0,,,,,,
GREGG YOUNG TOYOTA OF COLUMBUS  26032,T001T26032,NAICS,4411,,,USA,NE,UDS 4.0,2025-03-31,USD,Thousands,Consolidated,US GAAP,Audited,Annual,1458.499,,3944.424,,,,,13306.774,,,,,4966.366,,,,,512.115,,31465.239,,,,104.802,,-54.076,311.937,,,,578.969,
GREGG YOUNG TOYOTA OF COLUMBUS  26032,T001T26032,NAICS,4411,,,USA,NE,UDS 4.0,2024-03-31,USD,Thousands,Consolidated,US GAAP,Audited,Annual,,,,,,,,,,,,,,,,,,,,20149.128,,,,,,91.228,,,,,,
GREENTREE TOYOTA  06032,T001T06032,NAICS,4411,,,USA,CT,UDS 4.0,2025-03-31,USD,Thousands,Consolidated,US GAAP,Audited,Annual,4291.313,,5299.341,,,,,14694.77,,,,,6891.164,,,,,6109.57,,72859.783,,,,402.764,,215.845,257.399,,,,2610.48,
GREENTREE TOYOTA  06032,T001T06032,NAICS,4411,,,USA,CT,UDS 4.0,2024-03-31,USD,Thousands,Consolidated,US GAAP,Audited,Annual,,,,,,,,,,,,,,,,,,,,73998.943,,,,,,1038.096,,,,,,
COLUMBIA GORGE HONDA  36816,T001T36816,NAICS,4411,,,USA,OR,UDS 4.0,2025-03-31,USD,Thousands,Consolidated,US GAAP,Audited,Annual,186.784,,1974.093,,,,,2959.906,,,,,2099.235,,,,,0.0,,17815.055,,,,2.511,,-399.778,2.511,,,,0.0,
COLUMBIA GORGE HONDA  36816,T001T36816,NAICS,4411,,,USA,OR,UDS 4.0,2024-03-31,USD,Thousands,Consolidated,US GAAP,Audited,Annual,,,,,,,,,,,,,,,,,,,,16779.26,,,,,,-179.523,,,,,,
CAPITAL TOYOTA  INC   41001,T001T41001,NAICS,4411,,,USA,TN,UDS 4.0,2025-03-31,USD,Thousands,Consolidated,US GAAP,Audited,Annual,26479.171,,7343.047,,,,,30136.734,,,,,9161.723,,,,,16149.595,,131744.016,,,,568.791,,1585.496,406.665,,,,5848.775,
CAPITAL TOYOTA  INC   41001,T001T41001,NAICS,4411,,,USA,TN,UDS 4.0,2024-03-31,USD,Thousands,Consolidated,US GAAP,Audited,Annual,,,,,,,,,,,,,,,,,,,,119377.128,,,,,,775.944,,,,,,
DON RINGLER TOYOTA  42196,T001T42196,NAICS,4411,,,USA,TX,UDS 4.0,2025-03-31,USD,Thousands,Consolidated,US GAAP,Audited,Annual,16.56,,2049.383,,,,,7614.063,,,,,2165.1,,,,,4879.676,,50537.872,,,,191.808,,2006.985,138.137,,,,2534.41,
DON RINGLER TOYOTA  42196,T001T42196,NAICS,4411,,,USA,TX,UDS 4.0,2024-03-31,USD,Thousands,Consolidated,US GAAP,Audited,Annual,,,,,,,,,,,,,,,,,,,,58459.787,,,,,,3512.432,,,,,,
JIM LEWIS TOYOTA OF GARDEN CITY  15059  NISSAN  15962,T001T15059,NAICS,4411,,,USA,KS,UDS 4.0,2025-03-31,USD,Thousands,Consolidated,US GAAP,Audited,Annual,349.916,,3526.95,,,,,5377.235,,,,,2008.506,,,,,1490.196,,28176.612,,,,111.604,,-81.236,11.07,,,,679.575,
JIM LEWIS TOYOTA OF GARDEN CITY  15059  NISSAN  15962,T001T15059,NAICS,4411,,,USA,KS,UDS 4.0,2024-03-31,USD,Thousands,Consolidated,US GAAP,Audited,Annual,,,,,,,,,,,,,,,,,,,,25004.265,,,,,,-288.788,,,,,,
ANDY MOHR TOYOTA  INC   13070,T001T13070,NAICS,4411,,,USA,IN,UDS 4.0,2025-03-31,USD,Thousands,Consolidated,US GAAP,Audited,Annual,47437.695,,8696.206,,,,,68816.91,,,,,8905.445,,,,,55711.49,,131364.061,,,,535.621,,3779.375,422.035,,,,8280.64,
ANDY MOHR TOYOTA  INC   13070,T001T13070,NAICS,4411,,,USA,IN,UDS 4.0,2024-03-31,USD,Thousands,Consolidated,US GAAP,Audited,Annual,,,,,,,,,,,,,,,,,,,,122133.367,,,,,,4458.76,,,,,,
TUFANKJIAN HYUNDAI  20975,T001T20975,NAICS,4411,,,USA,MA,UDS 4.0,2021-08-31,USD,Thousands,Consolidated,US GAAP,Audited,Annual,148.339,,1384.726,,,,,3868.135,,,,,1395.481,,,,,-6496.795,,16770.766,,,,136.338,,-4.803,129.4,,,,184.388,
TUFANKJIAN HYUNDAI  20975,T001T20975,NAICS,4411,,,USA,MA,UDS 4.0,2020-08-31,USD,Thousands,Consolidated,US GAAP,Audited,Annual,,,,,,,,,,,,,,,,,,,,15669.669,,,,,,-686.947,,,,,,
STEVINSON TOYOTA WEST  05034,T001T05034,NAICS,4411,,,USA,CO,UDS 4.0,2021-10-31,USD,Thousands,Consolidated,US GAAP,Audited,Annual,3593.765,,2413.978,,,,,12750.944,,,,,5023.748,,,,,12494.892,,189287.311,,,,1107.654,,7366.121,962.058,,,,9563.316,
STEVINSON TOYOTA WEST  05034,T001T05034,NAICS,4411,,,USA,CO,UDS 4.0,2020-10-31,USD,Thousands,Consolidated,US GAAP,Audited,Annual,,,,,,,,,,,,,,,,,,,,167373.612,,,,,,2429.137,,,,,,
BENNETT BUICK GMC OF LEBANON  37512,T001T37512,NAICS,4411,,,USA,PA,UDS 4.0,2025-03-31,USD,Thousands,Consolidated,US GAAP,Audited,Annual,298.39,,8661.406,,,,,12191.6,,,,,10703.411,,,,,-238.672,,23200.309,,,,0.0,,-1089.238,171.264,,,,0.0,
BENNETT BUICK GMC OF LEBANON  37512,T001T37512,NAICS,4411,,,USA,PA,UDS 4.0,2024-03-31,USD,Thousands,Consolidated,US GAAP,Audited,Annual,,,,,,,,,,,,,,,,,,,,29186.946,,,,,,-740.795,,,,,,
ROYAL SUBARU  13794  VOLKSWAGEN  13793  AUDI  13795,T001T13794,NAICS,4411,,,USA,IN,UDS 4.0,2025-03-31,USD,Thousands,Consolidated,US GAAP,Audited,Annual,140.202,,6442.617,,,,,8988.991,,,,,3191.199,,,,,7341.826,,53189.453,,,,187.532,,2220.68,122.189,,,,2584.409,
ROYAL SUBARU  13794  VOLKSWAGEN  13793  AUDI  13795,T001T13794,NAICS,4411,,,USA,IN,UDS 4.0,2024-03-31,USD,Thousands,Consolidated,US GAAP,Audited,Annual,,,,,,,,,,,,,,,,,,,,53780.434,,,,,,2016.918,,,,,,
MAGIC TOYOTA,T001T46090,NAICS,4411,,,USA,WA,UDS 4.0,2021-06-30,USD,Thousands,Consolidated,US GAAP,Audited,Annual,9230.093,,2926.496,,,,,17999.51,,,,,3217.636,,,,,10488.48,,152929.46,,,,248.862,,4258.876,84.47,,,,8028.326,
MAGIC TOYOTA,T001T46090,NAICS,4411,,,USA,WA,UDS 4.0,2020-06-30,USD,Thousands,Consolidated,US GAAP,Audited,Annual,,,,,,,,,,,,,,,,,,,,127763.338,,,,,,198.667,,,,,,
LOS ANGELES CDJR  54801,T001T54801,NAICS,4411,,,USA,CA,UDS 4.0,2025-03-31,USD,Thousands,Consolidated,US GAAP,Audited,Annual,814.0,,13830.336,,,,,44591.877,,,,,18542.211,,,,,20365.543,,95223.887,,,,332.767,,-3479.36,47.299,,,,0.0,
LOS ANGELES CDJR  54801,T001T54801,NAICS,4411,,,USA,CA,UDS 4.0,2024-03-31,USD,Thousands,Consolidated,US GAAP,Audited,Annual,,,,,,,,,,,,,,,,,,,,143252.948,,,,,,-2756.409,,,,,,
TOYOTA DE BAYAMON  59028,T001T59028,NAICS,4411,,,USA,,UDS 4.0,2025-03-31,USD,Thousands,Consolidated,US GAAP,Audited,Annual,6120.193,,27420.796,,,,,43091.557,,,,,30742.352,,,,,9162.441,,132750.793,,,,154.254,,9129.832,1276.454,,,,9293.378,
TOYOTA DE BAYAMON  59028,T001T59028,NAICS,4411,,,USA,,UDS 4.0,2024-03-31,USD,Thousands,Consolidated,US GAAP,Audited,Annual,,,,,,,,,,,,,,,,,,,,37822.312,,,,,,2038.842666667,,,,,,
RAY CATENA LEXUS  63109  WHITE PLAINS  63133,T001T63109,NAICS,4411,,,USA,NY,UDS 4.0,2025-03-31,USD,Thousands,Consolidated,US GAAP,Audited,Annual,5906.846,,8198.814,,,,,37446.332,,,,,22573.163,,,,,3511.73,,212220.641,,,,2127.99,,-1372.936,2127.99,,,,6798.993,
RAY CATENA LEXUS  63109  WHITE PLAINS  63133,T001T63109,NAICS,4411,,,USA,NY,UDS 4.0,2024-03-31,USD,Thousands,Consolidated,US GAAP,Audited,Annual,,,,,,,,,,,,,,,,,,,,186010.288,,,,,,-1679.33,,,,,,
VICTORY TOYOTA CHARLESTON  47038,T001T47038,NAICS,4411,,,USA,WV,UDS 4.0,2025-03-31,USD,Thousands,Consolidated,US GAAP,Audited,Annual,882.808,,6464.393,,,,,24650.542,,,,,7779.954,,,,,-4.181,,57485.592,,,,0.0,,-358.348,528.272,,,,387.224,
JAGUAR  19913  LAND ROVER  19906  ANNAPOLIS  TERMINATED,T001T19913,NAICS,4411,,,USA,MD,UDS 4.0,2017-02-28,USD,Thousands,Consolidated,US GAAP,Audited,Annual,-1222.683,,7931.276,,,,,16889.315,,,,,6787.949,,,,,3943.389,,42452.177,,,,222.915,,-320.231,402.72,,,,889.65,
JAGUAR  19913  LAND ROVER  19906  ANNAPOLIS  TERMINATED,T001T19913,NAICS,4411,,,USA,MD,UDS 4.0,2016-02-28,USD,Thousands,Consolidated,US GAAP,Audited,Annual,,,,,,,,,,,,,,,,,,,,44602.701,,,,,,-275.556,,,,,,
VANDERGRIFF TOYOTA  42286,T001T42286,NAICS,4411,,,USA,TX,UDS 4.0,2025-03-31,USD,Thousands,Consolidated,US GAAP,Audited,Annual,4075.91,,8361.37,,,,,25179.339,,,,,14240.423,,,,,132451.615,,276599.732,,,,171.793,,10913.493,192.419,,,,12650.068,
VANDERGRIFF TOYOTA  42286,T001T42286,NAICS,4411,,,USA,TX,UDS 4.0,2024-03-31,USD,Thousands,Consolidated,US GAAP,Audited,Annual,,,,,,,,,,,,,,,,,,,,276159.436,,,,,,14405.883,,,,,,
SO COUNTY LEXUS M  VIEJO  60456,T001T60456,NAICS,4411,,,USA,CA,UDS 4.0,2025-03-31,USD,Thousands,Consolidated,US GAAP,Audited,Annual,4798.302,,1945.946,,,,,41669.573,,,,,10551.217,,,,,62563.09,,145197.058,,,,1642.093,,2095.992,1409.274,,,,6507.271,
SO COUNTY LEXUS M  VIEJO  60456,T001T60456,NAICS,4411,,,USA,CA,UDS 4.0,2024-03-31,USD,Thousands,Consolidated,US GAAP,Audited,Annual,,,,,,,,,,,,,,,,,,,,143350.068,,,,,,3433.933,,,,,,
TOYOTA OF GLENDALE  04649,T001T04649,NAICS,4411,,,USA,CA,UDS 4.0,2025-03-31,USD,Thousands,Consolidated,US GAAP,Audited,Annual,6015.745,,8116.079,,,,,24577.237,,,,,14775.551,,,,,27498.84,,199377.741,,,,1290.034,,2053.569,1010.325,,,,7660.535,
TOYOTA OF GLENDALE  04649,T001T04649,NAICS,4411,,,USA,CA,UDS 4.0,2024-03-31,USD,Thousands,Consolidated,US GAAP,Audited,Annual,,,,,,,,,,,,,,,,,,,,221262.914,,,,,,7980.283,,,,,,
WATERMARK TOYOTA  16063,T001T16063,NAICS,4411,,,USA,KY,UDS 4.0,2025-03-31,USD,Thousands,Consolidated,US GAAP,Audited,Annual,1929.297,,3091.428,,,,,14715.445,,,,,3361.353,,,,,0.0,,35882.276,,,,36.182,,-64.56,49.73,,,,921.704,
WATERMARK TOYOTA  16063,T001T16063,NAICS,4411,,,USA,KY,UDS 4.0,2024-03-31,USD,Thousands,Consolidated,US GAAP,Audited,Annual,,,,,,,,,,,,,,,,,,,,40250.462,,,,,,40.219,,,,,,
MAGNUSSEN S TOY PALO ALTO  04454,T001T04454,NAICS,4411,,,USA,CA,UDS 4.0,2025-03-31,USD,Thousands,Consolidated,US GAAP,Audited,Annual,5544.28,,2038.474,,,,,9997.202,,,,,2136.856,,,,,8805.302,,56207.847,,,,344.642,,55.696,193.608,,,,775.32,
MAGNUSSEN S TOY PALO ALTO  04454,T001T04454,NAICS,4411,,,USA,CA,UDS 4.0,2024-03-31,USD,Thousands,Consolidated,US GAAP,Audited,Annual,,,,,,,,,,,,,,,,,,,,57643.855,,,,,,-291.516,,,,,,
TETON TOYOTA  11035,T001T11035,NAICS,4411,,,USA,ID,UDS 4.0,2025-03-31,USD,Thousands,Consolidated,US GAAP,Audited,Annual,1660.588,,10710.385,,,,,23028.592,,,,,10758.135,,,,,13336.782,,150262.457,,,,366.604,,3683.243,366.604,,,,6210.744,
TETON TOYOTA  11035,T001T11035,NAICS,4411,,,USA,ID,UDS 4.0,2024-03-31,USD,Thousands,Consolidated,US GAAP,Audited,Annual,,,,,,,,,,,,,,,,,,,,148917.073,,,,,,4146.393,,,,,,
TOYOTA OF COLORADO SPRINGS  05077,T001T05077,NAICS,4411,,,USA,CO,UDS 4.0,2025-03-31,USD,Thousands,Consolidated,US GAAP,Audited,Annual,647.717,,8458.507,,,,,62391.606,,,,,10688.665,,,,,8204.049,,124853.657,,,,411.145,,3189.697,236.338,,,,4197.48,
TOYOTA OF COLORADO SPRINGS  05077,T001T05077,NAICS,4411,,,USA,CO,UDS 4.0,2024-03-31,USD,Thousands,Consolidated,US GAAP,Audited,Annual,,,,,,,,,,,,,,,,,,,,113214.339,,,,,,2091.354,,,,,,
TOYOTA OF WALLINGFORD  06047,T001T06047,NAICS,4411,,,USA,CT,UDS 4.0,2025-03-31,USD,Thousands,Consolidated,US GAAP,Audited,Annual,1101.077,,4007.922,,,,,16654.531,,,,,7917.509,,,,,433.285,,66764.485,,,,185.091,,-882.263,163.51,,,,2068.664,
TOYOTA OF WALLINGFORD  06047,T001T06047,NAICS,4411,,,USA,CT,UDS 4.0,2024-03-31,USD,Thousands,Consolidated,US GAAP,Audited,Annual,,,,,,,,,,,,,,,,,,,,70897.746,,,,,,321.93,,,,,,
DAYTON TOYOTA  29101,T001T29101,NAICS,4411,,,USA,NJ,UDS 4.0,2025-03-31,USD,Thousands,Consolidated,US GAAP,Audited,Annual,5679.438,,3360.602,,,,,13497.212,,,,,4019.733,,,,,-0.005,,59229.172,,,,590.572,,948.686,126.718,,,,2942.986,
DAYTON TOYOTA  29101,T001T29101,NAICS,4411,,,USA,NJ,UDS 4.0,2024-03-31,USD,Thousands,Consolidated,US GAAP,Audited,Annual,,,,,,,,,,,,,,,,,,,,51699.105,,,,,,965.884,,,,,,
MCDANIEL TOYOTA,T001T34080,NAICS,4411,,,USA,OH,UDS 4.0,2025-03-31,USD,Thousands,Consolidated,US GAAP,Audited,Annual,151.969,,2718.248,,,,,5765.256,,,,,3530.867,,,,,2286.156,,37941.905,,,,94.603,,-24.927,56.16,,,,554.541,
MCDANIEL TOYOTA,T001T34080,NAICS,4411,,,USA,OH,UDS 4.0,2024-03-31,USD,Thousands,Consolidated,US GAAP,Audited,Annual,,,,,,,,,,,,,,,,,,,,37112.366,,,,,,514.046,,,,,,
PLAZA HYUNDAI  31728,T001T31728,NAICS,4411,,,USA,NY,UDS 4.0,2025-03-31,USD,Thousands,Consolidated,US GAAP,Audited,Annual,695.54,,19783.092,,,,,30682.478,,,,,24004.24,,,,,4214.396,,82951.674,,,,377.43,,-1621.253,322.03,,,,463.121,
PLAZA HYUNDAI  31728,T001T31728,NAICS,4411,,,USA,NY,UDS 4.0,2024-03-31,USD,Thousands,Consolidated,US GAAP,Audited,Annual,,,,,,,,,,,,,,,,,,,,79582.38,,,,,,-873.346,,,,,,
TOYOTA OF BOZEMAN  25060  RESSLER CHEV CAD OF BOZEMAN  25941,T001T25060,NAICS,4411,,,USA,MT,UDS 4.0,2025-03-31,USD,Thousands,Consolidated,US GAAP,Audited,Annual,1395.545,,33658.101,,,,,44023.925,,,,,25881.352,,,,,10066.179,,321495.613,,,,1305.608,,10978.369,691.444,,,,15489.409,
TOYOTA OF BOZEMAN  25060  RESSLER CHEV CAD OF BOZEMAN  25941,T001T25060,NAICS,4411,,,USA,MT,UDS 4.0,2024-03-31,USD,Thousands,Consolidated,US GAAP,Audited,Annual,,,,,,,,,,,,,,,,,,,,324146.576,,,,,,13764.791,,,,,,
ANDERSON CHRYSLER  02947,T001T02947,NAICS,4411,,,USA,AZ,UDS 4.0,2025-03-31,USD,Thousands,Consolidated,US GAAP,Audited,Annual,214.531,,6074.767,,,,,8648.207,,,,,7900.496,,,,,20133.942,,59170.226,,,,130.872,,91.869,106.178,,,,681.363,
ANDERSON CHRYSLER  02947,T001T02947,NAICS,4411,,,USA,AZ,UDS 4.0,2024-03-31,USD,Thousands,Consolidated,US GAAP,Audited,Annual,,,,,,,,,,,,,,,,,,,,67168.571,,,,,,401.692,,,,,,
ROCHESTER TOYOTA,T001T28020,NAICS,4411,,,USA,NH,UDS 4.0,2021-11-30,USD,Thousands,Consolidated,US GAAP,Audited,Annual,4593.053,,0.0,,,,,4836.317,,,,,-219.763,,,,,2219.503,,59915.343272727,,,,286.001454546,,2663.018181818,258.742909091,,,,3232.373454545,
ROCHESTER TOYOTA,T001T28020,NAICS,4411,,,USA,NH,UDS 4.0,2020-11-30,USD,Thousands,Consolidated,US GAAP,Audited,Annual,,,,,,,,,,,,,,,,,,,,40350.472,,,,,,625.799,,,,,,
MOSES CADILLAC CHARLESTON  47925  MOSES FACTORY OUTLET CORRIDOR G  47926,T001T47925,NAICS,4411,,,USA,WV,UDS 4.0,2025-03-31,USD,Thousands,Consolidated,US GAAP,Audited,Annual,2788.128,,11832.086,,,,,17557.573,,,,,9896.153,,,,,4792.751,,77409.121,,,,58.099,,-788.64,107.188,,,,863.361,
MOSES CADILLAC CHARLESTON  47925  MOSES FACTORY OUTLET CORRIDOR G  47926,T001T47925,NAICS,4411,,,USA,WV,UDS 4.0,2024-03-31,USD,Thousands,Consolidated,US GAAP,Audited,Annual,,,,,,,,,,,,,,,,,,,,76211.818,,,,,,-1399.465,,,,,,
JUNEAU TOYOTA  50014  HONDA  50511  CHEVROLET  50512,T001T50014,NAICS,4411,,,USA,AK,UDS 4.0,2025-03-31,USD,Thousands,Consolidated,US GAAP,Audited,Annual,1969.088,,4618.516,,,,,12604.492,,,,,7168.497,,,,,2602.73,,37732.33,,,,236.908,,1404.085,253.528,,,,1641.499,
JUNEAU TOYOTA  50014  HONDA  50511  CHEVROLET  50512,T001T50014,NAICS,4411,,,USA,AK,UDS 4.0,2024-03-31,USD,Thousands,Consolidated,US GAAP,Audited,Annual,,,,,,,,,,,,,,,,,,,,31322.381,,,,,,1181.585,,,,,,
LIVERMORE TOYOTA  04280,T001T04280,NAICS,4411,,,USA,CA,UDS 4.0,2025-03-31,USD,Thousands,Consolidated,US GAAP,Audited,Annual,5081.189,,6160.614,,,,,25434.65,,,,,11057.639,,,,,1232.735,,87774.842,,,,293.6,,1502.3,42.296,,,,2229.766,
LIVERMORE TOYOTA  04280,T001T04280,NAICS,4411,,,USA,CA,UDS 4.0,2024-03-31,USD,Thousands,Consolidated,US GAAP,Audited,Annual,,,,,,,,,,,,,,,,,,,,86825.737,,,,,,2182.004,,,,,,
BURIEN CHEVROLET  46811 FP TRMNTD 102821 KEEP F S ACTIVE FOR RE LOANS,T001T46811,NAICS,4411,,,USA,WA,UDS 4.0,2025-03-31,USD,Thousands,Consolidated,US GAAP,Audited,Annual,20.315,,5883.031,,,,,8872.53,,,,,6173.439,,,,,-5020.256,,42584.216,,,,62.834,,-1267.362,292.869,,,,0.0,
BURIEN CHEVROLET  46811 FP TRMNTD 102821 KEEP F S ACTIVE FOR RE LOANS,T001T46811,NAICS,4411,,,USA,WA,UDS 4.0,2024-03-31,USD,Thousands,Consolidated,US GAAP,Audited,Annual,,,,,,,,,,,,,,,,,,,,38684.822,,,,,,-769.067,,,,,,
TOYOTA OF TRI CITIES  46105,T001T46105,NAICS,4411,,,USA,WA,UDS 4.0,2022-12-31,USD,Thousands,Consolidated,US GAAP,Audited,Annual,11735.304,,2904.968,,,,,27999.678,,,,,2161.26,,,,,6535.47,,112315.207,,,,803.155,,6549.293,608.698,,,,8790.681,
TOYOTA OF TRI CITIES  46105,T001T46105,NAICS,4411,,,USA,WA,UDS 4.0,2021-12-31,USD,Thousands,Consolidated,US GAAP,Audited,Annual,,,,,,,,,,,,,,,,,,,,112615.559,,,,,,3933.211,,,,,,
LEXUS OF RICHMOND  64503,T001T64503,NAICS,4411,,,USA,VA,UDS 4.0,2022-01-31,USD,Thousands,Consolidated,US GAAP,Audited,Annual,10222.673,,4806.175,,,,,20847.676,,,,,5154.666,,,,,19333.627,,90059.401,,,,783.081,,2520.118,619.754,,,,4975.616,
LEXUS OF RICHMOND  64503,T001T64503,NAICS,4411,,,USA,VA,UDS 4.0,2021-01-31,USD,Thousands,Consolidated,US GAAP,Audited,Annual,,,,,,,,,,,,,,,,,,,,15313.673,,,,,,-163.594,,,,,,
ACURA OF SEATTLE  46667,T001T46667,NAICS,4411,,,USA,WA,UDS 4.0,2025-03-31,USD,Thousands,Consolidated,US GAAP,Audited,Annual,534.838,,6668.542,,,,,11178.514,,,,,8886.506,,,,,35.959,,46785.072,,,,124.399,,-3001.485,447.564,,,,0.0,
ACURA OF SEATTLE  46667,T001T46667,NAICS,4411,,,USA,WA,UDS 4.0,2024-03-31,USD,Thousands,Consolidated,US GAAP,Audited,Annual,,,,,,,,,,,,,,,,,,,,47744.136,,,,,,-2297.334,,,,,,
SUBARU OF PORTLAND  36509,T001T36509,NAICS,4411,,,USA,OR,UDS 4.0,2025-03-31,USD,Thousands,Consolidated,US GAAP,Audited,Annual,1012.878,,11818.572,,,,,44436.33,,,,,14315.738,,,,,12691.002,,106902.215,,,,210.725,,1008.254,516.203,,,,1971.44,
SUBARU OF PORTLAND  36509,T001T36509,NAICS,4411,,,USA,OR,UDS 4.0,2024-03-31,USD,Thousands,Consolidated,US GAAP,Audited,Annual,,,,,,,,,,,,,,,,,,,,99908.028,,,,,,830.864,,,,,,
TOYOTA OF DENTON  42323,T001T42323,NAICS,4411,,,USA,TX,UDS 4.0,2025-03-31,USD,Thousands,Consolidated,US GAAP,Audited,Annual,3506.89,,4375.659,,,,,26327.696,,,,,7825.347,,,,,6924.978,,141961.179,,,,961.869,,3453.022,561.124,,,,7997.255,
TOYOTA OF DENTON  42323,T001T42323,NAICS,4411,,,USA,TX,UDS 4.0,2024-03-31,USD,Thousands,Consolidated,US GAAP,Audited,Annual,,,,,,,,,,,,,,,,,,,,143007.148,,,,,,3893.207,,,,,,
PARKER LEXUS  60301,T001T60301,NAICS,4411,,,USA,AR,UDS 4.0,2025-03-31,USD,Thousands,Consolidated,US GAAP,Audited,Annual,11263.577,,3863.847,,,,,25272.965,,,,,10403.992,,,,,13034.373,,100334.518,,,,967.991,,3676.302,846.926,,,,6063.896,
PARKER LEXUS  60301,T001T60301,NAICS,4411,,,USA,AR,UDS 4.0,2024-03-31,USD,Thousands,Consolidated,US GAAP,Audited,Annual,,,,,,,,,,,,,,,,,,,,92648.679,,,,,,3702.749,,,,,,
HERRIN GEAR LEXUS  62302,T001T62302,NAICS,4411,,,USA,MS,UDS 4.0,2025-03-31,USD,Thousands,Consolidated,US GAAP,Audited,Annual,1489.769,,3770.622,,,,,39295.785,,,,,5019.093,,,,,31315.667,,85968.123,,,,871.464,,3671.707,786.079,,,,7821.947,
HERRIN GEAR LEXUS  62302,T001T62302,NAICS,4411,,,USA,MS,UDS 4.0,2024-03-31,USD,Thousands,Consolidated,US GAAP,Audited,Annual,,,,,,,,,,,,,,,,,,,,86309.713,,,,,,3322.003,,,,,,
CARLOCK TOYOTA OF SLIDELL  17082,T001T17082,NAICS,4411,,,USA,LA,UDS 4.0,2025-03-31,USD,Thousands,Consolidated,US GAAP,Audited,Annual,2436.283,,5514.294,,,,,30825.738,,,,,7984.118,,,,,0.0,,50303.852,,,,0.0,,-1814.728,287.936,,,,514.292,
ENVISION TOYOTA OF WEST COVINA  04211,T001T04211,NAICS,4411,,,USA,CA,UDS 4.0,2025-03-31,USD,Thousands,Consolidated,US GAAP,Audited,Annual,767.333,,6709.944,,,,,51456.846,,,,,15498.106,,,,,12323.699,,171181.304,,,,546.618,,-7494.318,336.739,,,,2879.099,
ENVISION TOYOTA OF WEST COVINA  04211,T001T04211,NAICS,4411,,,USA,CA,UDS 4.0,2024-03-31,USD,Thousands,Consolidated,US GAAP,Audited,Annual,,,,,,,,,,,,,,,,,,,,135169.041,,,,,,-4344.099,,,,,,
STEVEN NISSAN  45655,T001T45655,NAICS,4411,,,USA,VA,UDS 4.0,2025-03-31,USD,Thousands,Consolidated,US GAAP,Audited,Annual,2056.86,,6662.823,,,,,14482.113,,,,,6435.465,,,,,5281.949,,45310.893,,,,12.76,,-397.095,61.479,,,,2176.082,
STEVEN NISSAN  45655,T001T45655,NAICS,4411,,,USA,VA,UDS 4.0,2024-03-31,USD,Thousands,Consolidated,US GAAP,Audited,Annual,,,,,,,,,,,,,,,,,,,,46106.778,,,,,,144.715,,,,,,
TUSTIN TOYOTA  04543,T001T04543,NAICS,4411,,,USA,CA,UDS 4.0,2025-03-31,USD,Thousands,Consolidated,US GAAP,Audited,Annual,12822.072,,10532.847,,,,,53688.925,,,,,14124.778,,,,,42928.195,,343458.399,,,,2449.226,,5512.666,1736.169,,,,12143.082,
TUSTIN TOYOTA  04543,T001T04543,NAICS,4411,,,USA,CA,UDS 4.0,2024-03-31,USD,Thousands,Consolidated,US GAAP,Audited,Annual,,,,,,,,,,,,,,,,,,,,339653.662,,,,,,10648.628,,,,,,
CARSON CITY TOYOTA  27015,T001T27015,NAICS,4411,,,USA,NV,UDS 4.0,2025-03-31,USD,Thousands,Consolidated,US GAAP,Audited,Annual,8448.452,,5936.497,,,,,18305.662,,,,,5860.306,,,,,14136.021,,94569.722,,,,436.426,,1650.818,364.426,,,,3519.424,
CARSON CITY TOYOTA  27015,T001T27015,NAICS,4411,,,USA,NV,UDS 4.0,2024-03-31,USD,Thousands,Consolidated,US GAAP,Audited,Annual,,,,,,,,,,,,,,,,,,,,98997.444,,,,,,2424.343,,,,,,
POLESTAR BELLEVUE  46530,T001T46530,NAICS,4411,,,USA,WA,UDS 4.0,2025-03-31,USD,Thousands,Consolidated,US GAAP,Audited,Annual,336.249,,3732.11,,,,,8008.08,,,,,5941.625,,,,,-659.346,,22896.264,,,,1.502,,-307.758,174.095,,,,409.25,
POLESTAR BELLEVUE  46530,T001T46530,NAICS,4411,,,USA,WA,UDS 4.0,2024-03-31,USD,Thousands,Consolidated,US GAAP,Audited,Annual,,,,,,,,,,,,,,,,,,,,12343.738,,,,,,-1363.869,,,,,,
MEDFORD BMW  36794,T001T36794,NAICS,4411,,,USA,OR,UDS 4.0,2025-03-31,USD,Thousands,Consolidated,US GAAP,Audited,Annual,200.492,,2899.559,,,,,6379.62,,,,,4289.225,,,,,4930.349,,22138.809,,,,26.726,,-299.882,75.864,,,,592.28,
MEDFORD BMW  36794,T001T36794,NAICS,4411,,,USA,OR,UDS 4.0,2024-03-31,USD,Thousands,Consolidated,US GAAP,Audited,Annual,,,,,,,,,,,,,,,,,,,,25325.897,,,,,,-344.693,,,,,,
CORNHUSKER TOYOTA  26015,T001T26015,NAICS,4411,,,USA,NE,UDS 4.0,2024-07-31,USD,Thousands,Consolidated,US GAAP,Audited,Annual,302.423,,1039.444,,,,,1501.093,,,,,251.308,,,,,1240.959,,12067.048,,,,76.034,,565.274,76.034,,,,907.461,
CORNHUSKER TOYOTA  26015,T001T26015,NAICS,4411,,,USA,NE,UDS 4.0,2023-07-31,USD,Thousands,Consolidated,US GAAP,Audited,Annual,,,,,,,,,,,,,,,,,,,,12534.207,,,,,,851.972,,,,,,
CHICAGO NORTHSIDE TOYOTA  12150,T001T12150,NAICS,4411,,,USA,IL,UDS 4.0,2025-03-31,USD,Thousands,Consolidated,US GAAP,Audited,Annual,3791.614,,4334.418,,,,,18020.191,,,,,7335.908,,,,,26700.596,,120948.598,,,,746.339,,139.85,296.299,,,,1913.339,
CHICAGO NORTHSIDE TOYOTA  12150,T001T12150,NAICS,4411,,,USA,IL,UDS 4.0,2024-03-31,USD,Thousands,Consolidated,US GAAP,Audited,Annual,,,,,,,,,,,,,,,,,,,,126742.788,,,,,,2784.834,,,,,,
PARKER TOYOTA  11030,T001T11030,NAICS,4411,,,USA,ID,UDS 4.0,2025-03-31,USD,Thousands,Consolidated,US GAAP,Audited,Annual,5343.062,,12530.443,,,,,31971.721,,,,,13972.029,,,,,19642.452,,216954.41,,,,1055.252,,6168.5,811.701,,,,9586.821,
PARKER TOYOTA  11030,T001T11030,NAICS,4411,,,USA,ID,UDS 4.0,2024-03-31,USD,Thousands,Consolidated,US GAAP,Audited,Annual,,,,,,,,,,,,,,,,,,,,203480.252,,,,,,7153.722,,,,,,
EVANS CHEVROLET GMC  34627,T001T34627,NAICS,4411,,,USA,OH,UDS 4.0,2025-03-31,USD,Thousands,Consolidated,US GAAP,Audited,Annual,94.364,,3578.809,,,,,5018.685,,,,,3973.918,,,,,-1282.803,,16229.872,,,,0.0,,-1095.616,109.824,,,,0.0,
SHORE TOYOTA  29069,T001T29069,NAICS,4411,,,USA,NJ,UDS 4.0,2025-03-31,USD,Thousands,Consolidated,US GAAP,Audited,Annual,1297.356,,2655.857,,,,,12377.744,,,,,3566.302,,,,,6464.336,,51081.347,,,,209.144,,1166.201,14.759,,,,2235.403,
SHORE TOYOTA  29069,T001T29069,NAICS,4411,,,USA,NJ,UDS 4.0,2024-03-31,USD,Thousands,Consolidated,US GAAP,Audited,Annual,,,,,,,,,,,,,,,,,,,,59109.78,,,,,,2172.018,,,,,,
GIRARD TOYOTA  06015  BMW OF NEW LONDON  06939,T001T06015,NAICS,4411,,,USA,CT,UDS 4.0,2025-03-31,USD,Thousands,Consolidated,US GAAP,Audited,Annual,4632.285,,8234.927,,,,,22165.968,,,,,2922.691,,,,,10997.315,,63404.251,,,,165.247,,2143.907,140.227,,,,4210.125,
GIRARD TOYOTA  06015  BMW OF NEW LONDON  06939,T001T06015,NAICS,4411,,,USA,CT,UDS 4.0,2024-03-31,USD,Thousands,Consolidated,US GAAP,Audited,Annual,,,,,,,,,,,,,,,,,,,,63806.474,,,,,,2396.109,,,,,,
SULLIVAN BROTHERS NISSAN  20803,T001T20803,NAICS,4411,,,USA,MA,UDS 4.0,2025-03-31,USD,Thousands,Consolidated,US GAAP,Audited,Annual,1585.025,,5774.323,,,,,10816.571,,,,,8759.769,,,,,2577.172,,40464.134,,,,173.252,,-140.659,340.406,,,,439.846,
SULLIVAN BROTHERS NISSAN  20803,T001T20803,NAICS,4411,,,USA,MA,UDS 4.0,2024-03-31,USD,Thousands,Consolidated,US GAAP,Audited,Annual,,,,,,,,,,,,,,,,,,,,45263.481,,,,,,478.627,,,,,,
TETON HONDA OF POCATELLO  11766,T001T11766,NAICS,4411,,,USA,ID,UDS 4.0,2025-03-31,USD,Thousands,Consolidated,US GAAP,Audited,Annual,585.913,,3156.137,,,,,5643.082,,,,,3549.782,,,,,0.0,,31457.981,,,,31.051,,387.105,26.508,,,,700.897,
TETON HONDA OF POCATELLO  11766,T001T11766,NAICS,4411,,,USA,ID,UDS 4.0,2024-03-31,USD,Thousands,Consolidated,US GAAP,Audited,Annual,,,,,,,,,,,,,,,,,,,,30103.476,,,,,,585.491,,,,,,
HEALDSBURG CHEVROLET  54570  CDJR  54571,T001T54570,NAICS,4411,,,USA,CA,UDS 4.0,2025-02-28,USD,Thousands,Consolidated,US GAAP,Audited,Annual,1487.58,,5908.3,,,,,10773.831,,,,,6217.314,,,,,-255.828,,31341.258,,,,25.333,,-293.922,413.157,,,,85.617,
TOYOTA OF RIDGECREST  04254,T001T04254,NAICS,4411,,,USA,CA,UDS 4.0,2025-03-31,USD,Thousands,Consolidated,US GAAP,Audited,Annual,2710.305,,2609.965,,,,,6448.938,,,,,2881.658,,,,,3619.387,,20459.343,,,,92.265,,655.404,136.18,,,,784.487,
TOYOTA OF RIDGECREST  04254,T001T04254,NAICS,4411,,,USA,CA,UDS 4.0,2024-03-31,USD,Thousands,Consolidated,US GAAP,Audited,Annual,,,,,,,,,,,,,,,,,,,,22664.769,,,,,,1042.854,,,,,,
TRI COUNTY TOYOTA  37154,T001T37154,NAICS,4411,,,USA,PA,UDS 4.0,2025-03-31,USD,Thousands,Consolidated,US GAAP,Audited,Annual,10073.902,,8082.994,,,,,32175.515,,,,,8079.557,,,,,31613.511,,114602.702,,,,470.385,,4265.277,363.451,,,,6980.565,
TRI COUNTY TOYOTA  37154,T001T37154,NAICS,4411,,,USA,PA,UDS 4.0,2024-03-31,USD,Thousands,Consolidated,US GAAP,Audited,Annual,,,,,,,,,,,,,,,,,,,,98914.774,,,,,,3677.32,,,,,,
ALL STAR HYUNDAI  54640,T001T54640,NAICS,4411,,,USA,CA,UDS 4.0,2025-03-31,USD,Thousands,Consolidated,US GAAP,Audited,Annual,1060.383,,7199.722,,,,,9587.648,,,,,7325.783,,,,,1529.592,,24597.955,,,,61.546,,-568.089,4.694,,,,0.0,
ALL STAR HYUNDAI  54640,T001T54640,NAICS,4411,,,USA,CA,UDS 4.0,2024-03-31,USD,Thousands,Consolidated,US GAAP,Audited,Annual,,,,,,,,,,,,,,,,,,,,22340.067,,,,,,-437.465,,,,,,
MAITA CHEVY  54288  FLEET  54099  TERMINATED 051421,T001T54288,NAICS,4411,,,USA,CA,UDS 4.0,2024-09-30,USD,Thousands,Consolidated,US GAAP,Audited,Annual,1286.086,,25420.378,,,,,32397.284,,,,,10609.003,,,,,21084.352,,103374.488,,,,133.792,,-1524.083,141.046,,,,0.0,
MAITA CHEVY  54288  FLEET  54099  TERMINATED 051421,T001T54288,NAICS,4411,,,USA,CA,UDS 4.0,2023-09-30,USD,Thousands,Consolidated,US GAAP,Audited,Annual,,,,,,,,,,,,,,,,,,,,97386.124,,,,,,1296.296,,,,,,
WAYNE FORD  29708,T001T29708,NAICS,4411,,,USA,NJ,UDS 4.0,2017-10-31,USD,Thousands,Consolidated,US GAAP,Audited,Annual,150.424,,18212.16,,,,,25885.848,,,,,18845.107,,,,,3522.99,,63450.356,,,,11.591,,-1105.874,534.94,,,,0.0,
WAYNE FORD  29708,T001T29708,NAICS,4411,,,USA,NJ,UDS 4.0,2016-10-31,USD,Thousands,Consolidated,US GAAP,Audited,Annual,,,,,,,,,,,,,,,,,,,,67144.052,,,,,,113.356,,,,,,
NICHOLASVILLE CDJR  16732,T001T16732,NAICS,4411,,,USA,KY,UDS 4.0,2025-03-31,USD,Thousands,Consolidated,US GAAP,Audited,Annual,695.734,,7217.025,,,,,12850.141,,,,,6932.948,,,,,-23.486,,37635.916,,,,60.612,,-1665.632,310.96,,,,0.0,
GIRARD NISSAN  06937,T001T06937,NAICS,4411,,,USA,CT,UDS 4.0,2025-03-31,USD,Thousands,Consolidated,US GAAP,Audited,Annual,5453.059,,4687.211,,,,,15458.894,,,,,1499.413,,,,,9486.824,,31542.328,,,,200.733,,1157.628,191.518,,,,1581.112,
GIRARD NISSAN  06937,T001T06937,NAICS,4411,,,USA,CT,UDS 4.0,2024-03-31,USD,Thousands,Consolidated,US GAAP,Audited,Annual,,,,,,,,,,,,,,,,,,,,31174.341,,,,,,1361.22,,,,,,
MCGEE CDJR OF SPRINGFIELD  44500,T001T44500,NAICS,4411,,,USA,VT,UDS 4.0,2024-11-30,USD,Thousands,Consolidated,US GAAP,Audited,Annual,380.064,,6162.897,,,,,11515.45,,,,,6811.606,,,,,-717.071,,47645.134,,,,57.698,,-1282.765,806.814,,,,0.0,
MCGEE CDJR OF SPRINGFIELD  44500,T001T44500,NAICS,4411,,,USA,VT,UDS 4.0,2023-11-30,USD,Thousands,Consolidated,US GAAP,Audited,Annual,,,,,,,,,,,,,,,,,,,,57346.872,,,,,,37.82,,,,,,
LARRY H MILLER LIBERTY TOYOTA COLORADO SPRINGS  05059,T001T05059,NAICS,4411,,,USA,CO,UDS 4.0,2021-10-31,USD,Thousands,Consolidated,US GAAP,Audited,Annual,3488.322,,3075.315,,,,,9559.907,,,,,6065.816,,,,,-1181.879,,129297.785,,,,846.508,,7230.872,542.287,,,,8381.971,
LARRY H MILLER LIBERTY TOYOTA COLORADO SPRINGS  05059,T001T05059,NAICS,4411,,,USA,CO,UDS 4.0,2020-10-31,USD,Thousands,Consolidated,US GAAP,Audited,Annual,,,,,,,,,,,,,,,,,,,,112038.712,,,,,,3563.771,,,,,,
MCGEE HYUNDAI OF BARRE  44526,T001T44526,NAICS,4411,,,USA,VT,UDS 4.0,2025-03-31,USD,Thousands,Consolidated,US GAAP,Audited,Annual,-343.744,,6904.59,,,,,10106.898,,,,,8117.846,,,,,-291.812,,33129.695,,,,12.773,,-101.509,27.688,,,,247.95,
MCGEE HYUNDAI OF BARRE  44526,T001T44526,NAICS,4411,,,USA,VT,UDS 4.0,2024-03-31,USD,Thousands,Consolidated,US GAAP,Audited,Annual,,,,,,,,,,,,,,,,,,,,28428.91,,,,,,-319.48,,,,,,
LHM TOYOTA LEMON GROVE  04097,T001T04097,NAICS,4411,,,USA,CA,UDS 4.0,2021-11-30,USD,Thousands,Consolidated,US GAAP,Audited,Annual,2775.422,,2225.111,,,,,18490.061,,,,,3509.582,,,,,-1058.643,,97175.162,,,,759.323,,4088.423,342.384,,,,4363.785,
LHM TOYOTA LEMON GROVE  04097,T001T04097,NAICS,4411,,,USA,CA,UDS 4.0,2020-11-30,USD,Thousands,Consolidated,US GAAP,Audited,Annual,,,,,,,,,,,,,,,,,,,,83461.664,,,,,,889.678,,,,,,
WILDE CHRYSLER JEEP DODGE  48950  SUBARU  48912,T001T48950,NAICS,4411,,,USA,WI,UDS 4.0,2022-08-31,USD,Thousands,Consolidated,US GAAP,Audited,Annual,5773.854,,6146.031,,,,,15165.435,,,,,3485.663,,,,,8394.634,,134120.618,,,,981.848,,3747.855,772.719,,,,5828.059,
WILDE CHRYSLER JEEP DODGE  48950  SUBARU  48912,T001T48950,NAICS,4411,,,USA,WI,UDS 4.0,2021-08-31,USD,Thousands,Consolidated,US GAAP,Audited,Annual,,,,,,,,,,,,,,,,,,,,159132.965,,,,,,2814.466,,,,,,
KIA OF MUNCIE  13913,T001T13913,NAICS,4411,,,USA,IN,UDS 4.0,2025-03-31,USD,Thousands,Consolidated,US GAAP,Audited,Annual,114.805,,6393.395,,,,,11260.101,,,,,7869.345,,,,,3765.273,,48034.169,,,,12.579,,-1230.236,302.312,,,,238.403,
KIA OF MUNCIE  13913,T001T13913,NAICS,4411,,,USA,IN,UDS 4.0,2024-03-31,USD,Thousands,Consolidated,US GAAP,Audited,Annual,,,,,,,,,,,,,,,,,,,,56060.659,,,,,,-691.59,,,,,,
PRINCIPLE TOYOTA HERNANDO  23079,T001T23079,NAICS,4411,,,USA,MS,UDS 4.0,2025-03-31,USD,Thousands,Consolidated,US GAAP,Audited,Annual,1707.601,,6388.756,,,,,11670.461,,,,,7212.769,,,,,3850.624,,111491.937,,,,197.006,,2023.329,88.716,,,,4705.335,
PRINCIPLE TOYOTA HERNANDO  23079,T001T23079,NAICS,4411,,,USA,MS,UDS 4.0,2024-03-31,USD,Thousands,Consolidated,US GAAP,Audited,Annual,,,,,,,,,,,,,,,,,,,,86031.766,,,,,,-329.043,,,,,,
TETON VOLKSWAGEN  11984,T001T11984,NAICS,4411,,,USA,ID,UDS 4.0,2024-05-31,USD,Thousands,Consolidated,US GAAP,Audited,Annual,277.475,,6307.019,,,,,8168.557,,,,,6459.146,,,,,1780.757,,39779.117,,,,0.0,,58.831,233.467,,,,431.713,
TETON VOLKSWAGEN  11984,T001T11984,NAICS,4411,,,USA,ID,UDS 4.0,2023-05-31,USD,Thousands,Consolidated,US GAAP,Audited,Annual,,,,,,,,,,,,,,,,,,,,31355.552,,,,,,311.875,,,,,,
LEXUS OF ROUTE 10  62912,T001T62912,NAICS,4411,,,USA,NJ,UDS 4.0,2025-03-31,USD,Thousands,Consolidated,US GAAP,Audited,Annual,12786.691,,22832.072,,,,,54413.926,,,,,29454.231,,,,,20765.391,,206577.044,,,,2283.131,,-294.919,1560.467,,,,12661.646,
LEXUS OF ROUTE 10  62912,T001T62912,NAICS,4411,,,USA,NJ,UDS 4.0,2024-03-31,USD,Thousands,Consolidated,US GAAP,Audited,Annual,,,,,,,,,,,,,,,,,,,,185904.856,,,,,,-601.217,,,,,,
KIM S TOYOTA  23062  CHRYSLER DODGE JEEP RAM FIAT  23860,T001T23062,NAICS,4411,,,USA,MS,UDS 4.0,2025-03-31,USD,Thousands,Consolidated,US GAAP,Audited,Annual,2785.383,,10802.525,,,,,18072.095,,,,,9445.511,,,,,7020.53,,57847.087,,,,13.537,,-1042.448,100.485,,,,574.165,
KIM S TOYOTA  23062  CHRYSLER DODGE JEEP RAM FIAT  23860,T001T23062,NAICS,4411,,,USA,MS,UDS 4.0,2024-03-31,USD,Thousands,Consolidated,US GAAP,Audited,Annual,,,,,,,,,,,,,,,,,,,,59673.945,,,,,,-231.947,,,,,,
FALMOUTH TOYOTA  20096,T001T20096,NAICS,4411,,,USA,MA,UDS 4.0,2025-03-31,USD,Thousands,Consolidated,US GAAP,Audited,Annual,8772.26,,6864.147,,,,,18442.031,,,,,5239.643,,,,,19683.765,,91858.656,,,,53.21,,3393.514,103.034,,,,4031.842,
FALMOUTH TOYOTA  20096,T001T20096,NAICS,4411,,,USA,MA,UDS 4.0,2024-03-31,USD,Thousands,Consolidated,US GAAP,Audited,Annual,,,,,,,,,,,,,,,,,,,,86954.553,,,,,,3243.882,,,,,,
RIVERHEAD TOYOTA  31139,T001T31139,NAICS,4411,,,USA,NY,UDS 4.0,2025-03-31,USD,Thousands,Consolidated,US GAAP,Audited,Annual,4331.747,,6618.072,,,,,22786.963,,,,,4672.677,,,,,12605.921,,98121.286,,,,88.159,,3427.162,28.78,,,,5260.896,
RIVERHEAD TOYOTA  31139,T001T31139,NAICS,4411,,,USA,NY,UDS 4.0,2024-03-31,USD,Thousands,Consolidated,US GAAP,Audited,Annual,,,,,,,,,,,,,,,,,,,,96089.728,,,,,,4274.914,,,,,,
DOWN EAST TOYOTA  18010,T001T18010,NAICS,4411,,,USA,ME,UDS 4.0,2025-03-31,USD,Thousands,Consolidated,US GAAP,Audited,Annual,9900.027,,5982.608,,,,,19644.228,,,,,6968.109,,,,,10028.74,,110351.198,,,,444.067,,3611.714,350.877,,,,3088.279,
DOWN EAST TOYOTA  18010,T001T18010,NAICS,4411,,,USA,ME,UDS 4.0,2024-03-31,USD,Thousands,Consolidated,US GAAP,Audited,Annual,,,,,,,,,,,,,,,,,,,,89465.63,,,,,,2402.906,,,,,,
WILKIE LEXUS  63701  CHESTER SPRINGS  63731,T001T63701,NAICS,4411,,,USA,PA,UDS 4.0,2025-03-31,USD,Thousands,Consolidated,US GAAP,Audited,Annual,3397.008,,6734.525,,,,,33800.57,,,,,13192.316,,,,,15526.922,,202620.862,,,,2229.968,,5246.85,1708.941,,,,7360.732,
WILKIE LEXUS  63701  CHESTER SPRINGS  63731,T001T63701,NAICS,4411,,,USA,PA,UDS 4.0,2024-03-31,USD,Thousands,Consolidated,US GAAP,Audited,Annual,,,,,,,,,,,,,,,,,,,,192924.227,,,,,,5350.308,,,,,,
SECRET CITY CDJR  41501,T001T41501,NAICS,4411,,,USA,TN,UDS 4.0,2025-03-31,USD,Thousands,Consolidated,US GAAP,Audited,Annual,1624.617,,10159.256,,,,,18579.758,,,,,12417.954,,,,,-2571.837,,60486.808,,,,149.877,,-2067.236,593.419,,,,523.904,
SECRET CITY CDJR  41501,T001T41501,NAICS,4411,,,USA,TN,UDS 4.0,2024-03-31,USD,Thousands,Consolidated,US GAAP,Audited,Annual,,,,,,,,,,,,,,,,,,,,58489.559,,,,,,-1932.71,,,,,,
SHELOR TOYOTA  45036,T001T45036,NAICS,4411,,,USA,VA,UDS 4.0,2025-03-31,USD,Thousands,Consolidated,US GAAP,Audited,Annual,1003.954,,3395.432,,,,,19622.179,,,,,5945.677,,,,,3465.88,,79188.387,,,,324.51,,2851.58,189.144,,,,3913.696,
SHELOR TOYOTA  45036,T001T45036,NAICS,4411,,,USA,VA,UDS 4.0,2024-03-31,USD,Thousands,Consolidated,US GAAP,Audited,Annual,,,,,,,,,,,,,,,,,,,,91404.272,,,,,,5109.687,,,,,,
NEW HOLLAND TOYOTA  37184  CDJ RAM  37670  FORD  37856  ISUZU TRUCKS  37863,T001T37184,NAICS,4411,,,USA,PA,UDS 4.0,2025-03-31,USD,Thousands,Consolidated,US GAAP,Audited,Annual,1789.095,,32471.401,,,,,54314.986,,,,,31109.159,,,,,15475.407,,190740.424,,,,457.373,,-510.998,1027.624,,,,2756.925,
NEW HOLLAND TOYOTA  37184  CDJ RAM  37670  FORD  37856  ISUZU TRUCKS  37863,T001T37184,NAICS,4411,,,USA,PA,UDS 4.0,2024-03-31,USD,Thousands,Consolidated,US GAAP,Audited,Annual,,,,,,,,,,,,,,,,,,,,208685.294,,,,,,313.866,,,,,,
TOYOTA OF ROCKWALL  42302,T001T42302,NAICS,4411,,,USA,TX,UDS 4.0,2025-03-31,USD,Thousands,Consolidated,US GAAP,Audited,Annual,4301.062,,6665.437,,,,,26800.544,,,,,8316.402,,,,,13944.848,,135730.526,,,,663.928,,442.258,388.03,,,,1935.256,
TOYOTA OF ROCKWALL  42302,T001T42302,NAICS,4411,,,USA,TX,UDS 4.0,2024-03-31,USD,Thousands,Consolidated,US GAAP,Audited,Annual,,,,,,,,,,,,,,,,,,,,111849.297,,,,,,1455.923,,,,,,
WEST HERR TOYOTA OF CANANDAIGUA  31197,T001T31197,NAICS,4411,,,USA,NY,UDS 4.0,2025-03-31,USD,Thousands,Consolidated,US GAAP,Audited,Annual,1847.813,,4275.511,,,,,13910.665,,,,,4463.17,,,,,-1656.198,,91554.116,,,,398.22,,2339.056,22.648,,,,3414.772,
JOHN ELWAY S CROWN TOYON,T001T04554,NAICS,4411,,,USA,CA,UDS 4.0,2022-08-31,USD,Thousands,Consolidated,US GAAP,Audited,Annual,11340.265,,5262.676,,,,,56130.788,,,,,5352.737,,,,,43067.424,,306953.9145,,,,2025.576,,18015.0975,1612.017,,,,22365.9405,
JOHN ELWAY S CROWN TOYON,T001T04554,NAICS,4411,,,USA,CA,UDS 4.0,2021-08-31,USD,Thousands,Consolidated,US GAAP,Audited,Annual,,,,,,,,,,,,,,,,,,,,377653.209,,,,,,18989.01,,,,,,
PRIORITY TOYOTA HAMPTON,T001T45090,NAICS,4411,,,USA,VA,UDS 4.0,2023-05-31,USD,Thousands,Consolidated,US GAAP,Audited,Annual,1834.303,,1694.993,,,,,16062.697,,,,,3593.793,,,,,13722.517,,72929.0136,,,,487.1568,,5006.6232,246.78,,,,6731.724,
PRIORITY TOYOTA HAMPTON,T001T45090,NAICS,4411,,,USA,VA,UDS 4.0,2022-05-31,USD,Thousands,Consolidated,US GAAP,Audited,Annual,,,,,,,,,,,,,,,,,,,,75601.762,,,,,,4923.395,,,,,,
JOHNSON HYUNDAI OF APEX  32877  GENESIS OF CARY  32875,T001T32877,NAICS,4411,,,USA,NC,UDS 4.0,2025-03-31,USD,Thousands,Consolidated,US GAAP,Audited,Annual,4550.951,,34791.284,,,,,56512.136,,,,,41113.486,,,,,2847.132,,201606.39,,,,130.827,,-5147.742,452.179,,,,0.0,
JOHNSON HYUNDAI OF APEX  32877  GENESIS OF CARY  32875,T001T32877,NAICS,4411,,,USA,NC,UDS 4.0,2024-03-31,USD,Thousands,Consolidated,US GAAP,Audited,Annual,,,,,,,,,,,,,,,,,,,,176513.935,,,,,,-2944.424,,,,,,
PRICE FAMILY INEOS GRENADIER  54480,T001T54480,NAICS,4411,,,USA,CA,UDS 4.0,2025-03-31,USD,Thousands,Consolidated,US GAAP,Audited,Annual,645.44,,3659.444,,,,,5973.46,,,,,3899.253,,,,,35.339,,19653.408,,,,83.772,,-144.916,23.08,,,,539.66,
MAZDA OF PALM BEACH  09910,T001T09910,NAICS,4411,,,USA,FL,UDS 4.0,2020-12-31,USD,Thousands,Consolidated,US GAAP,Audited,Annual,1279.395,,12586.044,,,,,33684.96,,,,,15805.879,,,,,-0.002,,68020.573,,,,190.259,,-823.195,539.794,,,,1333.877,
MAZDA OF PALM BEACH  09910,T001T09910,NAICS,4411,,,USA,FL,UDS 4.0,2019-12-31,USD,Thousands,Consolidated,US GAAP,Audited,Annual,,,,,,,,,,,,,,,,,,,,49215.681,,,,,,-1785.075,,,,,,
SUNRISE TOYOTA  31178,T001T31178,NAICS,4411,,,USA,NY,UDS 4.0,2025-03-31,USD,Thousands,Consolidated,US GAAP,Audited,Annual,5266.769,,15125.427,,,,,35187.549,,,,,17920.19,,,,,31680.086,,181481.947,,,,708.932,,2152.11,304.368,,,,6913.788,
SUNRISE TOYOTA  31178,T001T31178,NAICS,4411,,,USA,NY,UDS 4.0,2024-03-31,USD,Thousands,Consolidated,US GAAP,Audited,Annual,,,,,,,,,,,,,,,,,,,,142443.947,,,,,,2735.134,,,,,,
STEVINSON CHEV WEST  INC  05860,T001T05860,NAICS,4411,,,USA,CO,UDS 4.0,2021-11-30,USD,Thousands,Consolidated,US GAAP,Audited,Annual,1457.79,,3550.691,,,,,7102.204,,,,,2022.839,,,,,8877.301,,56178.076,,,,611.841,,2329.751,529.795,,,,3090.71,
STEVINSON CHEV WEST  INC  05860,T001T05860,NAICS,4411,,,USA,CO,UDS 4.0,2020-11-30,USD,Thousands,Consolidated,US GAAP,Audited,Annual,,,,,,,,,,,,,,,,,,,,53725.369,,,,,,252.738,,,,,,
TOYOTA WORLD OF CLINTON  29114,T001T29114,NAICS,4411,,,USA,NJ,UDS 4.0,2025-03-31,USD,Thousands,Consolidated,US GAAP,Audited,Annual,589.99,,2900.931,,,,,13355.919,,,,,4723.477,,,,,0.001,,43696.984,,,,167.687,,-340.723,276.611,,,,558.988,
TOYOTA WORLD OF CLINTON  29114,T001T29114,NAICS,4411,,,USA,NJ,UDS 4.0,2024-03-31,USD,Thousands,Consolidated,US GAAP,Audited,Annual,,,,,,,,,,,,,,,,,,,,36318.585,,,,,,-275.789,,,,,,
BURNSVILLE TOYOTA  22041,T001T22041,NAICS,4411,,,USA,MN,UDS 4.0,2025-03-31,USD,Thousands,Consolidated,US GAAP,Audited,Annual,15590.443,,11900.619,,,,,76828.572,,,,,5708.1,,,,,82828.426,,166262.345,,,,602.138,,10211.516,343.632,,,,13054.002,
BURNSVILLE TOYOTA  22041,T001T22041,NAICS,4411,,,USA,MN,UDS 4.0,2024-03-31,USD,Thousands,Consolidated,US GAAP,Audited,Annual,,,,,,,,,,,,,,,,,,,,174581.651,,,,,,11976.804,,,,,,
DIEHL TOYOTA OF BUTLER  37157,T001T37157,NAICS,4411,,,USA,PA,UDS 4.0,2025-03-31,USD,Thousands,Consolidated,US GAAP,Audited,Annual,2751.346,,14794.426,,,,,26377.335,,,,,16384.532,,,,,1672.056,,129907.641,,,,8.0,,-5344.104,339.651,,,,0.0,
DIEHL TOYOTA OF BUTLER  37157,T001T37157,NAICS,4411,,,USA,PA,UDS 4.0,2024-03-31,USD,Thousands,Consolidated,US GAAP,Audited,Annual,,,,,,,,,,,,,,,,,,,,121377.196,,,,,,-3689.489,,,,,,
PATRIOT HYUNDAI OF BRADLEY  12602,T001T12602,NAICS,4411,,,USA,IL,UDS 4.0,2025-03-31,USD,Thousands,Consolidated,US GAAP,Audited,Annual,-80.065,,4444.109,,,,,4480.563,,,,,4487.663,,,,,0.0,,,,,,0.0,,-28.4,0.0,,,,0.0,
SUPERSTITION SPRINGS LEXUS  60206,T001T60206,NAICS,4411,,,USA,AZ,UDS 4.0,2025-03-31,USD,Thousands,Consolidated,US GAAP,Audited,Annual,3457.416,,2986.171,,,,,25056.719,,,,,6950.411,,,,,29818.9,,121404.825,,,,1077.414,,3490.041,874.087,,,,7370.694,
SUPERSTITION SPRINGS LEXUS  60206,T001T60206,NAICS,4411,,,USA,AZ,UDS 4.0,2024-03-31,USD,Thousands,Consolidated,US GAAP,Audited,Annual,,,,,,,,,,,,,,,,,,,,112386.29,,,,,,3574.28,,,,,,
PREFERRED C D J R OF G H   21903,T001T21903,NAICS,4411,,,USA,MI,UDS 4.0,2023-09-30,USD,Thousands,Consolidated,US GAAP,Audited,Annual,2371.728,,5445.017,,,,,9027.369,,,,,7094.282,,,,,2082.134,,28925.933,,,,60.145,,-444.452,182.437,,,,0.0,
PREFERRED C D J R OF G H   21903,T001T21903,NAICS,4411,,,USA,MI,UDS 4.0,2022-09-30,USD,Thousands,Consolidated,US GAAP,Audited,Annual,,,,,,,,,,,,,,,,,,,,34735.987,,,,,,794.289,,,,,,
CRYSTAL TOYOTA,T001T29087,NAICS,4411,,,USA,NJ,UDS 4.0,2023-06-30,USD,Thousands,Consolidated,US GAAP,Audited,Annual,14418.965,,5010.301,,,,,31073.633,,,,,19082.63,,,,,8238.528,,100916.922,,,,403.882,,3511.054,378.29,,,,9497.178,
CRYSTAL TOYOTA,T001T29087,NAICS,4411,,,USA,NJ,UDS 4.0,2022-06-30,USD,Thousands,Consolidated,US GAAP,Audited,Annual,,,,,,,,,,,,,,,,,,,,122796.445,,,,,,-1205.462,,,,,,
LEXUS OF LEXINGTON  61602,T001T61602,NAICS,4411,,,USA,KY,UDS 4.0,2025-03-31,USD,Thousands,Consolidated,US GAAP,Audited,Annual,3595.93,,10752.519,,,,,25668.78,,,,,16723.334,,,,,1985.501,,208279.307,,,,2490.271,,-3744.579,1992.171,,,,9037.327,
LEXUS OF LEXINGTON  61602,T001T61602,NAICS,4411,,,USA,KY,UDS 4.0,2024-03-31,USD,Thousands,Consolidated,US GAAP,Audited,Annual,,,,,,,,,,,,,,,,,,,,183310.071,,,,,,-4231.257,,,,,,
BAYSIDE PRE OWNED  19813,T001T19813,NAICS,4411,,,USA,MD,UDS 4.0,2025-03-31,USD,Thousands,Consolidated,US GAAP,Audited,Annual,16.415,,1330.505,,,,,1592.89,,,,,2055.559,,,,,47.252,,14188.383,,,,0.0,,-970.764,83.722,,,,0.0,
BAYSIDE PRE OWNED  19813,T001T19813,NAICS,4411,,,USA,MD,UDS 4.0,2024-03-31,USD,Thousands,Consolidated,US GAAP,Audited,Annual,,,,,,,,,,,,,,,,,,,,17803.431,,,,,,-804.383,,,,,,
LLOYDS TOYOTA  33010,T001T33010,NAICS,4411,,,USA,ND,UDS 4.0,2025-03-31,USD,Thousands,Consolidated,US GAAP,Audited,Annual,1325.035,,1678.851,,,,,3685.33,,,,,807.149,,,,,1416.458,,7863.995,,,,51.969,,44.424,16.113,,,,158.256,
LLOYDS TOYOTA  33010,T001T33010,NAICS,4411,,,USA,ND,UDS 4.0,2024-03-31,USD,Thousands,Consolidated,US GAAP,Audited,Annual,,,,,,,,,,,,,,,,,,,,8911.802,,,,,,282.263,,,,,,
THOMPSON TOYOTA  37065,T001T37065,NAICS,4411,,,USA,PA,UDS 4.0,2025-03-31,USD,Thousands,Consolidated,US GAAP,Audited,Annual,3588.485,,6211.079,,,,,22091.004,,,,,6721.061,,,,,17043.455,,88594.918,,,,441.678,,2240.193,351.431,,,,4174.03,
THOMPSON TOYOTA  37065,T001T37065,NAICS,4411,,,USA,PA,UDS 4.0,2024-03-31,USD,Thousands,Consolidated,US GAAP,Audited,Annual,,,,,,,,,,,,,,,,,,,,92981.419,,,,,,3898.996,,,,,,
VISALIA TOYOTA  04215,T001T04215,NAICS,4411,,,USA,CA,UDS 4.0,2025-03-31,USD,Thousands,Consolidated,US GAAP,Audited,Annual,8191.027,,3209.242,,,,,19150.364,,,,,5795.601,,,,,21152.489,,64838.66,,,,521.45,,1651.515,187.562,,,,2694.541,
VISALIA TOYOTA  04215,T001T04215,NAICS,4411,,,USA,CA,UDS 4.0,2024-03-31,USD,Thousands,Consolidated,US GAAP,Audited,Annual,,,,,,,,,,,,,,,,,,,,66840.073,,,,,,3174.551,,,,,,
ANTWERPEN S TOYOTA  19044,T001T19044,NAICS,4411,,,USA,MD,UDS 4.0,2025-03-31,USD,Thousands,Consolidated,US GAAP,Audited,Annual,6589.622,,6446.473,,,,,22180.713,,,,,7360.756,,,,,10875.325,,95014.675,,,,188.167,,-1460.663,96.404,,,,1431.498,
ANTWERPEN S TOYOTA  19044,T001T19044,NAICS,4411,,,USA,MD,UDS 4.0,2024-03-31,USD,Thousands,Consolidated,US GAAP,Audited,Annual,,,,,,,,,,,,,,,,,,,,91574.987,,,,,,-532.535,,,,,,
BUTTE TOYOTA  25067,T001T25067,NAICS,4411,,,USA,MT,UDS 4.0,2025-03-31,USD,Thousands,Consolidated,US GAAP,Audited,Annual,1776.158,,3760.198,,,,,8002.036,,,,,3266.585,,,,,3550.917,,23496.856,,,,136.5,,127.648,51.297,,,,884.629,
BUTTE TOYOTA  25067,T001T25067,NAICS,4411,,,USA,MT,UDS 4.0,2024-03-31,USD,Thousands,Consolidated,US GAAP,Audited,Annual,,,,,,,,,,,,,,,,,,,,26305.356,,,,,,387.392,,,,,,
ACURA OF HUNTINGTON  31515,T001T31515,NAICS,4411,,,USA,NY,UDS 4.0,2025-03-31,USD,Thousands,Consolidated,US GAAP,Audited,Annual,3459.144,,7183.373,,,,,13748.793,,,,,7309.456,,,,,3248.373,,41005.929,,,,158.522,,-1015.426,152.222,,,,140.79,
ACURA OF HUNTINGTON  31515,T001T31515,NAICS,4411,,,USA,NY,UDS 4.0,2024-03-31,USD,Thousands,Consolidated,US GAAP,Audited,Annual,,,,,,,,,,,,,,,,,,,,48442.389,,,,,,-387.573,,,,,,
QUEENSBORO TOYOTA  31039,T001T31039,NAICS,4411,,,USA,NY,UDS 4.0,2025-03-31,USD,Thousands,Consolidated,US GAAP,Audited,Annual,3042.347,,2876.805,,,,,11323.462,,,,,1792.858,,,,,20375.476,,59759.224,,,,35.769,,5249.919,17.542,,,,6750.626,
QUEENSBORO TOYOTA  31039,T001T31039,NAICS,4411,,,USA,NY,UDS 4.0,2024-03-31,USD,Thousands,Consolidated,US GAAP,Audited,Annual,,,,,,,,,,,,,,,,,,,,68226.027,,,,,,7157.265,,,,,,
JOHNSON MASERATI OF CARY  32908  ALFA ROMEO  32701,T001T32908,NAICS,4411,,,USA,NC,UDS 4.0,2025-03-31,USD,Thousands,Consolidated,US GAAP,Audited,Annual,342.556,,2620.306,,,,,992.023,,,,,2509.496,,,,,-6788.974,,7508.389,,,,4.454,,-1294.509,227.582,,,,0.0,
JOHNSON MASERATI OF CARY  32908  ALFA ROMEO  32701,T001T32908,NAICS,4411,,,USA,NC,UDS 4.0,2024-03-31,USD,Thousands,Consolidated,US GAAP,Audited,Annual,,,,,,,,,,,,,,,,,,,,7563.565,,,,,,-1034.379,,,,,,
SCANLON LEXUS OF FT MYERS  60908,T001T60908,NAICS,4411,,,USA,FL,UDS 4.0,2025-03-31,USD,Thousands,Consolidated,US GAAP,Audited,Annual,9430.623,,4344.844,,,,,20087.964,,,,,8650.964,,,,,29790.666,,148401.291,,,,1611.335,,154.38,1193.29,,,,7780.228,
SCANLON LEXUS OF FT MYERS  60908,T001T60908,NAICS,4411,,,USA,FL,UDS 4.0,2024-03-31,USD,Thousands,Consolidated,US GAAP,Audited,Annual,,,,,,,,,,,,,,,,,,,,150726.421,,,,,,-623.941,,,,,,
SWICKARD TOYOTA  46109,T001T46109,NAICS,4411,,,USA,WA,UDS 4.0,2025-03-31,USD,Thousands,Consolidated,US GAAP,Audited,Annual,69.424,,7526.39,,,,,46404.52,,,,,9736.328,,,,,19301.432,,133247.259,,,,340.214,,-215.476,699.046,,,,3402.505,
SWICKARD TOYOTA  46109,T001T46109,NAICS,4411,,,USA,WA,UDS 4.0,2024-03-31,USD,Thousands,Consolidated,US GAAP,Audited,Annual,,,,,,,,,,,,,,,,,,,,128958.507,,,,,,1134.604,,,,,,
RALLYE LEXUS  63105,T001T63105,NAICS,4411,,,USA,NY,UDS 4.0,2025-03-31,USD,Thousands,Consolidated,US GAAP,Audited,Annual,804.172,,6261.792,,,,,13557.675,,,,,7092.351,,,,,0.002,,92907.256,,,,896.304,,-370.064,733.408,,,,1699.891,
RALLYE LEXUS  63105,T001T63105,NAICS,4411,,,USA,NY,UDS 4.0,2024-03-31,USD,Thousands,Consolidated,US GAAP,Audited,Annual,,,,,,,,,,,,,,,,,,,,92283.931,,,,,,-906.524,,,,,,
TEMECULA VALLEY TOYOTA  04819,T001T04819,NAICS,4411,,,USA,CA,UDS 4.0,2025-03-31,USD,Thousands,Consolidated,US GAAP,Audited,Annual,8357.432,,11450.141,,,,,63915.712,,,,,18441.055,,,,,54463.906,,296880.15,,,,1652.838,,4662.199,987.007,,,,13980.979,
TEMECULA VALLEY TOYOTA  04819,T001T04819,NAICS,4411,,,USA,CA,UDS 4.0,2024-03-31,USD,Thousands,Consolidated,US GAAP,Audited,Annual,,,,,,,,,,,,,,,,,,,,272284.202,,,,,,9527.409,,,,,,
TOYOTA OF HACKENSACK  29025,T001T29025,NAICS,4411,,,USA,NJ,UDS 4.0,2025-03-31,USD,Thousands,Consolidated,US GAAP,Audited,Annual,9669.09,,8931.408,,,,,26133.271,,,,,11537.136,,,,,14468.787,,169228.137,,,,341.449,,-2584.118,343.396,,,,371.013,
TOYOTA OF HACKENSACK  29025,T001T29025,NAICS,4411,,,USA,NJ,UDS 4.0,2024-03-31,USD,Thousands,Consolidated,US GAAP,Audited,Annual,,,,,,,,,,,,,,,,,,,,169168.466,,,,,,-534.648,,,,,,
MAGUIRE CHRYSLER DODGE JEEP RAM OF SYRACUSE  31406,T001T31406,NAICS,4411,,,USA,NY,UDS 4.0,2025-03-31,USD,Thousands,Consolidated,US GAAP,Audited,Annual,418.164,,11887.126,,,,,24394.248,,,,,12006.587,,,,,384.084,,65787.744,,,,291.432,,-681.51,509.769,,,,882.246,
MAGUIRE CHRYSLER DODGE JEEP RAM OF SYRACUSE  31406,T001T31406,NAICS,4411,,,USA,NY,UDS 4.0,2024-03-31,USD,Thousands,Consolidated,US GAAP,Audited,Annual,,,,,,,,,,,,,,,,,,,,91673.054,,,,,,539.919,,,,,,
SAM LEMAN TOY BLOOMINGTON  12156,T001T12156,NAICS,4411,,,USA,IL,UDS 4.0,2025-03-31,USD,Thousands,Consolidated,US GAAP,Audited,Annual,-190.639,,6356.18,,,,,21196.942,,,,,3188.531,,,,,9747.297,,78313.419,,,,400.823,,1719.564,300.439,,,,4319.961,
SAM LEMAN TOY BLOOMINGTON  12156,T001T12156,NAICS,4411,,,USA,IL,UDS 4.0,2024-03-31,USD,Thousands,Consolidated,US GAAP,Audited,Annual,,,,,,,,,,,,,,,,,,,,83051.498,,,,,,2476.05,,,,,,
MIKE SHAW TOYOTA  42304,T001T42304,NAICS,4411,,,USA,TX,UDS 4.0,2025-03-31,USD,Thousands,Consolidated,US GAAP,Audited,Annual,943.581,,7075.359,,,,,14321.046,,,,,7161.24,,,,,4994.935,,91629.463,,,,533.279,,837.084,224.555,,,,2255.064,
MIKE SHAW TOYOTA  42304,T001T42304,NAICS,4411,,,USA,TX,UDS 4.0,2024-03-31,USD,Thousands,Consolidated,US GAAP,Audited,Annual,,,,,,,,,,,,,,,,,,,,95994.326,,,,,,1312.427,,,,,,
SIERRA RENTAL CAR  LLC  54799,T001T54799,NAICS,4411,,,USA,CA,UDS 4.0,2023-06-30,USD,Thousands,Consolidated,US GAAP,Audited,Annual,256.42554,,0.0,,,,,2804.45453,,,,,3497.77292,,,,,-371.00039,,637.44006,,,,873.59687,,-684.55174,217.62081,,,,0.0,
SIERRA RENTAL CAR  LLC  54799,T001T54799,NAICS,4411,,,USA,CA,UDS 4.0,2022-06-30,USD,Thousands,Consolidated,US GAAP,Audited,Annual,,,,,,,,,,,,,,,,,,,,638.76062,,,,,,-493.03124,,,,,,
KOONS EASTON TOYOTA,T001T19068,NAICS,4411,,,USA,MD,UDS 4.0,2023-11-30,USD,Thousands,Consolidated,US GAAP,Audited,Annual,2054.953,,2980.018,,,,,5969.7,,,,,3273.392,,,,,-1366.999,,56666.186181818,,,,399.460363636,,1374.764727273,212.720727273,,,,2465.511272727,
KOONS EASTON TOYOTA,T001T19068,NAICS,4411,,,USA,MD,UDS 4.0,2022-11-30,USD,Thousands,Consolidated,US GAAP,Audited,Annual,,,,,,,,,,,,,,,,,,,,58379.506,,,,,,2018.816,,,,,,
LEXUS OF BRIDGEWATER  62915  LEXUS OF EDISON  62932,T001T62915,NAICS,4411,,,USA,NJ,UDS 4.0,2025-03-31,USD,Thousands,Consolidated,US GAAP,Audited,Annual,12103.962,,7504.53,,,,,57879.908,,,,,22509.993,,,,,0.0,,223156.082,,,,2708.3,,-2759.036,2482.034,,,,9007.078,
LEXUS OF BRIDGEWATER  62915  LEXUS OF EDISON  62932,T001T62915,NAICS,4411,,,USA,NJ,UDS 4.0,2024-03-31,USD,Thousands,Consolidated,US GAAP,Audited,Annual,,,,,,,,,,,,,,,,,,,,186889.233,,,,,,-1371.848,,,,,,
DON MOORE TOYOTA  16059,T001T16059,NAICS,4411,,,USA,KY,UDS 4.0,2025-03-31,USD,Thousands,Consolidated,US GAAP,Audited,Annual,1942.342,,3791.313,,,,,7705.198,,,,,4564.74,,,,,2344.494,,42158.029,,,,198.614,,1001.934,153.086,,,,1678.565,
DON MOORE TOYOTA  16059,T001T16059,NAICS,4411,,,USA,KY,UDS 4.0,2024-03-31,USD,Thousands,Consolidated,US GAAP,Audited,Annual,,,,,,,,,,,,,,,,,,,,38862.437,,,,,,892.814,,,,,,
JEFF WYLER TOY CLARKSVLLE  13047,T001T13047,NAICS,4411,,,USA,IN,UDS 4.0,2025-03-31,USD,Thousands,Consolidated,US GAAP,Audited,Annual,2568.467,,6890.413,,,,,13465.64,,,,,5005.612,,,,,6426.532,,133691.417,,,,507.696,,2883.747,318.708,,,,5194.257,
JEFF WYLER TOY CLARKSVLLE  13047,T001T13047,NAICS,4411,,,USA,IN,UDS 4.0,2024-03-31,USD,Thousands,Consolidated,US GAAP,Audited,Annual,,,,,,,,,,,,,,,,,,,,117535.41,,,,,,3715.731,,,,,,
CHATHAM PARKWAY LEXUS  61004,T001T61004,NAICS,4411,,,USA,GA,UDS 4.0,2025-03-31,USD,Thousands,Consolidated,US GAAP,Audited,Annual,3884.471,,2863.377,,,,,14808.615,,,,,7138.933,,,,,7114.466,,68801.086,,,,720.018,,360.671,564.344,,,,3845.441,
CHATHAM PARKWAY LEXUS  61004,T001T61004,NAICS,4411,,,USA,GA,UDS 4.0,2024-03-31,USD,Thousands,Consolidated,US GAAP,Audited,Annual,,,,,,,,,,,,,,,,,,,,69383.309,,,,,,-418.562,,,,,,
TOYOTA OF SLIDELL  17061,T001T17061,NAICS,4411,,,USA,LA,UDS 4.0,2024-11-30,USD,Thousands,Consolidated,US GAAP,Audited,Annual,1151.955,,2521.27,,,,,7429.585,,,,,4582.958,,,,,422.364,,59098.309,,,,222.971,,-72.673,90.298,,,,1772.348,
TOYOTA OF SLIDELL  17061,T001T17061,NAICS,4411,,,USA,LA,UDS 4.0,2023-11-30,USD,Thousands,Consolidated,US GAAP,Audited,Annual,,,,,,,,,,,,,,,,,,,,60105.726,,,,,,766.842,,,,,,
HATCH STATELINE TOYOTA  30047  HATCH CDJR  30961,T001T30047,NAICS,4411,,,USA,NM,UDS 4.0,2025-03-31,USD,Thousands,Consolidated,US GAAP,Audited,Annual,1251.412,,3165.832,,,,,6044.219,,,,,1521.826,,,,,2292.026,,28772.543,,,,12.42,,189.789,13.878,,,,803.565,
HATCH STATELINE TOYOTA  30047  HATCH CDJR  30961,T001T30047,NAICS,4411,,,USA,NM,UDS 4.0,2024-03-31,USD,Thousands,Consolidated,US GAAP,Audited,Annual,,,,,,,,,,,,,,,,,,,,30441.991,,,,,,529.695,,,,,,
FREEWAY TOYOTA OF HANFORD  04676,T001T04676,NAICS,4411,,,USA,CA,UDS 4.0,2025-03-31,USD,Thousands,Consolidated,US GAAP,Audited,Annual,12704.895,,7765.409,,,,,31801.375,,,,,15524.409,,,,,39063.692,,146399.53,,,,28.465,,4150.345,5.424,,,,4672.449,
FREEWAY TOYOTA OF HANFORD  04676,T001T04676,NAICS,4411,,,USA,CA,UDS 4.0,2024-03-31,USD,Thousands,Consolidated,US GAAP,Audited,Annual,,,,,,,,,,,,,,,,,,,,152394.802,,,,,,5377.552,,,,,,
KUNES TOYOTA OF GALESBURG  12168,T001T12168,NAICS,4411,,,USA,IL,UDS 4.0,2025-03-31,USD,Thousands,Consolidated,US GAAP,Audited,Annual,430.72,,2746.388,,,,,5800.142,,,,,3256.061,,,,,1879.028,,30199.231,,,,810.777,,121.627,665.864,,,,642.425,
KUNES TOYOTA OF GALESBURG  12168,T001T12168,NAICS,4411,,,USA,IL,UDS 4.0,2024-03-31,USD,Thousands,Consolidated,US GAAP,Audited,Annual,,,,,,,,,,,,,,,,,,,,30960.343,,,,,,153.382,,,,,,
LEXUS OF MEMPHIS,T001T64107,NAICS,4411,,,USA,TN,UDS 4.0,2025-03-31,USD,Thousands,Consolidated,US GAAP,Audited,Annual,2602.811,,5283.919,,,,,16073.56,,,,,11276.723,,,,,1307.166,,128109.102,,,,1224.67,,3824.21,1042.891,,,,6311.375,
LEXUS OF MEMPHIS,T001T64107,NAICS,4411,,,USA,TN,UDS 4.0,2024-03-31,USD,Thousands,Consolidated,US GAAP,Audited,Annual,,,,,,,,,,,,,,,,,,,,128581.87,,,,,,3800.333,,,,,,
CORWIN AUTOMOTIVE GROUP  00650  10K 10Q,T001T00650,NAICS,4411,,,USA,TX,UDS 4.0,2025-03-31,USD,Thousands,Consolidated,US GAAP,Audited,Annual,147693.831,,253030.607,,,,,843559.411,,,,,256843.624,,,,,553398.791,,3058361.336,,,,7215.144,,98638.412,8894.639,,,,161278.65,
CORWIN AUTOMOTIVE GROUP  00650  10K 10Q,T001T00650,NAICS,4411,,,USA,TX,UDS 4.0,2024-03-31,USD,Thousands,Consolidated,US GAAP,Audited,Annual,,,,,,,,,,,,,,,,,,,,2000465.366,,,,,,88099.538,,,,,,
UNITED TOYOTA  04294,T001T04294,NAICS,4411,,,USA,CA,UDS 4.0,2025-03-31,USD,Thousands,Consolidated,US GAAP,Audited,Annual,1188.07,,5701.485,,,,,12935.397,,,,,7314.219,,,,,4107.186,,98657.021,,,,650.775,,-264.207,233.529,,,,1963.278,
UNITED TOYOTA  04294,T001T04294,NAICS,4411,,,USA,CA,UDS 4.0,2024-03-31,USD,Thousands,Consolidated,US GAAP,Audited,Annual,,,,,,,,,,,,,,,,,,,,87998.904,,,,,,119.046,,,,,,
WESTERN SLOPE AUTO CO   05055,T001T05055,NAICS,4411,,,USA,CO,UDS 4.0,2025-03-31,USD,Thousands,Consolidated,US GAAP,Audited,Annual,2497.19,,21434.266,,,,,34002.337,,,,,19681.637,,,,,10074.503,,164635.898,,,,957.959,,5691.804,127.613,,,,10064.419,
WESTERN SLOPE AUTO CO   05055,T001T05055,NAICS,4411,,,USA,CO,UDS 4.0,2024-03-31,USD,Thousands,Consolidated,US GAAP,Audited,Annual,,,,,,,,,,,,,,,,,,,,158726.318,,,,,,3400.641,,,,,,
WILDE LEXUS OF SARASOTA  60910,T001T60910,NAICS,4411,,,USA,FL,UDS 4.0,2022-07-31,USD,Thousands,Consolidated,US GAAP,Audited,Annual,13988.886,,11238.206,,,,,52323.591,,,,,5385.568,,,,,44477.096,,194207.87,,,,1928.336,,8154.244,1560.534,,,,13524.171,
WILDE LEXUS OF SARASOTA  60910,T001T60910,NAICS,4411,,,USA,FL,UDS 4.0,2021-07-31,USD,Thousands,Consolidated,US GAAP,Audited,Annual,,,,,,,,,,,,,,,,,,,,197806.425,,,,,,6652.81,,,,,,
FREEMAN TOYOTA  04070  FREEMAN LEXUS  60431,T001T04070,NAICS,4411,,,USA,CA,UDS 4.0,2025-03-31,USD,Thousands,Consolidated,US GAAP,Audited,Annual,25407.796,,8482.966,,,,,44485.371,,,,,17373.851,,,,,31308.27,,222671.162,,,,1147.867,,15073.681,1064.649,,,,18667.534,
FREEMAN TOYOTA  04070  FREEMAN LEXUS  60431,T001T04070,NAICS,4411,,,USA,CA,UDS 4.0,2024-03-31,USD,Thousands,Consolidated,US GAAP,Audited,Annual,,,,,,,,,,,,,,,,,,,,232334.157,,,,,,17084.531,,,,,,
LEXUS OF SMITHTOWN  63103  SOUTHAMPTON  63131,T001T63103,NAICS,4411,,,USA,NY,UDS 4.0,2025-03-31,USD,Thousands,Consolidated,US GAAP,Audited,Annual,5592.49,,14707.069,,,,,45362.306,,,,,17094.151,,,,,19593.399,,180226.67,,,,2084.841,,-862.418,1490.93,,,,6663.86,
LEXUS OF SMITHTOWN  63103  SOUTHAMPTON  63131,T001T63103,NAICS,4411,,,USA,NY,UDS 4.0,2024-03-31,USD,Thousands,Consolidated,US GAAP,Audited,Annual,,,,,,,,,,,,,,,,,,,,163800.447,,,,,,-752.896,,,,,,
L H MILLER TOYOTA SPOKANE  46099    SPLIT FROM  64607 EFF 01 2017,T001T46099,NAICS,4411,,,USA,WA,UDS 4.0,2021-11-30,USD,Thousands,Consolidated,US GAAP,Audited,Annual,1040.649,,2244.082,,,,,15296.958,,,,,3293.194,,,,,-3959.041,,90636.034,,,,735.561,,3704.361,379.292,,,,3918.947,
L H MILLER TOYOTA SPOKANE  46099    SPLIT FROM  64607 EFF 01 2017,T001T46099,NAICS,4411,,,USA,WA,UDS 4.0,2020-11-30,USD,Thousands,Consolidated,US GAAP,Audited,Annual,,,,,,,,,,,,,,,,,,,,72958.774,,,,,,1149.407,,,,,,
TOYOTA OF MUNCIE  13071,T001T13071,NAICS,4411,,,USA,IN,UDS 4.0,2025-03-31,USD,Thousands,Consolidated,US GAAP,Audited,Annual,8427.589,,7739.234,,,,,25253.364,,,,,10375.893,,,,,9092.635,,96174.308,,,,74.528,,870.566,11.928,,,,3218.462,
TOYOTA OF MUNCIE  13071,T001T13071,NAICS,4411,,,USA,IN,UDS 4.0,2024-03-31,USD,Thousands,Consolidated,US GAAP,Audited,Annual,,,,,,,,,,,,,,,,,,,,85224.704,,,,,,1065.873,,,,,,
FOX TOYOTA  41086,T001T41086,NAICS,4411,,,USA,TN,UDS 4.0,2025-03-31,USD,Thousands,Consolidated,US GAAP,Audited,Annual,2678.954,,5112.127,,,,,30619.176,,,,,8513.742,,,,,4193.74,,150767.253,,,,829.641,,-2090.995,157.074,,,,3387.168,
FOX TOYOTA  41086,T001T41086,NAICS,4411,,,USA,TN,UDS 4.0,2024-03-31,USD,Thousands,Consolidated,US GAAP,Audited,Annual,,,,,,,,,,,,,,,,,,,,161873.971,,,,,,-754.457,,,,,,
CABE TOYOTA  04033,T001T04033,NAICS,4411,,,USA,CA,UDS 4.0,2025-03-31,USD,Thousands,Consolidated,US GAAP,Audited,Annual,3238.154,,4411.047,,,,,11698.068,,,,,3464.916,,,,,8347.475,,73006.512,,,,296.949,,969.563,246.719,,,,1702.602,
CABE TOYOTA  04033,T001T04033,NAICS,4411,,,USA,CA,UDS 4.0,2024-03-31,USD,Thousands,Consolidated,US GAAP,Audited,Annual,,,,,,,,,,,,,,,,,,,,72374.751,,,,,,1279.433,,,,,,
TOYOTA OF NEW ORLEANS  17058,T001T17058,NAICS,4411,,,USA,LA,UDS 4.0,2025-03-31,USD,Thousands,Consolidated,US GAAP,Audited,Annual,3596.011,,4174.726,,,,,20420.673,,,,,6484.814,,,,,24386.908,,63805.252,,,,183.444,,-2024.137,38.965,,,,565.798,
TOYOTA OF NEW ORLEANS  17058,T001T17058,NAICS,4411,,,USA,LA,UDS 4.0,2024-03-31,USD,Thousands,Consolidated,US GAAP,Audited,Annual,,,,,,,,,,,,,,,,,,,,54074.302,,,,,,-1061.593,,,,,,
MAZDA OF NEW ROCHELLE  31978,T001T31978,NAICS,4411,,,USA,NY,UDS 4.0,2020-12-31,USD,Thousands,Consolidated,US GAAP,Audited,Annual,1587.863,,7961.922,,,,,12546.951,,,,,9901.413,,,,,55.111,,47707.239,,,,195.341,,-509.582,180.778,,,,1117.794,
MAZDA OF NEW ROCHELLE  31978,T001T31978,NAICS,4411,,,USA,NY,UDS 4.0,2019-12-31,USD,Thousands,Consolidated,US GAAP,Audited,Annual,,,,,,,,,,,,,,,,,,,,49476.371,,,,,,-1235.121,,,,,,
PARKWAY TOYOTA OF BOSTON  20149,T001T20149,NAICS,4411,,,USA,MA,UDS 4.0,2025-03-31,USD,Thousands,Consolidated,US GAAP,Audited,Annual,2029.683,,5300.33,,,,,21566.433,,,,,7067.226,,,,,-18.651,,106851.946,,,,697.337,,2023.792,73.995,,,,5130.658,
PARKWAY TOYOTA OF BOSTON  20149,T001T20149,NAICS,4411,,,USA,MA,UDS 4.0,2024-03-31,USD,Thousands,Consolidated,US GAAP,Audited,Annual,,,,,,,,,,,,,,,,,,,,105599.151,,,,,,3487.912,,,,,,
ALBANY RV  36702,T001T36702,NAICS,4411,,,USA,OR,UDS 4.0,2025-03-31,USD,Thousands,Consolidated,US GAAP,Audited,Annual,353.96,,1850.941,,,,,2364.136,,,,,1707.228,,,,,-169.516,,6270.198,,,,0.0,,-235.792,159.742,,,,0.0,
ALBANY RV  36702,T001T36702,NAICS,4411,,,USA,OR,UDS 4.0,2024-03-31,USD,Thousands,Consolidated,US GAAP,Audited,Annual,,,,,,,,,,,,,,,,,,,,3959.452,,,,,,-366.204,,,,,,
TOYOTA UNIVERSE  29078,T001T29078,NAICS,4411,,,USA,NJ,UDS 4.0,2025-03-31,USD,Thousands,Consolidated,US GAAP,Audited,Annual,7488.63,,3627.514,,,,,16962.25,,,,,2677.731,,,,,17997.909,,111842.712,,,,711.612,,3171.574,543.479,,,,8175.477,
TOYOTA UNIVERSE  29078,T001T29078,NAICS,4411,,,USA,NJ,UDS 4.0,2024-03-31,USD,Thousands,Consolidated,US GAAP,Audited,Annual,,,,,,,,,,,,,,,,,,,,119014.589,,,,,,5916.849,,,,,,
AUTOLAND TOYOTA  29108,T001T29108,NAICS,4411,,,USA,NJ,UDS 4.0,2025-03-31,USD,Thousands,Consolidated,US GAAP,Audited,Annual,4772.603,,7380.536,,,,,26296.188,,,,,10425.606,,,,,0.0,,89325.678,,,,600.472,,-2255.505,269.405,,,,2577.491,
AUTOLAND TOYOTA  29108,T001T29108,NAICS,4411,,,USA,NJ,UDS 4.0,2024-03-31,USD,Thousands,Consolidated,US GAAP,Audited,Annual,,,,,,,,,,,,,,,,,,,,90104.84,,,,,,-1247.947,,,,,,
TOYOTA OF BRISTOL,T001T41081,NAICS,4411,,,USA,TN,UDS 4.0,2021-12-31,USD,Thousands,Consolidated,US GAAP,Audited,Annual,3493.544,,2134.627,,,,,19601.285,,,,,2689.064,,,,,4903.783,,64855.321,,,,303.913,,2230.17,47.452,,,,4272.337,
TOYOTA OF BRISTOL,T001T41081,NAICS,4411,,,USA,TN,UDS 4.0,2020-12-31,USD,Thousands,Consolidated,US GAAP,Audited,Annual,,,,,,,,,,,,,,,,,,,,53777.914,,,,,,457.548,,,,,,
VOLKSWAGEN OF OLYMPIA  46956,T001T46956,NAICS,4411,,,USA,WA,UDS 4.0,2025-03-31,USD,Thousands,Consolidated,US GAAP,Audited,Annual,1312.693,,4958.6,,,,,11349.248,,,,,4727.195,,,,,4445.068,,39312.629,,,,140.122,,162.716,61.688,,,,700.535,
VOLKSWAGEN OF OLYMPIA  46956,T001T46956,NAICS,4411,,,USA,WA,UDS 4.0,2024-03-31,USD,Thousands,Consolidated,US GAAP,Audited,Annual,,,,,,,,,,,,,,,,,,,,45508.808,,,,,,-264.72,,,,,,
EXPRESSWAY TOYOTA,T001T20116,NAICS,4411,,,USA,MA,UDS 4.0,2024-09-30,USD,Thousands,Consolidated,US GAAP,Audited,Annual,18691.359,,4584.854,,,,,29267.051,,,,,8274.434,,,,,30607.953,,109220.388,,,,0.0,,3135.846666667,332.829333333,,,,5696.293333333,
EXPRESSWAY TOYOTA,T001T20116,NAICS,4411,,,USA,MA,UDS 4.0,2023-09-30,USD,Thousands,Consolidated,US GAAP,Audited,Annual,,,,,,,,,,,,,,,,,,,,108359.735,,,,,,6232.405,,,,,,
TOYOTA OF BROOKHAVEN  23082,T001T23082,NAICS,4411,,,USA,MS,UDS 4.0,2025-03-31,USD,Thousands,Consolidated,US GAAP,Audited,Annual,1015.613,,3397.738,,,,,11172.674,,,,,4398.374,,,,,543.673,,52647.355,,,,123.676,,-689.235,2.567,,,,558.696,
TOYOTA OF BROOKHAVEN  23082,T001T23082,NAICS,4411,,,USA,MS,UDS 4.0,2024-03-31,USD,Thousands,Consolidated,US GAAP,Audited,Annual,,,,,,,,,,,,,,,,,,,,53606.192,,,,,,-980.975,,,,,,
LIVERMORE TOYOTA,T001T04753,NAICS,4411,,,USA,CA,UDS 4.0,2021-07-31,USD,Thousands,Consolidated,US GAAP,Audited,Annual,-1166.833,,8582.137,,,,,10982.228,,,,,5107.271,,,,,-5625.908,,92226.687428571,,,,531.495428572,,3103.597714286,216.222857143,,,,4397.429142857,
LIVERMORE TOYOTA,T001T04753,NAICS,4411,,,USA,CA,UDS 4.0,2020-07-31,USD,Thousands,Consolidated,US GAAP,Audited,Annual,,,,,,,,,,,,,,,,,,,,83495.856,,,,,,-2526.364,,,,,,
FITZGERALD TOYOTA GAITHERSBURG  19052,T001T19052,NAICS,4411,,,USA,MD,UDS 4.0,2025-03-31,USD,Thousands,Consolidated,US GAAP,Audited,Annual,5404.677,,7125.06,,,,,45546.496,,,,,4767.773,,,,,38072.872,,161184.831,,,,1298.954,,3586.253,398.136,,,,7513.491,
FITZGERALD TOYOTA GAITHERSBURG  19052,T001T19052,NAICS,4411,,,USA,MD,UDS 4.0,2024-03-31,USD,Thousands,Consolidated,US GAAP,Audited,Annual,,,,,,,,,,,,,,,,,,,,159768.321,,,,,,4717.603,,,,,,
NYE TOYOTA  31148  FORD  31567  OF ROME,T001T31148,NAICS,4411,,,USA,NY,UDS 4.0,2022-04-30,USD,Thousands,Consolidated,US GAAP,Audited,Annual,4176.568,,9587.271,,,,,34458.602,,,,,13528.881,,,,,19664.115,,204528.452,,,,2782.75,,8944.376,996.138,,,,9561.019,
NYE TOYOTA  31148  FORD  31567  OF ROME,T001T31148,NAICS,4411,,,USA,NY,UDS 4.0,2021-04-30,USD,Thousands,Consolidated,US GAAP,Audited,Annual,,,,,,,,,,,,,,,,,,,,213977.815,,,,,,4348.854,,,,,,
BMW OF LYNNWOOD  46550,T001T46550,NAICS,4411,,,USA,WA,UDS 4.0,2025-03-31,USD,Thousands,Consolidated,US GAAP,Audited,Annual,94.487,,7408.3,,,,,11681.708,,,,,10078.102,,,,,-1918.516,,58871.887,,,,8.303,,-3506.046,502.89,,,,0.0,
BMW OF LYNNWOOD  46550,T001T46550,NAICS,4411,,,USA,WA,UDS 4.0,2024-03-31,USD,Thousands,Consolidated,US GAAP,Audited,Annual,,,,,,,,,,,,,,,,,,,,41783.272,,,,,,-4692.896,,,,,,
MAGUIRE HONDA OF ITHACA  31409,T001T31409,NAICS,4411,,,USA,NY,UDS 4.0,2025-03-31,USD,Thousands,Consolidated,US GAAP,Audited,Annual,363.007,,3278.491,,,,,10393.122,,,,,3217.569,,,,,0.0,,33967.253,,,,13.361,,1167.793,10.921,,,,1190.615,
MAGUIRE HONDA OF ITHACA  31409,T001T31409,NAICS,4411,,,USA,NY,UDS 4.0,2024-03-31,USD,Thousands,Consolidated,US GAAP,Audited,Annual,,,,,,,,,,,,,,,,,,,,36406.264,,,,,,1742.661,,,,,,
GAMBREL TOYOTA,T001T16017,NAICS,4411,,,USA,KY,UDS 4.0,2021-05-31,USD,Thousands,Consolidated,US GAAP,Audited,Annual,311.761,,2446.236,,,,,4416.619,,,,,1988.129,,,,,374.516,,16824.204,,,,51.5088,,19.7808,0.2808,,,,335.7072,
GAMBREL TOYOTA,T001T16017,NAICS,4411,,,USA,KY,UDS 4.0,2020-05-31,USD,Thousands,Consolidated,US GAAP,Audited,Annual,,,,,,,,,,,,,,,,,,,,14645.141,,,,,,-487.866,,,,,,
GATES TOYOTA,T001T13046,NAICS,4411,,,USA,IN,UDS 4.0,2025-03-31,USD,Thousands,Consolidated,US GAAP,Audited,Annual,515.689,,2417.918,,,,,7065.841,,,,,3965.663,,,,,1083.076,,71579.594,,,,383.675,,1654.867,199.775,,,,2705.094,
GATES TOYOTA,T001T13046,NAICS,4411,,,USA,IN,UDS 4.0,2024-03-31,USD,Thousands,Consolidated,US GAAP,Audited,Annual,,,,,,,,,,,,,,,,,,,,63405.919,,,,,,1515.577,,,,,,
DAGESSE AUTOMOTIVE GROUP  00252  10K 10Q,T001T00252,NAICS,4411,,,USA,KS,UDS 4.0,2024-12-31,USD,Thousands,Consolidated,US GAAP,Audited,Annual,12132.023,,241196.076,,,,,751175.993,,,,,308105.924,,,,,-41197.981,,1868384.392,,,,5748.456,,-11768.889,1192.631,,,,26603.711,
DAGESSE AUTOMOTIVE GROUP  00252  10K 10Q,T001T00252,NAICS,4411,,,USA,KS,UDS 4.0,2023-12-31,USD,Thousands,Consolidated,US GAAP,Audited,Annual,,,,,,,,,,,,,,,,,,,,1701270.0,,,,,,13300.0,,,,,,
MINOT TOYOTA CENTER,T001T33027,NAICS,4411,,,USA,ND,UDS 4.0,2023-09-30,USD,Thousands,Consolidated,US GAAP,Audited,Annual,3420.023,,13412.719,,,,,23457.609,,,,,10645.882,,,,,4859.04,,121218.32,,,,420.473333333,,4337.476,89.022666667,,,,5912.794666667,
MINOT TOYOTA CENTER,T001T33027,NAICS,4411,,,USA,ND,UDS 4.0,2022-09-30,USD,Thousands,Consolidated,US GAAP,Audited,Annual,,,,,,,,,,,,,,,,,,,,126129.433,,,,,,6098.247,,,,,,
LABADIE TOYOTA,T001T21107,NAICS,4411,,,USA,MI,UDS 4.0,2025-03-31,USD,Thousands,Consolidated,US GAAP,Audited,Annual,792.334,,6354.035,,,,,13340.23,,,,,8556.249,,,,,4825.936,,85922.722,,,,84.038,,1629.396,42.45,,,,2569.79,
LABADIE TOYOTA,T001T21107,NAICS,4411,,,USA,MI,UDS 4.0,2024-03-31,USD,Thousands,Consolidated,US GAAP,Audited,Annual,,,,,,,,,,,,,,,,,,,,80553.708,,,,,,1203.701,,,,,,
LAUREL FORD  25934,T001T25934,NAICS,4411,,,USA,MT,UDS 4.0,2025-03-31,USD,Thousands,Consolidated,US GAAP,Audited,Annual,433.007,,12636.902,,,,,15159.938,,,,,14117.197,,,,,34740.627,,53134.277,,,,10.716,,3041.847,5.415,,,,4131.896,
LAUREL FORD  25934,T001T25934,NAICS,4411,,,USA,MT,UDS 4.0,2024-03-31,USD,Thousands,Consolidated,US GAAP,Audited,Annual,,,,,,,,,,,,,,,,,,,,46215.427,,,,,,2867.832,,,,,,
EPIC FORD  46689,T001T46689,NAICS,4411,,,USA,WA,UDS 4.0,2022-03-31,USD,Thousands,Consolidated,US GAAP,Audited,Annual,1652.303,,6115.269,,,,,11415.095,,,,,6814.432,,,,,-3556.625,,40750.751,,,,90.703,,-1343.358,32.126,,,,25.804,
EPIC FORD  46689,T001T46689,NAICS,4411,,,USA,WA,UDS 4.0,2021-03-31,USD,Thousands,Consolidated,US GAAP,Audited,Annual,,,,,,,,,,,,,,,,,,,,30549.385,,,,,,-1088.211,,,,,,
AUDI OF LEXINGTON  16778,T001T16778,NAICS,4411,,,USA,KY,UDS 4.0,2023-06-30,USD,Thousands,Consolidated,US GAAP,Audited,Annual,522.165,,2003.275,,,,,4511.377,,,,,2671.0,,,,,0.0,,20916.515,,,,253.686,,-1023.614,119.849,,,,157.447,
AUDI OF LEXINGTON  16778,T001T16778,NAICS,4411,,,USA,KY,UDS 4.0,2022-06-30,USD,Thousands,Consolidated,US GAAP,Audited,Annual,,,,,,,,,,,,,,,,,,,,25192.606,,,,,,-942.516,,,,,,
NISSAN OF NORWICH  06934,T001T06934,NAICS,4411,,,USA,CT,UDS 4.0,2025-03-31,USD,Thousands,Consolidated,US GAAP,Audited,Annual,416.747,,2727.264,,,,,3609.355,,,,,2021.328,,,,,0.0,,12831.501,,,,52.313,,-482.095,55.643,,,,0.0,
NISSAN OF NORWICH  06934,T001T06934,NAICS,4411,,,USA,CT,UDS 4.0,2024-03-31,USD,Thousands,Consolidated,US GAAP,Audited,Annual,,,,,,,,,,,,,,,,,,,,13506.498,,,,,,-130.028,,,,,,
MCGEE TOYOTA OF EPPING  28040 B OF A TAKEOVER 012225,T001T28040,NAICS,4411,,,USA,NH,UDS 4.0,2025-03-31,USD,Thousands,Consolidated,US GAAP,Audited,Annual,1795.312,,3848.674,,,,,17030.055,,,,,5542.536,,,,,10046.543,,93138.882,,,,537.181,,1624.956,144.503,,,,4132.996,
MCGEE TOYOTA OF EPPING  28040 B OF A TAKEOVER 012225,T001T28040,NAICS,4411,,,USA,NH,UDS 4.0,2024-03-31,USD,Thousands,Consolidated,US GAAP,Audited,Annual,,,,,,,,,,,,,,,,,,,,84085.368,,,,,,1708.225,,,,,,
CLASSIC KIA  12722,T001T12722,NAICS,4411,,,USA,IL,UDS 4.0,2022-07-31,USD,Thousands,Consolidated,US GAAP,Audited,Annual,402.647,,1727.117,,,,,3954.364,,,,,1627.64,,,,,1132.932,,29670.81,,,,17.112,,715.981,0.13,,,,2312.593,
CLASSIC KIA  12722,T001T12722,NAICS,4411,,,USA,IL,UDS 4.0,2021-07-31,USD,Thousands,Consolidated,US GAAP,Audited,Annual,,,,,,,,,,,,,,,,,,,,25545.625,,,,,,177.18,,,,,,
IRWIN TOYOTA  28024  FORD LACONIA  28985,T001T28024,NAICS,4411,,,USA,NH,UDS 4.0,2025-03-31,USD,Thousands,Consolidated,US GAAP,Audited,Annual,12105.364,,20714.589,,,,,40403.422,,,,,22359.344,,,,,26783.497,,147328.271,,,,350.786,,4568.299,559.083,,,,10186.138,
IRWIN TOYOTA  28024  FORD LACONIA  28985,T001T28024,NAICS,4411,,,USA,NH,UDS 4.0,2024-03-31,USD,Thousands,Consolidated,US GAAP,Audited,Annual,,,,,,,,,,,,,,,,,,,,146229.221,,,,,,4778.622,,,,,,
FRANK TOYOTA          SD,T001T04041,NAICS,4411,,,USA,CA,UDS 4.0,2022-11-30,USD,Thousands,Consolidated,US GAAP,Audited,Annual,3592.394,,3079.198,,,,,29734.877,,,,,3920.329,,,,,20436.937,,117675.322909091,,,,1102.112727273,,4941.406909091,469.001454545,,,,4992.495272727,
FRANK TOYOTA          SD,T001T04041,NAICS,4411,,,USA,CA,UDS 4.0,2021-11-30,USD,Thousands,Consolidated,US GAAP,Audited,Annual,,,,,,,,,,,,,,,,,,,,130899.056,,,,,,5432.242,,,,,,
DEL GRANDE DEALER GROUP  00624  10K 10Q,T001M00624,NAICS,4411,,,USA,TX,UDS 4.0,2025-03-31,USD,Thousands,Consolidated,US GAAP,Audited,Annual,16502.531,,123657.75,,,,,291910.586,,,,,164636.333,,,,,183823.224,,1191395.142,,,,430.141,,-5941.131,193.796,,,,14403.341,
DEL GRANDE DEALER GROUP  00624  10K 10Q,T001M00624,NAICS,4411,,,USA,TX,UDS 4.0,2024-03-31,USD,Thousands,Consolidated,US GAAP,Audited,Annual,,,,,,,,,,,,,,,,,,,,0.0,,,,,,-3151.947,,,,,,
TOYOTA OF KINGSPORT  41030  LEXUS OF KINGSPORT  64104,T001T41030,NAICS,4411,,,USA,TN,UDS 4.0,2025-03-31,USD,Thousands,Consolidated,US GAAP,Audited,Annual,2854.559,,10701.241,,,,,32627.779,,,,,14116.954,,,,,18391.768,,125974.943,,,,747.654,,-1394.18,643.668,,,,2485.887,
TOYOTA OF KINGSPORT  41030  LEXUS OF KINGSPORT  64104,T001T41030,NAICS,4411,,,USA,TN,UDS 4.0,2024-03-31,USD,Thousands,Consolidated,US GAAP,Audited,Annual,,,,,,,,,,,,,,,,,,,,121220.518,,,,,,-381.885,,,,,,
BURIEN TOYOTA  46076,T001T46076,NAICS,4411,,,USA,WA,UDS 4.0,2025-03-31,USD,Thousands,Consolidated,US GAAP,Audited,Annual,4773.582,,6882.956,,,,,16389.799,,,,,6519.746,,,,,10040.082,,107533.539,,,,463.831,,66.599,316.427,,,,1744.643,
BURIEN TOYOTA  46076,T001T46076,NAICS,4411,,,USA,WA,UDS 4.0,2024-03-31,USD,Thousands,Consolidated,US GAAP,Audited,Annual,,,,,,,,,,,,,,,,,,,,99426.263,,,,,,658.116,,,,,,
LEXUS OF TULSA  63503,T001T63503,NAICS,4411,,,USA,OK,UDS 4.0,2025-03-31,USD,Thousands,Consolidated,US GAAP,Audited,Annual,3654.418,,4546.273,,,,,18809.804,,,,,4352.856,,,,,81419.977,,119485.922,,,,1506.878,,4441.86,1358.931,,,,7040.173,
LEXUS OF TULSA  63503,T001T63503,NAICS,4411,,,USA,OK,UDS 4.0,2024-03-31,USD,Thousands,Consolidated,US GAAP,Audited,Annual,,,,,,,,,,,,,,,,,,,,120372.722,,,,,,4978.442,,,,,,
ALDERMAN S TOYOTA  44020,T001T44020,NAICS,4411,,,USA,VT,UDS 4.0,2025-03-31,USD,Thousands,Consolidated,US GAAP,Audited,Annual,9917.533,,4648.934,,,,,20223.374,,,,,3816.384,,,,,17515.215,,62354.73,,,,500.182,,2303.785,270.072,,,,3438.747,
ALDERMAN S TOYOTA  44020,T001T44020,NAICS,4411,,,USA,VT,UDS 4.0,2024-03-31,USD,Thousands,Consolidated,US GAAP,Audited,Annual,,,,,,,,,,,,,,,,,,,,64857.827,,,,,,3324.822,,,,,,
HARR TOYOTA  40009,T001T40009,NAICS,4411,,,USA,SD,UDS 4.0,2025-03-31,USD,Thousands,Consolidated,US GAAP,Audited,Annual,873.259,,5149.456,,,,,11276.517,,,,,6219.949,,,,,2209.989,,45957.19,,,,179.319,,-1197.808,210.277,,,,634.768,
HARR TOYOTA  40009,T001T40009,NAICS,4411,,,USA,SD,UDS 4.0,2024-03-31,USD,Thousands,Consolidated,US GAAP,Audited,Annual,,,,,,,,,,,,,,,,,,,,42909.164,,,,,,-139.106,,,,,,
DOLAN FERNLEY CDJR  27913,T001T27913,NAICS,4411,,,USA,NV,UDS 4.0,2025-03-31,USD,Thousands,Consolidated,US GAAP,Audited,Annual,1588.668,,6936.674,,,,,14222.82,,,,,5901.858,,,,,1120.693,,50171.218,,,,126.791,,-2887.268,378.567,,,,0.0,
DOLAN FERNLEY CDJR  27913,T001T27913,NAICS,4411,,,USA,NV,UDS 4.0,2024-03-31,USD,Thousands,Consolidated,US GAAP,Audited,Annual,,,,,,,,,,,,,,,,,,,,51161.129,,,,,,-2593.436,,,,,,
KOLOSSO TOYOTA  48028,T001T48028,NAICS,4411,,,USA,WI,UDS 4.0,2025-03-31,USD,Thousands,Consolidated,US GAAP,Audited,Annual,6636.533,,8923.932,,,,,18822.648,,,,,6410.401,,,,,8372.725,,97004.287,,,,543.677,,2621.404,81.54,,,,4043.925,
KOLOSSO TOYOTA  48028,T001T48028,NAICS,4411,,,USA,WI,UDS 4.0,2024-03-31,USD,Thousands,Consolidated,US GAAP,Audited,Annual,,,,,,,,,,,,,,,,,,,,97000.468,,,,,,2981.205,,,,,,
FRONTIER TOYOTA  04662,T001T04662,NAICS,4411,,,USA,CA,UDS 4.0,2025-03-31,USD,Thousands,Consolidated,US GAAP,Audited,Annual,5160.45,,6425.442,,,,,82613.831,,,,,8092.956,,,,,11068.352,,182629.373,,,,880.635,,2639.786,1710.848,,,,6333.414,
FRONTIER TOYOTA  04662,T001T04662,NAICS,4411,,,USA,CA,UDS 4.0,2024-03-31,USD,Thousands,Consolidated,US GAAP,Audited,Annual,,,,,,,,,,,,,,,,,,,,185609.757,,,,,,5604.685,,,,,,
LUM S TOYOTA  36040  CDJR  36872,T001T36040,NAICS,4411,,,USA,OR,UDS 4.0,2025-03-31,USD,Thousands,Consolidated,US GAAP,Audited,Annual,840.568,,8953.571,,,,,13125.16,,,,,8935.588,,,,,2481.151,,89419.994,,,,128.065,,404.835,233.323,,,,1498.734,
LUM S TOYOTA  36040  CDJR  36872,T001T36040,NAICS,4411,,,USA,OR,UDS 4.0,2024-03-31,USD,Thousands,Consolidated,US GAAP,Audited,Annual,,,,,,,,,,,,,,,,,,,,93075.558,,,,,,1927.136,,,,,,
ONE TOYOTA OF OAKLAND  04688,T001T04688,NAICS,4411,,,USA,CA,UDS 4.0,2025-03-31,USD,Thousands,Consolidated,US GAAP,Audited,Annual,8910.405,,9386.812,,,,,27381.863,,,,,16448.904,,,,,25007.373,,272110.753,,,,2317.948,,5726.944,1189.936,,,,8708.438,
ONE TOYOTA OF OAKLAND  04688,T001T04688,NAICS,4411,,,USA,CA,UDS 4.0,2024-03-31,USD,Thousands,Consolidated,US GAAP,Audited,Annual,,,,,,,,,,,,,,,,,,,,262041.454,,,,,,7529.381,,,,,,
HONDA CITY  12727,T001T12727,NAICS,4411,,,USA,IL,UDS 4.0,2023-02-28,USD,Thousands,Consolidated,US GAAP,Audited,Annual,741.627,,3737.066,,,,,11467.911,,,,,2964.692,,,,,5307.606,,41323.944,,,,232.159,,2321.847,209.15,,,,2602.212,
HONDA CITY  12727,T001T12727,NAICS,4411,,,USA,IL,UDS 4.0,2022-02-28,USD,Thousands,Consolidated,US GAAP,Audited,Annual,,,,,,,,,,,,,,,,,,,,52942.714,,,,,,3521.301,,,,,,
KOKOMO TOYOTA  13042  HONDA  13758,T001T13042,NAICS,4411,,,USA,IN,UDS 4.0,2025-03-31,USD,Thousands,Consolidated,US GAAP,Audited,Annual,1390.22,,3460.009,,,,,12090.101,,,,,4715.904,,,,,6957.461,,48552.094,,,,57.137,,738.4,2.449,,,,1421.373,
KOKOMO TOYOTA  13042  HONDA  13758,T001T13042,NAICS,4411,,,USA,IN,UDS 4.0,2024-03-31,USD,Thousands,Consolidated,US GAAP,Audited,Annual,,,,,,,,,,,,,,,,,,,,48927.643,,,,,,1381.325,,,,,,
SHEEHY TOYOTA OF LAUREL  19076,T001T19076,NAICS,4411,,,USA,MD,UDS 4.0,2025-03-31,USD,Thousands,Consolidated,US GAAP,Audited,Annual,14127.687,,10465.879,,,,,49652.796,,,,,21281.051,,,,,7957.948,,232090.056,,,,812.243,,2183.182,379.428,,,,6775.457,
SHEEHY TOYOTA OF LAUREL  19076,T001T19076,NAICS,4411,,,USA,MD,UDS 4.0,2024-03-31,USD,Thousands,Consolidated,US GAAP,Audited,Annual,,,,,,,,,,,,,,,,,,,,233846.79,,,,,,5362.014,,,,,,
RAY CATENA LEXUS  62910  FREEHOLD  62930,T001T62910,NAICS,4411,,,USA,NJ,UDS 4.0,2025-03-31,USD,Thousands,Consolidated,US GAAP,Audited,Annual,16929.234,,9794.614,,,,,51689.923,,,,,37062.386,,,,,15916.104,,293618.882,,,,3192.641,,679.19,3123.688,,,,15545.143,
RAY CATENA LEXUS  62910  FREEHOLD  62930,T001T62910,NAICS,4411,,,USA,NJ,UDS 4.0,2024-03-31,USD,Thousands,Consolidated,US GAAP,Audited,Annual,,,,,,,,,,,,,,,,,,,,269089.641,,,,,,141.418,,,,,,
HERB CHAMBERS T OF AUBURN  20117  MIDSTATE HYUNDAI  20895  GENESIS OF AUBURN  20806,T001T20117,NAICS,4411,,,USA,MA,UDS 4.0,2025-03-31,USD,Thousands,Consolidated,US GAAP,Audited,Annual,3894.798,,21821.129,,,,,32517.479,,,,,21350.968,,,,,5422.424,,173851.821,,,,426.008,,3390.036,206.163,,,,6943.297,
HERB CHAMBERS T OF AUBURN  20117  MIDSTATE HYUNDAI  20895  GENESIS OF AUBURN  20806,T001T20117,NAICS,4411,,,USA,MA,UDS 4.0,2024-03-31,USD,Thousands,Consolidated,US GAAP,Audited,Annual,,,,,,,,,,,,,,,,,,,,177189.159,,,,,,6309.496,,,,,,
HONDA OF TOMS RIVER  29809,T001T29809,NAICS,4411,,,USA,NJ,UDS 4.0,2025-03-31,USD,Thousands,Consolidated,US GAAP,Audited,Annual,1189.691,,10961.648,,,,,15413.488,,,,,3634.717,,,,,7892.083,,74640.95,,,,408.664,,1230.489,366.607,,,,4542.382,
HONDA OF TOMS RIVER  29809,T001T29809,NAICS,4411,,,USA,NJ,UDS 4.0,2024-03-31,USD,Thousands,Consolidated,US GAAP,Audited,Annual,,,,,,,,,,,,,,,,,,,,65702.389,,,,,,1230.391,,,,,,
TOYOTA OF WICHITA FALLS  42406,T001T42406,NAICS,4411,,,USA,TX,UDS 4.0,2025-03-31,USD,Thousands,Consolidated,US GAAP,Audited,Annual,3439.807,,6201.306,,,,,14127.932,,,,,9057.481,,,,,-0.002,,68773.488,,,,26.174,,2261.565,6.561,,,,3057.122,
TOYOTA OF WICHITA FALLS  42406,T001T42406,NAICS,4411,,,USA,TX,UDS 4.0,2024-03-31,USD,Thousands,Consolidated,US GAAP,Audited,Annual,,,,,,,,,,,,,,,,,,,,57045.345,,,,,,2025.258,,,,,,
MORGAN AUTOMOTIVE GROUP  00245  10K 10Q,T001T00245,NAICS,4411,,,USA,NJ,UDS 4.0,2024-09-30,USD,Thousands,Consolidated,US GAAP,Audited,Annual,85300.0,,1116500.0,,,,,5267800.0,,,,,1363800.0,,,,,755100.0,,9641098.857,,,,46877.46,,486225.301,218655.603,,,,463928.026,
MORGAN AUTOMOTIVE GROUP  00245  10K 10Q,T001T00245,NAICS,4411,,,USA,NJ,UDS 4.0,2023-09-30,USD,Thousands,Consolidated,US GAAP,Audited,Annual,,,,,,,,,,,,,,,,,,,,6005584.657,,,,,,549817.799,,,,,,
VISALIA HONDA  54225 TERMINATED 102124  GMC  54228 TERMINATED 050824,T001T54225,NAICS,4411,,,USA,CA,UDS 4.0,2024-12-31,USD,Thousands,Consolidated,US GAAP,Audited,Annual,565.122,,16339.558,,,,,23941.87,,,,,17584.219,,,,,7146.53,,82991.57,,,,136.496,,3688.769,137.449,,,,2572.364,
VISALIA HONDA  54225 TERMINATED 102124  GMC  54228 TERMINATED 050824,T001T54225,NAICS,4411,,,USA,CA,UDS 4.0,2023-12-31,USD,Thousands,Consolidated,US GAAP,Audited,Annual,,,,,,,,,,,,,,,,,,,,68210.613,,,,,,3805.616,,,,,,
VISALIA FORD  54319 TERMINATED 070124,T001T54319,NAICS,4411,,,USA,CA,UDS 4.0,2024-12-31,USD,Thousands,Consolidated,US GAAP,Audited,Annual,608.143,,5544.511,,,,,13995.289,,,,,6499.115,,,,,2182.09,,22234.644,,,,117.251,,-720.111,506.098,,,,0.0,
VISALIA FORD  54319 TERMINATED 070124,T001T54319,NAICS,4411,,,USA,CA,UDS 4.0,2023-12-31,USD,Thousands,Consolidated,US GAAP,Audited,Annual,,,,,,,,,,,,,,,,,,,,23189.538,,,,,,171.992,,,,,,
PARKER SUBARU  11903,T001T11903,NAICS,4411,,,USA,ID,UDS 4.0,2025-03-31,USD,Thousands,Consolidated,US GAAP,Audited,Annual,1589.422,,6030.662,,,,,12593.325,,,,,9218.621,,,,,1467.008,,104839.856,,,,277.032,,1832.563,14.983,,,,2773.104,
PARKER SUBARU  11903,T001T11903,NAICS,4411,,,USA,ID,UDS 4.0,2024-03-31,USD,Thousands,Consolidated,US GAAP,Audited,Annual,,,,,,,,,,,,,,,,,,,,99780.56,,,,,,2933.15,,,,,,
FINDLAY LEXUS OF SPOKANE  64608,T001T64608,NAICS,4411,,,USA,WA,UDS 4.0,2025-03-31,USD,Thousands,Consolidated,US GAAP,Audited,Annual,4647.943,,2129.599,,,,,19536.416,,,,,3115.952,,,,,13683.721,,65428.408,,,,799.216,,3726.062,726.009,,,,4173.02,
FINDLAY LEXUS OF SPOKANE  64608,T001T64608,NAICS,4411,,,USA,WA,UDS 4.0,2024-03-31,USD,Thousands,Consolidated,US GAAP,Audited,Annual,,,,,,,,,,,,,,,,,,,,65628.512,,,,,,4237.273,,,,,,
COLISEUM LEXUS OF OAKLAND  60449,T001T60449,NAICS,4411,,,USA,CA,UDS 4.0,2025-03-31,USD,Thousands,Consolidated,US GAAP,Audited,Annual,3031.109,,2242.341,,,,,13548.716,,,,,4924.515,,,,,11791.657,,75611.37,,,,666.568,,-2177.96,574.439,,,,922.581,
COLISEUM LEXUS OF OAKLAND  60449,T001T60449,NAICS,4411,,,USA,CA,UDS 4.0,2024-03-31,USD,Thousands,Consolidated,US GAAP,Audited,Annual,,,,,,,,,,,,,,,,,,,,71708.176,,,,,,-507.407,,,,,,
JAMES HODGE TOYOTA  35061,T001T35061,NAICS,4411,,,USA,OK,UDS 4.0,2025-03-31,USD,Thousands,Consolidated,US GAAP,Audited,Annual,76.97,,3361.431,,,,,6774.89,,,,,4032.706,,,,,1643.917,,39392.881,,,,0.0,,-1392.919,33.98,,,,236.136,
JAMES HODGE TOYOTA  35061,T001T35061,NAICS,4411,,,USA,OK,UDS 4.0,2024-03-31,USD,Thousands,Consolidated,US GAAP,Audited,Annual,,,,,,,,,,,,,,,,,,,,53401.563,,,,,,-1095.667,,,,,,
VAN TROW TOYOTA  17027,T001T17027,NAICS,4411,,,USA,LA,UDS 4.0,2025-03-31,USD,Thousands,Consolidated,US GAAP,Audited,Annual,5052.635,,2753.448,,,,,12449.941,,,,,2630.618,,,,,10371.121,,51042.898,,,,196.949,,570.445,241.168,,,,498.954,
VAN TROW TOYOTA  17027,T001T17027,NAICS,4411,,,USA,LA,UDS 4.0,2024-03-31,USD,Thousands,Consolidated,US GAAP,Audited,Annual,,,,,,,,,,,,,,,,,,,,54999.254,,,,,,1452.608,,,,,,
TOYOTA OF TERRE HAUTE  13069,T001T13069,NAICS,4411,,,USA,IN,UDS 4.0,2025-03-31,USD,Thousands,Consolidated,US GAAP,Audited,Annual,5476.279,,1515.941,,,,,11826.186,,,,,3797.176,,,,,7739.803,,34076.282,,,,105.917,,1143.621,32.86,,,,1962.31,
TOYOTA OF TERRE HAUTE  13069,T001T13069,NAICS,4411,,,USA,IN,UDS 4.0,2024-03-31,USD,Thousands,Consolidated,US GAAP,Audited,Annual,,,,,,,,,,,,,,,,,,,,39910.759,,,,,,1565.026,,,,,,
WARRENTON TOYOTA  45088,T001T45088,NAICS,4411,,,USA,VA,UDS 4.0,2025-03-31,USD,Thousands,Consolidated,US GAAP,Audited,Annual,3570.113,,2571.875,,,,,10000.898,,,,,4281.108,,,,,6224.231,,39594.651,,,,172.546,,794.48,2.292,,,,1816.857,
WARRENTON TOYOTA  45088,T001T45088,NAICS,4411,,,USA,VA,UDS 4.0,2024-03-31,USD,Thousands,Consolidated,US GAAP,Audited,Annual,,,,,,,,,,,,,,,,,,,,42704.725,,,,,,654.693,,,,,,
FREMONT TOYOTA  04338  FLEET  04366,T001T04338,NAICS,4411,,,USA,CA,UDS 4.0,2025-03-31,USD,Thousands,Consolidated,US GAAP,Audited,Annual,15036.871,,7196.719,,,,,82115.642,,,,,12427.745,,,,,95426.896,,172707.095,,,,1066.318,,6862.742,737.783,,,,9236.97,
FREMONT TOYOTA  04338  FLEET  04366,T001T04338,NAICS,4411,,,USA,CA,UDS 4.0,2024-03-31,USD,Thousands,Consolidated,US GAAP,Audited,Annual,,,,,,,,,,,,,,,,,,,,166193.78,,,,,,7069.417,,,,,,
VALLEY BMW  54149,T001T54149,NAICS,4411,,,USA,CA,UDS 4.0,2025-03-31,USD,Thousands,Consolidated,US GAAP,Audited,Annual,6770.131,,6520.497,,,,,17766.679,,,,,8514.242,,,,,12582.066,,73660.032,,,,125.793,,-1362.35,518.904,,,,1956.492,
VALLEY BMW  54149,T001T54149,NAICS,4411,,,USA,CA,UDS 4.0,2024-03-31,USD,Thousands,Consolidated,US GAAP,Audited,Annual,,,,,,,,,,,,,,,,,,,,72483.322,,,,,,-368.316,,,,,,
LAFONTAINE GLOBAL VEHICLES  MANUAL ENTRY   21686,T001T21686,NAICS,4411,,,USA,MI,UDS 4.0,2025-03-31,USD,Thousands,Consolidated,US GAAP,Audited,Annual,121.339,,4735.224,,,,,11769.303,,,,,13514.819,,,,,-1729.87,,17269.902,,,,0.0,,-188.373,185.333,,,,0.0,
LAFONTAINE GLOBAL VEHICLES  MANUAL ENTRY   21686,T001T21686,NAICS,4411,,,USA,MI,UDS 4.0,2024-03-31,USD,Thousands,Consolidated,US GAAP,Audited,Annual,,,,,,,,,,,,,,,,,,,,,,,,,,26.261,,,,,,
LEXUS OF GLENDALE  60462,T001T60462,NAICS,4411,,,USA,CA,UDS 4.0,2025-03-31,USD,Thousands,Consolidated,US GAAP,Audited,Annual,2488.685,,5374.556,,,,,35954.153,,,,,10966.468,,,,,1278.996,,280376.582,,,,3740.797,,5983.847,2637.136,,,,18456.735,
LEXUS OF GLENDALE  60462,T001T60462,NAICS,4411,,,USA,CA,UDS 4.0,2024-03-31,USD,Thousands,Consolidated,US GAAP,Audited,Annual,,,,,,,,,,,,,,,,,,,,316981.95,,,,,,5438.181,,,,,,
PORSCHE ANNAPOLIS  19835,T001T19835,NAICS,4411,,,USA,MD,UDS 4.0,2025-03-31,USD,Thousands,Consolidated,US GAAP,Audited,Annual,2739.239,,8707.104,,,,,23174.924,,,,,10622.438,,,,,9725.097,,72130.303,,,,33.245,,1969.189,587.941,,,,2460.179,
PORSCHE ANNAPOLIS  19835,T001T19835,NAICS,4411,,,USA,MD,UDS 4.0,2024-03-31,USD,Thousands,Consolidated,US GAAP,Audited,Annual,,,,,,,,,,,,,,,,,,,,74778.112,,,,,,2783.791,,,,,,
GULLO TOYOTA OF CONROE  42234,T001T42234,NAICS,4411,,,USA,TX,UDS 4.0,2025-03-31,USD,Thousands,Consolidated,US GAAP,Audited,Annual,32434.997,,10615.175,,,,,70761.438,,,,,8203.587,,,,,57103.314,,209431.273,,,,1069.91,,8575.045,963.5,,,,11512.241,
GULLO TOYOTA OF CONROE  42234,T001T42234,NAICS,4411,,,USA,TX,UDS 4.0,2024-03-31,USD,Thousands,Consolidated,US GAAP,Audited,Annual,,,,,,,,,,,,,,,,,,,,173313.969,,,,,,9516.833,,,,,,
TUCK S TRUCKS GMC  20777,T001T20777,NAICS,4411,,,USA,MA,UDS 4.0,2024-02-29,USD,Thousands,Consolidated,US GAAP,Audited,Annual,814.533,,4302.305,,,,,6559.22,,,,,3454.496,,,,,1328.637,,16597.574,,,,2.783,,29.235,56.877,,,,140.978,
TUCK S TRUCKS GMC  20777,T001T20777,NAICS,4411,,,USA,MA,UDS 4.0,2023-02-28,USD,Thousands,Consolidated,US GAAP,Audited,Annual,,,,,,,,,,,,,,,,,,,,17524.974,,,,,,526.105,,,,,,
KARL MALONE FORD LINCOLN  03802,T001T03802,NAICS,4411,,,USA,AR,UDS 4.0,2025-03-31,USD,Thousands,Consolidated,US GAAP,Audited,Annual,786.375,,6479.21,,,,,14405.151,,,,,8695.429,,,,,-199.262,,30573.904,,,,0.0,,-776.988,237.023,,,,0.0,
KARL MALONE FORD LINCOLN  03802,T001T03802,NAICS,4411,,,USA,AR,UDS 4.0,2024-03-31,USD,Thousands,Consolidated,US GAAP,Audited,Annual,,,,,,,,,,,,,,,,,,,,30316.416,,,,,,-1052.612,,,,,,
TOYOTA OF HOLLYWOOD  04102,T001T04102,NAICS,4411,,,USA,CA,UDS 4.0,2025-03-31,USD,Thousands,Consolidated,US GAAP,Audited,Annual,-239.894,,6922.269,,,,,24756.688,,,,,9153.918,,,,,1974.787,,105507.934,,,,749.495,,2892.266,2.817,,,,2124.34,
TOYOTA OF HOLLYWOOD  04102,T001T04102,NAICS,4411,,,USA,CA,UDS 4.0,2024-03-31,USD,Thousands,Consolidated,US GAAP,Audited,Annual,,,,,,,,,,,,,,,,,,,,78916.899,,,,,,2004.079,,,,,,
NEW COUNTRY MOTOR CARS GROUP  00659  10K 10Q,T001T00659,NAICS,4411,,,USA,TX,UDS 4.0,2024-09-30,USD,Thousands,Consolidated,US GAAP,Audited,Annual,56139.0,,404529.0,,,,,1206546.0,,,,,443483.0,,,,,141769.0,,3403726.0,,,,19817.0,,307460.0,11078.0,,,,275188.0,
NEW COUNTRY MOTOR CARS GROUP  00659  10K 10Q,T001T00659,NAICS,4411,,,USA,TX,UDS 4.0,2023-09-30,USD,Thousands,Consolidated,US GAAP,Audited,Annual,,,,,,,,,,,,,,,,,,,,2717969.0,,,,,,149236.0,,,,,,
TOYOTA WORLD OF NEWTON  29100,T001T29100,NAICS,4411,,,USA,NJ,UDS 4.0,2025-03-31,USD,Thousands,Consolidated,US GAAP,Audited,Annual,5033.713,,2676.406,,,,,17331.762,,,,,5401.734,,,,,1246.459,,47260.136,,,,134.509,,-165.875,77.283,,,,1194.434,
TOYOTA WORLD OF NEWTON  29100,T001T29100,NAICS,4411,,,USA,NJ,UDS 4.0,2024-03-31,USD,Thousands,Consolidated,US GAAP,Audited,Annual,,,,,,,,,,,,,,,,,,,,45185.577,,,,,,528.815,,,,,,
DUNDEE FORD  12820,T001T12820,NAICS,4411,,,USA,IL,UDS 4.0,2023-02-28,USD,Thousands,Consolidated,US GAAP,Audited,Annual,599.41,,5234.052,,,,,10333.582,,,,,4865.478,,,,,324.123,,30938.794,,,,139.218,,718.278,247.46,,,,869.169,
DUNDEE FORD  12820,T001T12820,NAICS,4411,,,USA,IL,UDS 4.0,2022-02-28,USD,Thousands,Consolidated,US GAAP,Audited,Annual,,,,,,,,,,,,,,,,,,,,33978.566,,,,,,331.708,,,,,,
PUENTE HILLS TOYOTA  04115,T001T04115,NAICS,4411,,,USA,CA,UDS 4.0,2025-03-31,USD,Thousands,Consolidated,US GAAP,Audited,Annual,1831.263,,5131.481,,,,,60761.631,,,,,8224.316,,,,,25698.439,,174391.459,,,,1191.152,,5020.493,422.281,,,,6437.58,
PUENTE HILLS TOYOTA  04115,T001T04115,NAICS,4411,,,USA,CA,UDS 4.0,2024-03-31,USD,Thousands,Consolidated,US GAAP,Audited,Annual,,,,,,,,,,,,,,,,,,,,178386.408,,,,,,7524.236,,,,,,
TOYOTA OF GALLATIN  41083,T001T41083,NAICS,4411,,,USA,TN,UDS 4.0,2025-03-31,USD,Thousands,Consolidated,US GAAP,Audited,Annual,1453.065,,8623.442,,,,,26457.905,,,,,11436.829,,,,,3205.23,,147705.094,,,,447.982,,1931.279,284.737,,,,6643.845,
TOYOTA OF GALLATIN  41083,T001T41083,NAICS,4411,,,USA,TN,UDS 4.0,2024-03-31,USD,Thousands,Consolidated,US GAAP,Audited,Annual,,,,,,,,,,,,,,,,,,,,124055.114,,,,,,2203.607,,,,,,
CHARLIE S TOYOTA  18033,T001T18033,NAICS,4411,,,USA,ME,UDS 4.0,2025-03-31,USD,Thousands,Consolidated,US GAAP,Audited,Annual,12188.538,,6557.287,,,,,21480.821,,,,,2144.411,,,,,16162.254,,82540.838,,,,537.222,,3699.903,437.539,,,,5794.746,
CHARLIE S TOYOTA  18033,T001T18033,NAICS,4411,,,USA,ME,UDS 4.0,2024-03-31,USD,Thousands,Consolidated,US GAAP,Audited,Annual,,,,,,,,,,,,,,,,,,,,76609.736,,,,,,4378.803,,,,,,
DIEHL TOYOTA OF HERMITAGE  37198,T001T37198,NAICS,4411,,,USA,PA,UDS 4.0,2025-03-31,USD,Thousands,Consolidated,US GAAP,Audited,Annual,1568.85,,7531.719,,,,,23472.678,,,,,9145.788,,,,,3648.852,,68324.859,,,,187.443,,-2081.777,446.571,,,,842.252,
DIEHL TOYOTA OF HERMITAGE  37198,T001T37198,NAICS,4411,,,USA,PA,UDS 4.0,2024-03-31,USD,Thousands,Consolidated,US GAAP,Audited,Annual,,,,,,,,,,,,,,,,,,,,64230.307,,,,,,-1123.906,,,,,,
KEYES MOTORS  00444  10K 10Q,T001T00444,NAICS,4411,,,USA,CA,UDS 4.0,2025-03-31,USD,Thousands,Consolidated,US GAAP,Audited,Annual,16783.226,,13029.522,,,,,46797.276,,,,,17814.848,,,,,21233.08,,75719.56,,,,1688.473,,14604.721,1302.793,,,,29643.672,
KEYES MOTORS  00444  10K 10Q,T001T00444,NAICS,4411,,,USA,CA,UDS 4.0,2024-03-31,USD,Thousands,Consolidated,US GAAP,Audited,Annual,,,,,,,,,,,,,,,,,,,,979412.147,,,,,,21235.553,,,,,,
REEDER CHEVROLET  41703,T001T41703,NAICS,4411,,,USA,TN,UDS 4.0,2025-03-31,USD,Thousands,Consolidated,US GAAP,Audited,Annual,3641.517,,13931.726,,,,,48871.891,,,,,16130.301,,,,,2020.846,,97738.34,,,,267.664,,1042.584,327.4,,,,3459.832,
STEVINSON LEXUS LAKEWOOD  60501  FREDERICK  60531,T001T60501,NAICS,4411,,,USA,CO,UDS 4.0,2021-11-30,USD,Thousands,Consolidated,US GAAP,Audited,Annual,4120.187,,6583.477,,,,,21330.842,,,,,10708.6,,,,,11430.236,,203286.093,,,,2245.561,,6035.714,2124.526,,,,12254.883,
STEVINSON LEXUS LAKEWOOD  60501  FREDERICK  60531,T001T60501,NAICS,4411,,,USA,CO,UDS 4.0,2020-11-30,USD,Thousands,Consolidated,US GAAP,Audited,Annual,,,,,,,,,,,,,,,,,,,,176400.243,,,,,,459.046,,,,,,
PRICE LEBLANC LEXUS  61704,T001T61704,NAICS,4411,,,USA,LA,UDS 4.0,2025-03-31,USD,Thousands,Consolidated,US GAAP,Audited,Annual,2451.994,,5202.445,,,,,28128.899,,,,,17991.752,,,,,20988.201,,140732.939,,,,1581.407,,7743.928,1205.777,,,,13731.434,
PRICE LEBLANC LEXUS  61704,T001T61704,NAICS,4411,,,USA,LA,UDS 4.0,2024-03-31,USD,Thousands,Consolidated,US GAAP,Audited,Annual,,,,,,,,,,,,,,,,,,,,140951.499,,,,,,8634.461,,,,,,
TEAM TOYOTA OF PRINCETON  29073,T001T29073,NAICS,4411,,,USA,NJ,UDS 4.0,2025-03-31,USD,Thousands,Consolidated,US GAAP,Audited,Annual,5927.57,,7421.948,,,,,30060.189,,,,,8100.112,,,,,12138.427,,117215.896,,,,438.705,,4187.681,405.227,,,,7195.868,
TEAM TOYOTA OF PRINCETON  29073,T001T29073,NAICS,4411,,,USA,NJ,UDS 4.0,2024-03-31,USD,Thousands,Consolidated,US GAAP,Audited,Annual,,,,,,,,,,,,,,,,,,,,127637.091,,,,,,6822.714,,,,,,
COGGINS OF THE BERKSHIRES  20650,T001T20650,NAICS,4411,,,USA,MA,UDS 4.0,2025-03-31,USD,Thousands,Consolidated,US GAAP,Audited,Annual,56.938,,353.919,,,,,553.687,,,,,179.504,,,,,36.789,,6792.583,,,,15.831,,41.722,26.942,,,,216.567,
COGGINS OF THE BERKSHIRES  20650,T001T20650,NAICS,4411,,,USA,MA,UDS 4.0,2024-03-31,USD,Thousands,Consolidated,US GAAP,Audited,Annual,,,,,,,,,,,,,,,,,,,,7659.556,,,,,,39.884,,,,,,
T CASTELLAW C D J RAM  41984,T001T41984,NAICS,4411,,,USA,TN,UDS 4.0,2023-03-31,USD,Thousands,Consolidated,US GAAP,Audited,Annual,989.967,,6253.857,,,,,7632.422,,,,,5380.921,,,,,5585.036,,34557.558,,,,-2.475,,1056.349,47.732,,,,1349.598,
T CASTELLAW C D J RAM  41984,T001T41984,NAICS,4411,,,USA,TN,UDS 4.0,2022-03-31,USD,Thousands,Consolidated,US GAAP,Audited,Annual,,,,,,,,,,,,,,,,,,,,45446.323,,,,,,2187.938,,,,,,
KARL MALONE TOYOTA  03076  CHEVROLET  03801,T001T03076,NAICS,4411,,,USA,AR,UDS 4.0,2025-03-31,USD,Thousands,Consolidated,US GAAP,Audited,Annual,1118.082,,3864.61,,,,,13150.917,,,,,7916.502,,,,,1728.143,,34339.102,,,,101.527,,-486.214,102.067,,,,0.0,
KARL MALONE TOYOTA  03076  CHEVROLET  03801,T001T03076,NAICS,4411,,,USA,AR,UDS 4.0,2024-03-31,USD,Thousands,Consolidated,US GAAP,Audited,Annual,,,,,,,,,,,,,,,,,,,,40080.895,,,,,,162.656,,,,,,
JIM COLEMAN TOYOTA  19045,T001T19045,NAICS,4411,,,USA,MD,UDS 4.0,2025-03-31,USD,Thousands,Consolidated,US GAAP,Audited,Annual,12958.105,,5127.288,,,,,30230.435,,,,,7894.795,,,,,17783.754,,129329.398,,,,603.469,,3623.588,476.702,,,,7817.398,
JIM COLEMAN TOYOTA  19045,T001T19045,NAICS,4411,,,USA,MD,UDS 4.0,2024-03-31,USD,Thousands,Consolidated,US GAAP,Audited,Annual,,,,,,,,,,,,,,,,,,,,126659.906,,,,,,5365.042,,,,,,
HUNTINGTON HONDA  31642,T001T31642,NAICS,4411,,,USA,NY,UDS 4.0,2025-03-31,USD,Thousands,Consolidated,US GAAP,Audited,Annual,10539.078,,24006.827,,,,,50851.068,,,,,26480.943,,,,,18434.007,,189146.031,,,,340.556,,8798.317,647.018,,,,8201.928,
HUNTINGTON HONDA  31642,T001T31642,NAICS,4411,,,USA,NY,UDS 4.0,2024-03-31,USD,Thousands,Consolidated,US GAAP,Audited,Annual,,,,,,,,,,,,,,,,,,,,179559.486,,,,,,12650.338,,,,,,
DOGGETT TOYOTA OF BEAUMONT  42410,T001T42410,NAICS,4411,,,USA,TX,UDS 4.0,2025-03-31,USD,Thousands,Consolidated,US GAAP,Audited,Annual,622.173,,4262.839,,,,,27080.041,,,,,4971.901,,,,,2784.339,,58593.077,,,,211.93,,422.231,2.351,,,,974.994,
DOGGETT TOYOTA OF BEAUMONT  42410,T001T42410,NAICS,4411,,,USA,TX,UDS 4.0,2024-03-31,USD,Thousands,Consolidated,US GAAP,Audited,Annual,,,,,,,,,,,,,,,,,,,,61465.208,,,,,,1590.292,,,,,,
JOHNSON VOLVO CARS DURHAM  32873,T001T32873,NAICS,4411,,,USA,NC,UDS 4.0,2025-03-31,USD,Thousands,Consolidated,US GAAP,Audited,Annual,1766.588,,7643.129,,,,,17474.991,,,,,9220.563,,,,,-1969.998,,71682.611,,,,0.0,,-2225.34,506.629,,,,959.392,
JOHNSON VOLVO CARS DURHAM  32873,T001T32873,NAICS,4411,,,USA,NC,UDS 4.0,2024-03-31,USD,Thousands,Consolidated,US GAAP,Audited,Annual,,,,,,,,,,,,,,,,,,,,71246.941,,,,,,-2265.499,,,,,,
JAFFARIAN TOYOTA  20006  JAFFARIAN VOLVO  20785,T001T20006,NAICS,4411,,,USA,MA,UDS 4.0,2025-03-31,USD,Thousands,Consolidated,US GAAP,Audited,Annual,7089.893,,14426.265,,,,,29502.555,,,,,17373.42,,,,,8748.951,,126609.311,,,,803.231,,-596.526,610.358,,,,2122.497,
JAFFARIAN TOYOTA  20006  JAFFARIAN VOLVO  20785,T001T20006,NAICS,4411,,,USA,MA,UDS 4.0,2024-03-31,USD,Thousands,Consolidated,US GAAP,Audited,Annual,,,,,,,,,,,,,,,,,,,,127422.432,,,,,,1286.393,,,,,,
DAVE KIRK CHEVROLET BUICK GMC  41735,T001T41735,NAICS,4411,,,USA,TN,UDS 4.0,2025-03-31,USD,Thousands,Consolidated,US GAAP,Audited,Annual,1844.014,,9126.553,,,,,24119.599,,,,,9243.473,,,,,4130.693,,71885.734,,,,138.69,,997.861,6.938,,,,2076.196,
DAVE KIRK CHEVROLET BUICK GMC  41735,T001T41735,NAICS,4411,,,USA,TN,UDS 4.0,2024-03-31,USD,Thousands,Consolidated,US GAAP,Audited,Annual,,,,,,,,,,,,,,,,,,,,75541.18,,,,,,1479.995,,,,,,
AUTOLAND CHRY JEEP DODGE  29713,T001T29713,NAICS,4411,,,USA,NJ,UDS 4.0,2024-03-31,USD,Thousands,Consolidated,US GAAP,Audited,Annual,4331.02,,12863.415,,,,,21944.476,,,,,16123.787,,,,,126.914,,73764.188,,,,156.121,,-1302.147,31.571,,,,1256.194,
WILDE TOYOTA,T001T48030,NAICS,4411,,,USA,WI,UDS 4.0,2022-08-31,USD,Thousands,Consolidated,US GAAP,Audited,Annual,13885.905,,7405.672,,,,,25458.646,,,,,3249.383,,,,,20744.24,,176363.073,,,,9.5265,,3101.3745,16.2315,,,,8514.7545,
WILDE TOYOTA,T001T48030,NAICS,4411,,,USA,WI,UDS 4.0,2021-08-31,USD,Thousands,Consolidated,US GAAP,Audited,Annual,,,,,,,,,,,,,,,,,,,,218685.757,,,,,,1441.663,,,,,,
ONE SUBARU OF HAYWARD  54782,T001T54782,NAICS,4411,,,USA,CA,UDS 4.0,2025-03-31,USD,Thousands,Consolidated,US GAAP,Audited,Annual,287.629,,4813.392,,,,,8752.651,,,,,6080.46,,,,,-2045.268,,81863.077,,,,394.469,,-2517.262,210.335,,,,0.0,
ONE SUBARU OF HAYWARD  54782,T001T54782,NAICS,4411,,,USA,CA,UDS 4.0,2024-03-31,USD,Thousands,Consolidated,US GAAP,Audited,Annual,,,,,,,,,,,,,,,,,,,,112052.301,,,,,,-1172.347,,,,,,
K C  SUMMERS TOYOTA  12088,T001T12088,NAICS,4411,,,USA,IL,UDS 4.0,2025-03-31,USD,Thousands,Consolidated,US GAAP,Audited,Annual,2011.82,,14118.205,,,,,21782.927,,,,,15760.863,,,,,10105.289,,104782.131,,,,271.685,,-649.713,247.648,,,,1047.958,
K C  SUMMERS TOYOTA  12088,T001T12088,NAICS,4411,,,USA,IL,UDS 4.0,2024-03-31,USD,Thousands,Consolidated,US GAAP,Audited,Annual,,,,,,,,,,,,,,,,,,,,101851.276,,,,,,-169.499,,,,,,
MAGUIRE CDJR FIAT OF ITHACA  31405,T001T31405,NAICS,4411,,,USA,NY,UDS 4.0,2025-03-31,USD,Thousands,Consolidated,US GAAP,Audited,Annual,221.508,,2941.372,,,,,5718.997,,,,,2747.317,,,,,21.731,,22131.821,,,,111.016,,-485.551,175.961,,,,116.474,
MAGUIRE CDJR FIAT OF ITHACA  31405,T001T31405,NAICS,4411,,,USA,NY,UDS 4.0,2024-03-31,USD,Thousands,Consolidated,US GAAP,Audited,Annual,,,,,,,,,,,,,,,,,,,,28564.843,,,,,,-93.028,,,,,,
CARSON TOYOTA  04250,T001T04250,NAICS,4411,,,USA,CA,UDS 4.0,2023-01-31,USD,Thousands,Consolidated,US GAAP,Audited,Annual,6487.847,,3961.413,,,,,13713.022,,,,,4386.752,,,,,48787.203,,156440.074,,,,1005.777,,15978.446,744.918,,,,18148.961,
CARSON TOYOTA  04250,T001T04250,NAICS,4411,,,USA,CA,UDS 4.0,2022-01-31,USD,Thousands,Consolidated,US GAAP,Audited,Annual,,,,,,,,,,,,,,,,,,,,193181.604,,,,,,20716.108,,,,,,
ALAMO TOYOTA,T001T42116,NAICS,4411,,,USA,TX,UDS 4.0,2024-05-31,USD,Thousands,Consolidated,US GAAP,Audited,Annual,2882.984,,10399.164,,,,,22612.197,,,,,10477.912,,,,,34654.496,,218626.4808,,,,510.0288,,-465.7872,421.3272,,,,6388.548,
ALAMO TOYOTA,T001T42116,NAICS,4411,,,USA,TX,UDS 4.0,2023-05-31,USD,Thousands,Consolidated,US GAAP,Audited,Annual,,,,,,,,,,,,,,,,,,,,180101.403,,,,,,5299.719,,,,,,
CLINT NEWELL TOYOTA  36082  CHEVROLET  36506  GMC  36508,T001T36082,NAICS,4411,,,USA,OR,UDS 4.0,2025-03-31,USD,Thousands,Consolidated,US GAAP,Audited,Annual,1716.235,,5275.381,,,,,17674.166,,,,,3476.159,,,,,12950.332,,64189.36,,,,650.405,,2928.516,387.761,,,,3805.665,
CLINT NEWELL TOYOTA  36082  CHEVROLET  36506  GMC  36508,T001T36082,NAICS,4411,,,USA,OR,UDS 4.0,2024-03-31,USD,Thousands,Consolidated,US GAAP,Audited,Annual,,,,,,,,,,,,,,,,,,,,59444.137,,,,,,2491.797,,,,,,
LEXUS OF CHERRY HILL  62901,T001T62901,NAICS,4411,,,USA,NJ,UDS 4.0,2025-03-31,USD,Thousands,Consolidated,US GAAP,Audited,Annual,3396.83,,9150.784,,,,,24411.272,,,,,13883.635,,,,,5857.056,,142793.031,,,,1336.55,,-143.131,1334.084,,,,3959.924,
LEXUS OF CHERRY HILL  62901,T001T62901,NAICS,4411,,,USA,NJ,UDS 4.0,2024-03-31,USD,Thousands,Consolidated,US GAAP,Audited,Annual,,,,,,,,,,,,,,,,,,,,141082.392,,,,,,1056.995,,,,,,
MARSHALL CHRYSLER DODGE JEEP RAM  16550,T001T16550,NAICS,4411,,,USA,KY,UDS 4.0,2025-03-31,USD,Thousands,Consolidated,US GAAP,Audited,Annual,464.312,,5532.348,,,,,6588.255,,,,,4743.101,,,,,911.054,,24118.429,,,,28.658,,-596.875,269.918,,,,0.0,
MARSHALL CHRYSLER DODGE JEEP RAM  16550,T001T16550,NAICS,4411,,,USA,KY,UDS 4.0,2024-03-31,USD,Thousands,Consolidated,US GAAP,Audited,Annual,,,,,,,,,,,,,,,,,,,,24891.49,,,,,,-225.637,,,,,,
BERGSTROM LEXUS OF APPLETON  64804,T001T64804,NAICS,4411,,,USA,WI,UDS 4.0,2025-03-31,USD,Thousands,Consolidated,US GAAP,Audited,Annual,2028.393,,2048.031,,,,,11659.471,,,,,3848.662,,,,,4306.978,,50243.929,,,,542.111,,738.747,468.179,,,,2829.32,
BERGSTROM LEXUS OF APPLETON  64804,T001T64804,NAICS,4411,,,USA,WI,UDS 4.0,2024-03-31,USD,Thousands,Consolidated,US GAAP,Audited,Annual,,,,,,,,,,,,,,,,,,,,48115.121,,,,,,606.586,,,,,,
FOX TOYOTA  21112,T001T21112,NAICS,4411,,,USA,MI,UDS 4.0,2025-03-31,USD,Thousands,Consolidated,US GAAP,Audited,Annual,3371.292,,6317.081,,,,,12938.728,,,,,6593.173,,,,,5033.193,,67267.158,,,,328.408,,1427.608,274.133,,,,2455.997,
FOX TOYOTA  21112,T001T21112,NAICS,4411,,,USA,MI,UDS 4.0,2024-03-31,USD,Thousands,Consolidated,US GAAP,Audited,Annual,,,,,,,,,,,,,,,,,,,,66319.986,,,,,,1347.657,,,,,,
ROGERS TOYOTA HERMISTON  36095,T001T36095,NAICS,4411,,,USA,OR,UDS 4.0,2025-03-31,USD,Thousands,Consolidated,US GAAP,Audited,Annual,5516.611,,7794.551,,,,,23292.043,,,,,3744.025,,,,,27056.306,,106381.141,,,,678.377,,4181.192,349.745,,,,5657.751,
ROGERS TOYOTA HERMISTON  36095,T001T36095,NAICS,4411,,,USA,OR,UDS 4.0,2024-03-31,USD,Thousands,Consolidated,US GAAP,Audited,Annual,,,,,,,,,,,,,,,,,,,,114572.894,,,,,,5518.6,,,,,,
ROMEO TOYOTA GLENS FALLS  31196,T001T31196,NAICS,4411,,,USA,NY,UDS 4.0,2025-03-31,USD,Thousands,Consolidated,US GAAP,Audited,Annual,1378.856,,6817.981,,,,,18285.536,,,,,6609.741,,,,,9110.75,,99141.616,,,,215.765,,1766.62,110.265,,,,3543.013,
ROMEO TOYOTA GLENS FALLS  31196,T001T31196,NAICS,4411,,,USA,NY,UDS 4.0,2024-03-31,USD,Thousands,Consolidated,US GAAP,Audited,Annual,,,,,,,,,,,,,,,,,,,,103313.405,,,,,,2975.821,,,,,,
CAPITOL TOYOTA OF SALEM  36049,T001T36049,NAICS,4411,,,USA,OR,UDS 4.0,2025-03-31,USD,Thousands,Consolidated,US GAAP,Audited,Annual,3842.146,,12972.642,,,,,37690.178,,,,,14421.31,,,,,27844.163,,201295.312,,,,902.256,,3418.661,552.231,,,,8264.871,
CAPITOL TOYOTA OF SALEM  36049,T001T36049,NAICS,4411,,,USA,OR,UDS 4.0,2024-03-31,USD,Thousands,Consolidated,US GAAP,Audited,Annual,,,,,,,,,,,,,,,,,,,,176678.632,,,,,,2644.826,,,,,,
LEWIS TOY  OF DODGE CITY  15021,T001T15021,NAICS,4411,,,USA,KS,UDS 4.0,2025-03-31,USD,Thousands,Consolidated,US GAAP,Audited,Annual,60.28,,2857.478,,,,,7626.544,,,,,1385.533,,,,,7019.197,,27404.246,,,,111.319,,308.174,94.574,,,,1315.678,
LEWIS TOY  OF DODGE CITY  15021,T001T15021,NAICS,4411,,,USA,KS,UDS 4.0,2024-03-31,USD,Thousands,Consolidated,US GAAP,Audited,Annual,,,,,,,,,,,,,,,,,,,,26911.31,,,,,,690.375,,,,,,
GLEN MOTORS  INC   29037,T001T29037,NAICS,4411,,,USA,NJ,UDS 4.0,2025-03-31,USD,Thousands,Consolidated,US GAAP,Audited,Annual,3131.819,,5535.161,,,,,20116.462,,,,,8808.071,,,,,8016.929,,85672.09,,,,32.217,,219.058,408.082,,,,2529.809,
GLEN MOTORS  INC   29037,T001T29037,NAICS,4411,,,USA,NJ,UDS 4.0,2024-03-31,USD,Thousands,Consolidated,US GAAP,Audited,Annual,,,,,,,,,,,,,,,,,,,,82131.946,,,,,,1139.806,,,,,,
HALDEMAN SUBARU  29749,T001T29749,NAICS,4411,,,USA,NJ,UDS 4.0,2023-10-31,USD,Thousands,Consolidated,US GAAP,Audited,Annual,3673.191,,8368.973,,,,,16445.947,,,,,11199.905,,,,,631.532,,101665.943,,,,148.129,,4012.177,99.759,,,,5389.834,
HALDEMAN SUBARU  29749,T001T29749,NAICS,4411,,,USA,NJ,UDS 4.0,2022-10-31,USD,Thousands,Consolidated,US GAAP,Audited,Annual,,,,,,,,,,,,,,,,,,,,88773.406,,,,,,3245.212,,,,,,
ST  CLOUD TOYOTA 22021,T001T22021,NAICS,4411,,,USA,MN,UDS 4.0,2025-03-31,USD,Thousands,Consolidated,US GAAP,Audited,Annual,1874.22,,8171.588,,,,,18017.477,,,,,9615.548,,,,,6277.294,,89140.605,,,,277.578,,-433.76,142.811,,,,723.241,
ST  CLOUD TOYOTA 22021,T001T22021,NAICS,4411,,,USA,MN,UDS 4.0,2024-03-31,USD,Thousands,Consolidated,US GAAP,Audited,Annual,,,,,,,,,,,,,,,,,,,,90332.054,,,,,,990.919,,,,,,
MARSHALL DRY RIDGE TOYOTA  16052,T001T16052,NAICS,4411,,,USA,KY,UDS 4.0,2025-03-31,USD,Thousands,Consolidated,US GAAP,Audited,Annual,344.723,,5679.712,,,,,12887.526,,,,,4633.326,,,,,19687.883,,52676.169,,,,269.655,,78.849,98.154,,,,1176.096,
MARSHALL DRY RIDGE TOYOTA  16052,T001T16052,NAICS,4411,,,USA,KY,UDS 4.0,2024-03-31,USD,Thousands,Consolidated,US GAAP,Audited,Annual,,,,,,,,,,,,,,,,,,,,53140.338,,,,,,857.185,,,,,,
TEGELER TOYOTA  42206,T001T42206,NAICS,4411,,,USA,TX,UDS 4.0,2025-03-31,USD,Thousands,Consolidated,US GAAP,Audited,Annual,1586.079,,1455.763,,,,,7864.714,,,,,2352.793,,,,,5097.531,,27595.624,,,,113.87,,570.061,113.87,,,,713.368,
TEGELER TOYOTA  42206,T001T42206,NAICS,4411,,,USA,TX,UDS 4.0,2024-03-31,USD,Thousands,Consolidated,US GAAP,Audited,Annual,,,,,,,,,,,,,,,,,,,,27624.511,,,,,,1013.295,,,,,,
HIXSON TOYOTA,T001T17073,NAICS,4411,,,USA,LA,UDS 4.0,2025-03-31,USD,Thousands,Consolidated,US GAAP,Audited,Annual,559.981,,8597.384,,,,,12562.881,,,,,9488.999,,,,,435.502,,41163.051,,,,10.733,,-893.219,511.855,,,,0.0,
HIXSON TOYOTA,T001T17073,NAICS,4411,,,USA,LA,UDS 4.0,2024-03-31,USD,Thousands,Consolidated,US GAAP,Audited,Annual,,,,,,,,,,,,,,,,,,,,37084.921,,,,,,-501.892,,,,,,
JEFF HUNTER TOYOTA  42216,T001T42216,NAICS,4411,,,USA,TX,UDS 4.0,2025-03-31,USD,Thousands,Consolidated,US GAAP,Audited,Annual,1103.64,,6928.876,,,,,12018.092,,,,,8870.448,,,,,-1263.476,,105636.716,,,,48.104,,3267.052,458.218,,,,3692.218,
JEFF HUNTER TOYOTA  42216,T001T42216,NAICS,4411,,,USA,TX,UDS 4.0,2024-03-31,USD,Thousands,Consolidated,US GAAP,Audited,Annual,,,,,,,,,,,,,,,,,,,,96229.526,,,,,,3572.978,,,,,,
ANDERSON FORD BULLHEAD CY  02954,T001T02954,NAICS,4411,,,USA,AZ,UDS 4.0,2025-03-31,USD,Thousands,Consolidated,US GAAP,Audited,Annual,63.44,,9965.195,,,,,11613.285,,,,,10083.279,,,,,10981.439,,48000.751,,,,34.028,,828.535,192.246,,,,1680.515,
ANDERSON FORD BULLHEAD CY  02954,T001T02954,NAICS,4411,,,USA,AZ,UDS 4.0,2024-03-31,USD,Thousands,Consolidated,US GAAP,Audited,Annual,,,,,,,,,,,,,,,,,,,,45062.888,,,,,,506.534,,,,,,
INVER GROVE HONDA  22836,T001T22836,NAICS,4411,,,USA,MN,UDS 4.0,2025-03-31,USD,Thousands,Consolidated,US GAAP,Audited,Annual,6570.918,,16928.647,,,,,31994.991,,,,,17870.882,,,,,23910.375,,158241.822,,,,400.983,,4292.793,224.03,,,,4373.815,
INVER GROVE HONDA  22836,T001T22836,NAICS,4411,,,USA,MN,UDS 4.0,2024-03-31,USD,Thousands,Consolidated,US GAAP,Audited,Annual,,,,,,,,,,,,,,,,,,,,140472.472,,,,,,6083.931,,,,,,
LONE STAR TOY LEWISVILLE  42320,T001T42320,NAICS,4411,,,USA,TX,UDS 4.0,2025-03-31,USD,Thousands,Consolidated,US GAAP,Audited,Annual,7852.875,,6711.532,,,,,60634.232,,,,,13686.097,,,,,14641.23,,129908.849,,,,648.495,,1441.325,302.989,,,,5973.433,
LONE STAR TOY LEWISVILLE  42320,T001T42320,NAICS,4411,,,USA,TX,UDS 4.0,2024-03-31,USD,Thousands,Consolidated,US GAAP,Audited,Annual,,,,,,,,,,,,,,,,,,,,127925.245,,,,,,3611.783,,,,,,
MAITA SUBARU  54263  MAZDA  42158MZD,T001T54263,NAICS,4411,,,USA,CA,UDS 4.0,2024-10-31,USD,Thousands,Consolidated,US GAAP,Audited,Annual,8738.878,,17918.892,,,,,41969.576,,,,,13884.302,,,,,21846.195,,120334.512,,,,103.187,,-275.287,7.092,,,,381.631,
MAITA SUBARU  54263  MAZDA  42158MZD,T001T54263,NAICS,4411,,,USA,CA,UDS 4.0,2023-10-31,USD,Thousands,Consolidated,US GAAP,Audited,Annual,,,,,,,,,,,,,,,,,,,,123936.636,,,,,,3460.892,,,,,,
BERGSTROM LEXUS OF MADISON  64807,T001T64807,NAICS,4411,,,USA,WI,UDS 4.0,2025-03-31,USD,Thousands,Consolidated,US GAAP,Audited,Annual,627.715,,3187.531,,,,,52718.91,,,,,4934.649,,,,,62.621,,75921.796,,,,1031.368,,329.04,854.176,,,,3542.3,
CARTER TOYOTA,T001T46008,NAICS,4411,,,USA,WA,UDS 4.0,2021-05-31,USD,Thousands,Consolidated,US GAAP,Audited,Annual,843.661,,1015.846,,,,,2422.286,,,,,618.811,,,,,1565.4,,8549.7936,,,,72.0408,,327.4056,12.636,,,,520.98,
CARTER TOYOTA,T001T46008,NAICS,4411,,,USA,WA,UDS 4.0,2020-05-31,USD,Thousands,Consolidated,US GAAP,Audited,Annual,,,,,,,,,,,,,,,,,,,,6183.727,,,,,,-34.942,,,,,,
GRAHAM OURISMAN AUTOMOTIVE  00688  10K 10Q,T001T00688,NAICS,4411,,,USA,TX,UDS 4.0,2024-09-30,USD,Thousands,Consolidated,US GAAP,Audited,Annual,5128.0,,176526.0,,,,,592274.0,,,,,214956.0,,,,,196417.0,,1174856.0,,,,6825.0,,17673.0,13052.0,,,,17615.0,
GRAHAM OURISMAN AUTOMOTIVE  00688  10K 10Q,T001T00688,NAICS,4411,,,USA,TX,UDS 4.0,2023-09-30,USD,Thousands,Consolidated,US GAAP,Audited,Annual,,,,,,,,,,,,,,,,,,,,980840.0,,,,,,31166.666666667,,,,,,
ARDMORE TOYOTA  37066,T001T37066,NAICS,4411,,,USA,PA,UDS 4.0,2025-03-31,USD,Thousands,Consolidated,US GAAP,Audited,Annual,2860.36,,4430.227,,,,,21209.013,,,,,3810.724,,,,,7843.268,,138707.952,,,,1644.592,,2325.432,295.71,,,,3894.049,
ARDMORE TOYOTA  37066,T001T37066,NAICS,4411,,,USA,PA,UDS 4.0,2024-03-31,USD,Thousands,Consolidated,US GAAP,Audited,Annual,,,,,,,,,,,,,,,,,,,,147498.164,,,,,,4698.204,,,,,,
NEW ROCHELLE TOYOTA  31135,T001T31135,NAICS,4411,,,USA,NY,UDS 4.0,2025-03-31,USD,Thousands,Consolidated,US GAAP,Audited,Annual,3394.267,,3885.319,,,,,14141.155,,,,,5280.808,,,,,6002.888,,69686.227,,,,95.449,,1677.215,38.659,,,,2181.878,
NEW ROCHELLE TOYOTA  31135,T001T31135,NAICS,4411,,,USA,NY,UDS 4.0,2024-03-31,USD,Thousands,Consolidated,US GAAP,Audited,Annual,,,,,,,,,,,,,,,,,,,,77275.246,,,,,,2936.002,,,,,,
LEWIS TOYOTA OF HAYS  15046  CHRYSLER DODGE JEEP  15949,T001T15046,NAICS,4411,,,USA,KS,UDS 4.0,2025-03-31,USD,Thousands,Consolidated,US GAAP,Audited,Annual,369.98,,3196.755,,,,,5721.68,,,,,1739.961,,,,,3196.526,,34706.949,,,,104.606,,513.83,83.476,,,,1202.281,
LEWIS TOYOTA OF HAYS  15046  CHRYSLER DODGE JEEP  15949,T001T15046,NAICS,4411,,,USA,KS,UDS 4.0,2024-03-31,USD,Thousands,Consolidated,US GAAP,Audited,Annual,,,,,,,,,,,,,,,,,,,,38045.695,,,,,,456.704,,,,,,
MOSSY TOYOTA  04278,T001T04278,NAICS,4411,,,USA,CA,UDS 4.0,2025-03-31,USD,Thousands,Consolidated,US GAAP,Audited,Annual,2977.911,,5469.242,,,,,41822.369,,,,,12954.39,,,,,14667.691,,154697.367,,,,1011.62,,1808.982,746.721,,,,5526.576,
MOSSY TOYOTA  04278,T001T04278,NAICS,4411,,,USA,CA,UDS 4.0,2024-03-31,USD,Thousands,Consolidated,US GAAP,Audited,Annual,,,,,,,,,,,,,,,,,,,,126408.634,,,,,,2685.165,,,,,,
DANVILLE TOYOTA  45045,T001T45045,NAICS,4411,,,USA,VA,UDS 4.0,2025-03-31,USD,Thousands,Consolidated,US GAAP,Audited,Annual,1564.986,,2471.889,,,,,6016.458,,,,,3176.48,,,,,992.079,,37545.615,,,,15.766,,-487.667,0.0,,,,502.889,
DANVILLE TOYOTA  45045,T001T45045,NAICS,4411,,,USA,VA,UDS 4.0,2024-03-31,USD,Thousands,Consolidated,US GAAP,Audited,Annual,,,,,,,,,,,,,,,,,,,,28628.899,,,,,,-533.106,,,,,,
LEXUS OF MOBILE  60104,T001T60104,NAICS,4411,,,USA,AL,UDS 4.0,2025-03-31,USD,Thousands,Consolidated,US GAAP,Audited,Annual,4357.956,,9640.828,,,,,23443.925,,,,,14734.274,,,,,-1341.542,,178965.721,,,,1538.367,,6445.164,888.749,,,,9794.743,
LEXUS OF MOBILE  60104,T001T60104,NAICS,4411,,,USA,AL,UDS 4.0,2024-03-31,USD,Thousands,Consolidated,US GAAP,Audited,Annual,,,,,,,,,,,,,,,,,,,,197713.868,,,,,,8513.755,,,,,,
TOYOTA OF GREENFIELD  20134,T001T20134,NAICS,4411,,,USA,MA,UDS 4.0,2025-03-31,USD,Thousands,Consolidated,US GAAP,Audited,Annual,1231.298,,2450.859,,,,,6765.511,,,,,2491.219,,,,,1761.698,,35687.948,,,,164.497,,279.79,102.069,,,,519.881,
TOYOTA OF GREENFIELD  20134,T001T20134,NAICS,4411,,,USA,MA,UDS 4.0,2024-03-31,USD,Thousands,Consolidated,US GAAP,Audited,Annual,,,,,,,,,,,,,,,,,,,,32813.941,,,,,,610.08,,,,,,
GREGG YOUNG TOYOTA  14056  FORD LINCOLN  14879  OTTUMWA,T001T14056,NAICS,4411,,,USA,IA,UDS 4.0,2025-03-31,USD,Thousands,Consolidated,US GAAP,Audited,Annual,1652.731,,6114.816,,,,,17825.147,,,,,7513.966,,,,,711.097,,49036.08,,,,259.883,,-32.888,503.373,,,,392.187,
GREGG YOUNG TOYOTA  14056  FORD LINCOLN  14879  OTTUMWA,T001T14056,NAICS,4411,,,USA,IA,UDS 4.0,2024-03-31,USD,Thousands,Consolidated,US GAAP,Audited,Annual,,,,,,,,,,,,,,,,,,,,49137.427,,,,,,80.812,,,,,,
TOYOTA OF WARREN  34111,T001T34111,NAICS,4411,,,USA,OH,UDS 4.0,2025-03-31,USD,Thousands,Consolidated,US GAAP,Audited,Annual,1559.118,,4545.873,,,,,7938.089,,,,,2274.821,,,,,2194.953,,54089.876,,,,34.192,,1593.748,55.226,,,,3202.152,
TOYOTA OF WARREN  34111,T001T34111,NAICS,4411,,,USA,OH,UDS 4.0,2024-03-31,USD,Thousands,Consolidated,US GAAP,Audited,Annual,,,,,,,,,,,,,,,,,,,,55182.49,,,,,,1956.681,,,,,,
A 1 TOYOTA  06002,T001T06002,NAICS,4411,,,USA,CT,UDS 4.0,2025-03-31,USD,Thousands,Consolidated,US GAAP,Audited,Annual,2054.228,,5116.366,,,,,12313.101,,,,,6023.191,,,,,5119.466,,101845.725,,,,766.819,,2551.953,427.172,,,,5593.725,
A 1 TOYOTA  06002,T001T06002,NAICS,4411,,,USA,CT,UDS 4.0,2024-03-31,USD,Thousands,Consolidated,US GAAP,Audited,Annual,,,,,,,,,,,,,,,,,,,,92273.148,,,,,,2888.316,,,,,,
HONDA OF BELLINGHAM  46501,T001T46501,NAICS,4411,,,USA,WA,UDS 4.0,2025-03-31,USD,Thousands,Consolidated,US GAAP,Audited,Annual,1099.607,,5780.784,,,,,13023.125,,,,,6130.819,,,,,0.0,,41900.762,,,,108.735,,333.893,5.282,,,,262.947,
HONDA OF BELLINGHAM  46501,T001T46501,NAICS,4411,,,USA,WA,UDS 4.0,2024-03-31,USD,Thousands,Consolidated,US GAAP,Audited,Annual,,,,,,,,,,,,,,,,,,,,34000.93,,,,,,407.355,,,,,,
ALEXANDER TOYOTA  02037,T001T02037,NAICS,4411,,,USA,AZ,UDS 4.0,2025-03-31,USD,Thousands,Consolidated,US GAAP,Audited,Annual,6535.668,,3558.897,,,,,12621.879,,,,,5048.255,,,,,10479.155,,75640.645,,,,479.42,,2748.129,284.453,,,,4257.933,
ALEXANDER TOYOTA  02037,T001T02037,NAICS,4411,,,USA,AZ,UDS 4.0,2024-03-31,USD,Thousands,Consolidated,US GAAP,Audited,Annual,,,,,,,,,,,,,,,,,,,,71306.329,,,,,,3104.682,,,,,,
PALESTINE TOYOTA  42325,T001T42325,NAICS,4411,,,USA,TX,UDS 4.0,2025-03-31,USD,Thousands,Consolidated,US GAAP,Audited,Annual,1490.958,,3602.574,,,,,6469.458,,,,,4201.757,,,,,6795.927,,40938.62,,,,53.248,,-189.785,7.792,,,,669.405,
PALESTINE TOYOTA  42325,T001T42325,NAICS,4411,,,USA,TX,UDS 4.0,2024-03-31,USD,Thousands,Consolidated,US GAAP,Audited,Annual,,,,,,,,,,,,,,,,,,,,43041.978,,,,,,289.052,,,,,,
COLONIAL TOYOTA  06040,T001T06040,NAICS,4411,,,USA,CT,UDS 4.0,2025-03-31,USD,Thousands,Consolidated,US GAAP,Audited,Annual,3760.73,,7629.439,,,,,25641.975,,,,,16945.42,,,,,13349.724,,166097.841,,,,734.043,,-3166.989,201.402,,,,7720.433,
COLONIAL TOYOTA  06040,T001T06040,NAICS,4411,,,USA,CT,UDS 4.0,2024-03-31,USD,Thousands,Consolidated,US GAAP,Audited,Annual,,,,,,,,,,,,,,,,,,,,168239.363,,,,,,-1088.137,,,,,,
HADDAD SUBARU OF ST  ALBANS  44890,T001T44890,NAICS,4411,,,USA,VT,UDS 4.0,2025-03-31,USD,Thousands,Consolidated,US GAAP,Audited,Annual,5601.699,,3134.37,,,,,10617.215,,,,,3677.3,,,,,-0.003,,38116.206,,,,215.485,,-8.459,64.769,,,,405.627,
HADDAD SUBARU OF ST  ALBANS  44890,T001T44890,NAICS,4411,,,USA,VT,UDS 4.0,2024-03-31,USD,Thousands,Consolidated,US GAAP,Audited,Annual,,,,,,,,,,,,,,,,,,,,35589.04,,,,,,51.248,,,,,,
WILLIAMS TOYOTA OF ELMIRA  31182,T001T31182,NAICS,4411,,,USA,NY,UDS 4.0,2025-03-31,USD,Thousands,Consolidated,US GAAP,Audited,Annual,6400.596,,4353.014,,,,,17895.255,,,,,5289.438,,,,,8406.762,,69822.326,,,,210.436,,1719.712,183.135,,,,2735.281,
WILLIAMS TOYOTA OF ELMIRA  31182,T001T31182,NAICS,4411,,,USA,NY,UDS 4.0,2024-03-31,USD,Thousands,Consolidated,US GAAP,Audited,Annual,,,,,,,,,,,,,,,,,,,,77088.242,,,,,,2220.271,,,,,,
KARI TOYOTA,T001T48021,NAICS,4411,,,USA,WI,UDS 4.0,2025-03-31,USD,Thousands,Consolidated,US GAAP,Audited,Annual,2813.701,,2941.722,,,,,8825.894,,,,,3095.784,,,,,5392.13,,36296.902,,,,199.415,,930.471,109.131,,,,1284.145,
KARI TOYOTA,T001T48021,NAICS,4411,,,USA,WI,UDS 4.0,2024-03-31,USD,Thousands,Consolidated,US GAAP,Audited,Annual,,,,,,,,,,,,,,,,,,,,32381.028,,,,,,870.102,,,,,,
SUBARU OF HERMISTON  36720,T001T36720,NAICS,4411,,,USA,OR,UDS 4.0,2025-03-31,USD,Thousands,Consolidated,US GAAP,Audited,Annual,1210.464,,2001.387,,,,,8232.527,,,,,2407.747,,,,,-43.86,,27878.276,,,,11.22,,30.028,117.468,,,,403.424,
TOYOTA OF LOGAN,T001T34024,NAICS,4411,,,USA,OH,UDS 4.0,2022-07-31,USD,Thousands,Consolidated,US GAAP,Audited,Annual,768.095,,1283.627,,,,,2757.85,,,,,304.661,,,,,-530.994,,8233.973142857,,,,11.448,,-577.986857143,7.212,,,,0.0,
TOYOTA OF LOGAN,T001T34024,NAICS,4411,,,USA,OH,UDS 4.0,2021-07-31,USD,Thousands,Consolidated,US GAAP,Audited,Annual,,,,,,,,,,,,,,,,,,,,5806.182,,,,,,-237.726,,,,,,
PRICE LEBLANC TOYOTA OF ACADIANA  17079,T001T17079,NAICS,4411,,,USA,LA,UDS 4.0,2025-03-31,USD,Thousands,Consolidated,US GAAP,Audited,Annual,2178.922,,3936.911,,,,,28652.698,,,,,4701.482,,,,,1013.653,,57333.714,,,,488.799,,2192.095,292.955,,,,3109.29,
PRICE LEBLANC TOYOTA OF ACADIANA  17079,T001T17079,NAICS,4411,,,USA,LA,UDS 4.0,2024-03-31,USD,Thousands,Consolidated,US GAAP,Audited,Annual,,,,,,,,,,,,,,,,,,,,48818.96,,,,,,2246.052,,,,,,
BASIL TOYOTA  31165,T001T31165,NAICS,4411,,,USA,NY,UDS 4.0,2025-03-31,USD,Thousands,Consolidated,US GAAP,Audited,Annual,2721.823,,7277.482,,,,,14936.086,,,,,1312.01,,,,,11272.913,,101660.995,,,,647.534,,2491.821,385.99,,,,4240.144,
BASIL TOYOTA  31165,T001T31165,NAICS,4411,,,USA,NY,UDS 4.0,2024-03-31,USD,Thousands,Consolidated,US GAAP,Audited,Annual,,,,,,,,,,,,,,,,,,,,102977.748,,,,,,3928.614,,,,,,
CAPITAL CITY RIDES  INC   MANUAL ENTRY   39656,T001T39656,NAICS,4411,,,USA,SC,UDS 4.0,2022-04-30,USD,Thousands,Consolidated,US GAAP,Audited,Annual,670.87942,,267.56486,,,,,4764.14164,,,,,151.26253,,,,,946.41555,,3590.86877,,,,0.0,,169.09092,0.0,,,,169.09092,
CAPITAL CITY RIDES  INC   MANUAL ENTRY   39656,T001T39656,NAICS,4411,,,USA,SC,UDS 4.0,2021-04-30,USD,Thousands,Consolidated,US GAAP,Audited,Annual,,,,,,,,,,,,,,,,,,,,3892.80714,,,,,,283.08024,,,,,,
MILLENNIUM TOYOTA  31154,T001T31154,NAICS,4411,,,USA,NY,UDS 4.0,2025-03-31,USD,Thousands,Consolidated,US GAAP,Audited,Annual,9849.506,,6505.504,,,,,24042.369,,,,,12472.144,,,,,0.0,,155885.153,,,,414.117,,1963.175,329.485,,,,7900.962,
MILLENNIUM TOYOTA  31154,T001T31154,NAICS,4411,,,USA,NY,UDS 4.0,2024-03-31,USD,Thousands,Consolidated,US GAAP,Audited,Annual,,,,,,,,,,,,,,,,,,,,156574.892,,,,,,5315.731,,,,,,
HILLSIDE TOYOTA  31192,T001T31192,NAICS,4411,,,USA,NY,UDS 4.0,2025-03-31,USD,Thousands,Consolidated,US GAAP,Audited,Annual,23406.922,,16018.389,,,,,90539.775,,,,,26911.556,,,,,8131.738,,213699.076,,,,376.745,,7564.116,9.772,,,,12481.776,
HILLSIDE TOYOTA  31192,T001T31192,NAICS,4411,,,USA,NY,UDS 4.0,2024-03-31,USD,Thousands,Consolidated,US GAAP,Audited,Annual,,,,,,,,,,,,,,,,,,,,193298.311,,,,,,10911.975,,,,,,
ADVANTAGE TOYOTA  31173,T001T31173,NAICS,4411,,,USA,NY,UDS 4.0,2025-03-31,USD,Thousands,Consolidated,US GAAP,Audited,Annual,8868.537,,7451.184,,,,,29036.759,,,,,12814.759,,,,,0.0,,161971.508,,,,679.03,,2861.52,487.647,,,,9892.46,
ADVANTAGE TOYOTA  31173,T001T31173,NAICS,4411,,,USA,NY,UDS 4.0,2024-03-31,USD,Thousands,Consolidated,US GAAP,Audited,Annual,,,,,,,,,,,,,,,,,,,,155266.858,,,,,,6326.187,,,,,,
LEXUS CARLSBAD  60404  ESCONDIDO  60455,T001T60404,NAICS,4411,,,USA,CA,UDS 4.0,2025-03-31,USD,Thousands,Consolidated,US GAAP,Audited,Annual,25750.563,,6949.426,,,,,54497.049,,,,,27692.222,,,,,15754.928,,291547.845,,,,3346.69,,-3894.528,2752.547,,,,7312.997,
LEXUS CARLSBAD  60404  ESCONDIDO  60455,T001T60404,NAICS,4411,,,USA,CA,UDS 4.0,2024-03-31,USD,Thousands,Consolidated,US GAAP,Audited,Annual,,,,,,,,,,,,,,,,,,,,269228.325,,,,,,-5480.049,,,,,,
GREENWOOD LINCOLN MERCURY  16818  FORD  16936,T001T16818,NAICS,4411,,,USA,KY,UDS 4.0,2022-04-30,USD,Thousands,Consolidated,US GAAP,Audited,Annual,1821.864,,3375.652,,,,,8525.754,,,,,3048.303,,,,,3314.711,,51481.504,,,,299.392,,3215.033,157.989,,,,3558.122,
GREENWOOD LINCOLN MERCURY  16818  FORD  16936,T001T16818,NAICS,4411,,,USA,KY,UDS 4.0,2021-04-30,USD,Thousands,Consolidated,US GAAP,Audited,Annual,,,,,,,,,,,,,,,,,,,,41195.039,,,,,,1764.335,,,,,,
HENDRICK AUTOMOTIVE  00260  10K 10Q,T001T00260,NAICS,4411,,,USA,CT,UDS 4.0,2024-09-30,USD,Thousands,Consolidated,US GAAP,Audited,Annual,847003.0,,1170491.0,,,,,4296023.0,,,,,1629505.0,,,,,1582613.0,,10932224.0,,,,83138.0,,358167.0,91859.0,,,,394750.0,
HENDRICK AUTOMOTIVE  00260  10K 10Q,T001T00260,NAICS,4411,,,USA,CT,UDS 4.0,2023-09-30,USD,Thousands,Consolidated,US GAAP,Audited,Annual,,,,,,,,,,,,,,,,,,,,11326893.0,,,,,,450904.0,,,,,,
PHIL MEADOR TOYOTA  11022,T001T11022,NAICS,4411,,,USA,ID,UDS 4.0,2025-03-31,USD,Thousands,Consolidated,US GAAP,Audited,Annual,408.389,,4110.184,,,,,11394.575,,,,,4080.155,,,,,7031.205,,47717.721,,,,127.795,,198.329,36.264,,,,960.687,
PHIL MEADOR TOYOTA  11022,T001T11022,NAICS,4411,,,USA,ID,UDS 4.0,2024-03-31,USD,Thousands,Consolidated,US GAAP,Audited,Annual,,,,,,,,,,,,,,,,,,,,52448.901,,,,,,771.347,,,,,,
TRI COUNTY CHRYSLER JEEP RAM  37984   MANUAL ENTRY,T001T37984,NAICS,4411,,,USA,PA,UDS 4.0,2025-03-31,USD,Thousands,Consolidated,US GAAP,Audited,Annual,3064.2,,7925.79,,,,,15037.272,,,,,5977.058,,,,,5540.893,,46802.831,,,,75.042,,-243.406,481.841,,,,241.316,
TRI COUNTY CHRYSLER JEEP RAM  37984   MANUAL ENTRY,T001T37984,NAICS,4411,,,USA,PA,UDS 4.0,2024-03-31,USD,Thousands,Consolidated,US GAAP,Audited,Annual,,,,,,,,,,,,,,,,,,,,52547.5,,,,,,124.469,,,,,,
TOYOTA SUNNYVALE  04104,T001T04104,NAICS,4411,,,USA,CA,UDS 4.0,2025-03-31,USD,Thousands,Consolidated,US GAAP,Audited,Annual,1421.074,,7277.815,,,,,19926.951,,,,,10271.006,,,,,6886.587,,180335.771,,,,1055.908,,3120.501,579.817,,,,5223.52,
TOYOTA SUNNYVALE  04104,T001T04104,NAICS,4411,,,USA,CA,UDS 4.0,2024-03-31,USD,Thousands,Consolidated,US GAAP,Audited,Annual,,,,,,,,,,,,,,,,,,,,177979.108,,,,,,3411.686,,,,,,
DOWNTOWN FORD OF SACRAMENTO  54679  FLEET  54678  FP TRMNTD 071123 CAT 2 FOR RE LN  019 2004054,T001T54679,NAICS,4411,,,USA,CA,UDS 4.0,2025-03-31,USD,Thousands,Consolidated,US GAAP,Audited,Annual,1061.817,,33763.762,,,,,58973.995,,,,,48735.884,,,,,-7726.396,,196218.36,,,,302.934,,318.118,2125.764,,,,2358.403,
DOWNTOWN FORD OF SACRAMENTO  54679  FLEET  54678  FP TRMNTD 071123 CAT 2 FOR RE LN  019 2004054,T001T54679,NAICS,4411,,,USA,CA,UDS 4.0,2024-03-31,USD,Thousands,Consolidated,US GAAP,Audited,Annual,,,,,,,,,,,,,,,,,,,,166267.318,,,,,,-1812.186,,,,,,
LEXUS OF SHREVEPORT  61703  SPLIT FROM JOHN HARVEY TOYOTA 01 01 2015,T001T61703,NAICS,4411,,,USA,LA,UDS 4.0,2025-03-31,USD,Thousands,Consolidated,US GAAP,Audited,Annual,847.945,,2857.151,,,,,8225.882,,,,,5104.614,,,,,-5405.458,,67954.782,,,,690.281,,1732.929,637.481,,,,4465.8,
LEXUS OF SHREVEPORT  61703  SPLIT FROM JOHN HARVEY TOYOTA 01 01 2015,T001T61703,NAICS,4411,,,USA,LA,UDS 4.0,2024-03-31,USD,Thousands,Consolidated,US GAAP,Audited,Annual,,,,,,,,,,,,,,,,,,,,63972.77,,,,,,1888.795,,,,,,
CRABTREE TOYOTA  06054,T001T06054,NAICS,4411,,,USA,CT,UDS 4.0,2025-03-31,USD,Thousands,Consolidated,US GAAP,Audited,Annual,758.418,,6273.5,,,,,22303.826,,,,,11091.438,,,,,7690.524,,97781.399,,,,345.609,,-1534.948,412.032,,,,4256.655,
CRABTREE TOYOTA  06054,T001T06054,NAICS,4411,,,USA,CT,UDS 4.0,2024-03-31,USD,Thousands,Consolidated,US GAAP,Audited,Annual,,,,,,,,,,,,,,,,,,,,90123.363,,,,,,167.759,,,,,,
TOYOTA OF PORTSMOUTH,T001T28035,NAICS,4411,,,USA,NH,UDS 4.0,2024-03-31,USD,Thousands,Consolidated,US GAAP,Audited,Annual,1995.082,,4178.909,,,,,9303.445,,,,,2508.235,,,,,5462.362,,40394.092,,,,134.204,,-57.576,49.412,,,,659.792,
TOYOTA OF PORTSMOUTH,T001T28035,NAICS,4411,,,USA,NH,UDS 4.0,2023-03-31,USD,Thousands,Consolidated,US GAAP,Audited,Annual,,,,,,,,,,,,,,,,,,,,50781.682,,,,,,1898.056,,,,,,
TOYOTA OF FOX LAKE  12165,T001T12165,NAICS,4411,,,USA,IL,UDS 4.0,2025-03-31,USD,Thousands,Consolidated,US GAAP,Audited,Annual,1972.963,,2661.988,,,,,11863.18,,,,,4403.043,,,,,5305.294,,54579.921,,,,347.54,,-802.156,65.503,,,,154.761,
TOYOTA OF FOX LAKE  12165,T001T12165,NAICS,4411,,,USA,IL,UDS 4.0,2024-03-31,USD,Thousands,Consolidated,US GAAP,Audited,Annual,,,,,,,,,,,,,,,,,,,,54853.146,,,,,,408.594,,,,,,
ROGERS SUBARU  11912,T001T11912,NAICS,4411,,,USA,ID,UDS 4.0,2025-03-31,USD,Thousands,Consolidated,US GAAP,Audited,Annual,2081.074,,5677.045,,,,,19374.323,,,,,4542.017,,,,,11552.909,,52237.878,,,,32.337,,672.925,126.629,,,,1526.175,
ROGERS SUBARU  11912,T001T11912,NAICS,4411,,,USA,ID,UDS 4.0,2024-03-31,USD,Thousands,Consolidated,US GAAP,Audited,Annual,,,,,,,,,,,,,,,,,,,,51304.324,,,,,,954.378,,,,,,
MY CPO  LLC DBA MY CERTIFIED USED CARS  21722,T001T21722,NAICS,4411,,,USA,MI,UDS 4.0,2025-03-31,USD,Thousands,Consolidated,US GAAP,Audited,Annual,80.329,,853.837,,,,,3184.371,,,,,1967.376,,,,,2587.245,,10771.779,,,,12.871,,42.114,93.932,,,,136.092,
MY CPO  LLC DBA MY CERTIFIED USED CARS  21722,T001T21722,NAICS,4411,,,USA,MI,UDS 4.0,2024-03-31,USD,Thousands,Consolidated,US GAAP,Audited,Annual,,,,,,,,,,,,,,,,,,,,14637.075,,,,,,577.959,,,,,,
WALKER TOYOTA  34073  MITSUBISHI  34767,T001T34073,NAICS,4411,,,USA,OH,UDS 4.0,2025-03-31,USD,Thousands,Consolidated,US GAAP,Audited,Annual,6262.559,,5419.809,,,,,22053.531,,,,,5069.704,,,,,11218.099,,73415.433,,,,382.851,,1540.222,29.808,,,,2380.633,
WALKER TOYOTA  34073  MITSUBISHI  34767,T001T34073,NAICS,4411,,,USA,OH,UDS 4.0,2024-03-31,USD,Thousands,Consolidated,US GAAP,Audited,Annual,,,,,,,,,,,,,,,,,,,,71475.968,,,,,,2215.699,,,,,,
FRESNO LEXUS  60452,T001T60452,NAICS,4411,,,USA,CA,UDS 4.0,2025-03-31,USD,Thousands,Consolidated,US GAAP,Audited,Annual,2837.048,,5352.948,,,,,39567.949,,,,,7914.295,,,,,20029.31,,103864.847,,,,957.6,,-1102.814,810.995,,,,3093.96,
FRESNO LEXUS  60452,T001T60452,NAICS,4411,,,USA,CA,UDS 4.0,2024-03-31,USD,Thousands,Consolidated,US GAAP,Audited,Annual,,,,,,,,,,,,,,,,,,,,101170.011,,,,,,-516.986,,,,,,
FINDLAY TOYOTA PRESCOTT  02055,T001T02055,NAICS,4411,,,USA,AZ,UDS 4.0,2025-03-31,USD,Thousands,Consolidated,US GAAP,Audited,Annual,3400.767,,5977.955,,,,,30733.899,,,,,4828.632,,,,,30759.132,,99315.49,,,,585.341,,-368.73,387.291,,,,3491.003,
FINDLAY TOYOTA PRESCOTT  02055,T001T02055,NAICS,4411,,,USA,AZ,UDS 4.0,2024-03-31,USD,Thousands,Consolidated,US GAAP,Audited,Annual,,,,,,,,,,,,,,,,,,,,110228.705,,,,,,238.181,,,,,,
QUALITY TOYOTA  22045,T001T22045,NAICS,4411,,,USA,MN,UDS 4.0,2025-03-31,USD,Thousands,Consolidated,US GAAP,Audited,Annual,1857.077,,3747.642,,,,,6601.712,,,,,2351.687,,,,,3872.976,,28230.345,,,,44.619,,552.185,37.468,,,,1048.058,
QUALITY TOYOTA  22045,T001T22045,NAICS,4411,,,USA,MN,UDS 4.0,2024-03-31,USD,Thousands,Consolidated,US GAAP,Audited,Annual,,,,,,,,,,,,,,,,,,,,33730.979,,,,,,784.821,,,,,,
MEADOR SUBARU  11958  FLEET  11908,T001T11958,NAICS,4411,,,USA,ID,UDS 4.0,2025-03-31,USD,Thousands,Consolidated,US GAAP,Audited,Annual,713.19,,4001.128,,,,,9565.697,,,,,3553.762,,,,,5995.152,,27096.571,,,,0.0,,-94.165,90.746,,,,260.726,
MEADOR SUBARU  11958  FLEET  11908,T001T11958,NAICS,4411,,,USA,ID,UDS 4.0,2024-03-31,USD,Thousands,Consolidated,US GAAP,Audited,Annual,,,,,,,,,,,,,,,,,,,,27703.177,,,,,,636.561,,,,,,
WALDORF TOYOTA  19074,T001T19074,NAICS,4411,,,USA,MD,UDS 4.0,2025-03-31,USD,Thousands,Consolidated,US GAAP,Audited,Annual,24.89,,6166.646,,,,,20840.737,,,,,5917.396,,,,,7491.736,,132076.407,,,,712.998,,3524.757,539.445,,,,7051.93,
WALDORF TOYOTA  19074,T001T19074,NAICS,4411,,,USA,MD,UDS 4.0,2024-03-31,USD,Thousands,Consolidated,US GAAP,Audited,Annual,,,,,,,,,,,,,,,,,,,,120183.415,,,,,,5582.543,,,,,,
TOM PAPPAS TOYOTA,T001T24036,NAICS,4411,,,USA,MO,UDS 4.0,2025-03-31,USD,Thousands,Consolidated,US GAAP,Audited,Annual,16497.113,,3782.827,,,,,29416.516,,,,,1932.317,,,,,4817.743,,73937.125,,,,515.5,,1276.95,406.286,,,,3687.561,
TOM PAPPAS TOYOTA,T001T24036,NAICS,4411,,,USA,MO,UDS 4.0,2024-03-31,USD,Thousands,Consolidated,US GAAP,Audited,Annual,,,,,,,,,,,,,,,,,,,,72454.028,,,,,,1828.836,,,,,,
TOYOTA CARLSBAD  04222,T001T04222,NAICS,4411,,,USA,CA,UDS 4.0,2025-03-31,USD,Thousands,Consolidated,US GAAP,Audited,Annual,33162.377,,14424.779,,,,,67004.838,,,,,21173.859,,,,,37217.08,,360027.99,,,,2047.171,,10419.508,1646.763,,,,14348.517,
TOYOTA CARLSBAD  04222,T001T04222,NAICS,4411,,,USA,CA,UDS 4.0,2024-03-31,USD,Thousands,Consolidated,US GAAP,Audited,Annual,,,,,,,,,,,,,,,,,,,,365382.6,,,,,,14833.494,,,,,,
GILROY TOYOTA,T001T04361,NAICS,4411,,,USA,CA,UDS 4.0,2021-11-30,USD,Thousands,Consolidated,US GAAP,Audited,Annual,1629.848,,1628.839,,,,,8447.845,,,,,3498.394,,,,,-844.721,,63025.762909091,,,,348.141818182,,3364.012363636,326.164363636,,,,4254.927272727,
GILROY TOYOTA,T001T04361,NAICS,4411,,,USA,CA,UDS 4.0,2020-11-30,USD,Thousands,Consolidated,US GAAP,Audited,Annual,,,,,,,,,,,,,,,,,,,,38467.436,,,,,,322.348,,,,,,
BENNETT HYUNDAI OF LEBANON  37510,T001T37510,NAICS,4411,,,USA,PA,UDS 4.0,2025-03-31,USD,Thousands,Consolidated,US GAAP,Audited,Annual,635.415,,5425.247,,,,,8458.801,,,,,6068.18,,,,,247.96,,27409.773,,,,0.0,,-1027.241,139.006,,,,0.0,
BENNETT HYUNDAI OF LEBANON  37510,T001T37510,NAICS,4411,,,USA,PA,UDS 4.0,2024-03-31,USD,Thousands,Consolidated,US GAAP,Audited,Annual,,,,,,,,,,,,,,,,,,,,21463.255,,,,,,-692.601,,,,,,
COMPETITION TOYOTA,T001T34134,NAICS,4411,,,USA,OH,UDS 4.0,2023-06-30,USD,Thousands,Consolidated,US GAAP,Audited,Annual,403.352,,237.026,,,,,1556.204,,,,,404.613,,,,,-312.286,,8161.628,,,,4.246,,-272.314,7.922,,,,0.0,
ORLAND TOYOTA,T001T12082,NAICS,4411,,,USA,IL,UDS 4.0,2025-03-31,USD,Thousands,Consolidated,US GAAP,Audited,Annual,900.144,,4569.095,,,,,10779.369,,,,,2533.091,,,,,22322.257,,70157.494,,,,392.503,,2326.939,256.822,,,,3487.975,
ORLAND TOYOTA,T001T12082,NAICS,4411,,,USA,IL,UDS 4.0,2024-03-31,USD,Thousands,Consolidated,US GAAP,Audited,Annual,,,,,,,,,,,,,,,,,,,,65539.933,,,,,,2627.793,,,,,,
TOYOTA WORLD OF LAKEWOOD  29095,T001T29095,NAICS,4411,,,USA,NJ,UDS 4.0,2025-03-31,USD,Thousands,Consolidated,US GAAP,Audited,Annual,2883.912,,3633.729,,,,,16235.52,,,,,5918.619,,,,,0.0,,48862.458,,,,123.021,,-924.096,71.93,,,,906.806,
TOYOTA WORLD OF LAKEWOOD  29095,T001T29095,NAICS,4411,,,USA,NJ,UDS 4.0,2024-03-31,USD,Thousands,Consolidated,US GAAP,Audited,Annual,,,,,,,,,,,,,,,,,,,,48113.265,,,,,,-558.863,,,,,,
BENNETT INFINITI WILKES BARRE  37902    SEPARATED FROM ALLENTOWN PER 070821 CAT APPROVAL,T001T37902,NAICS,4411,,,USA,PA,UDS 4.0,2024-08-31,USD,Thousands,Consolidated,US GAAP,Audited,Annual,301.505,,4266.067,,,,,5487.006,,,,,4127.477,,,,,-8968.568,,10742.587,,,,-16.268,,-1940.72,196.383,,,,0.0,
BENNETT INFINITI WILKES BARRE  37902    SEPARATED FROM ALLENTOWN PER 070821 CAT APPROVAL,T001T37902,NAICS,4411,,,USA,PA,UDS 4.0,2023-08-31,USD,Thousands,Consolidated,US GAAP,Audited,Annual,,,,,,,,,,,,,,,,,,,,13942.789,,,,,,-1307.425,,,,,,
FOX TOYOTA OF CADILLAC  21115,T001T21115,NAICS,4411,,,USA,MI,UDS 4.0,2025-03-31,USD,Thousands,Consolidated,US GAAP,Audited,Annual,425.127,,2030.658,,,,,6890.965,,,,,2538.46,,,,,3221.125,,31860.192,,,,140.663,,67.072,26.766,,,,568.076,
FOX TOYOTA OF CADILLAC  21115,T001T21115,NAICS,4411,,,USA,MI,UDS 4.0,2024-03-31,USD,Thousands,Consolidated,US GAAP,Audited,Annual,,,,,,,,,,,,,,,,,,,,31544.787,,,,,,185.761,,,,,,
BOB SMITH TOYOTA  04094,T001T04094,NAICS,4411,,,USA,CA,UDS 4.0,2025-03-31,USD,Thousands,Consolidated,US GAAP,Audited,Annual,2134.396,,2715.148,,,,,9495.114,,,,,2734.611,,,,,7577.735,,42936.968,,,,301.418,,-128.329,15.881,,,,425.764,
BOB SMITH TOYOTA  04094,T001T04094,NAICS,4411,,,USA,CA,UDS 4.0,2024-03-31,USD,Thousands,Consolidated,US GAAP,Audited,Annual,,,,,,,,,,,,,,,,,,,,48039.073,,,,,,816.345,,,,,,
TOYOTA OF BOWLING GREEN  16042,T001T16042,NAICS,4411,,,USA,KY,UDS 4.0,2025-03-31,USD,Thousands,Consolidated,US GAAP,Audited,Annual,1428.591,,6786.067,,,,,14318.785,,,,,9474.32,,,,,2997.236,,112100.929,,,,224.918,,2426.514,166.756,,,,4837.695,
TOYOTA OF BOWLING GREEN  16042,T001T16042,NAICS,4411,,,USA,KY,UDS 4.0,2024-03-31,USD,Thousands,Consolidated,US GAAP,Audited,Annual,,,,,,,,,,,,,,,,,,,,105084.125,,,,,,2280.231,,,,,,
ALL STAR FORD  54034,T001T54034,NAICS,4411,,,USA,CA,UDS 4.0,2025-03-31,USD,Thousands,Consolidated,US GAAP,Audited,Annual,5259.884,,8067.099,,,,,16831.529,,,,,8577.0,,,,,6443.337,,36457.295,,,,13.395,,-355.61,328.802,,,,50.932,
ALL STAR FORD  54034,T001T54034,NAICS,4411,,,USA,CA,UDS 4.0,2024-03-31,USD,Thousands,Consolidated,US GAAP,Audited,Annual,,,,,,,,,,,,,,,,,,,,34825.134,,,,,,65.707,,,,,,
PENSKE AUTOMOTIVE GROUP  00265  10K 10Q,T001T00265,NAICS,4411,,,USA,NY,UDS 4.0,2025-03-31,USD,Thousands,Consolidated,US GAAP,Audited,Annual,118400.0,,4500300.0,,,,,16931900.0,,,,,6702100.0,,,,,5167700.0,,30611900.0,,,,160100.0,,1029200.0,275500.0,,,,952200.0,
PENSKE AUTOMOTIVE GROUP  00265  10K 10Q,T001T00265,NAICS,4411,,,USA,NY,UDS 4.0,2024-03-31,USD,Thousands,Consolidated,US GAAP,Audited,Annual,,,,,,,,,,,,,,,,,,,,29636200.0,,,,,,1062500.0,,,,,,
JOHN ROBERTS TOYOTA  41057,T001T41057,NAICS,4411,,,USA,TN,UDS 4.0,2025-03-31,USD,Thousands,Consolidated,US GAAP,Audited,Annual,2759.392,,3919.223,,,,,9163.716,,,,,1192.293,,,,,7712.666,,53529.378,,,,305.353,,1368.742,243.973,,,,2473.251,
JOHN ROBERTS TOYOTA  41057,T001T41057,NAICS,4411,,,USA,TN,UDS 4.0,2024-03-31,USD,Thousands,Consolidated,US GAAP,Audited,Annual,,,,,,,,,,,,,,,,,,,,51852.588,,,,,,1645.186,,,,,,
AVONDALE TOYOTA  02050,T001T02050,NAICS,4411,,,USA,AZ,UDS 4.0,2025-03-31,USD,Thousands,Consolidated,US GAAP,Audited,Annual,8836.178,,18160.756,,,,,47014.973,,,,,23055.315,,,,,68110.544,,478510.004,,,,2707.322,,18587.492,1965.984,,,,29337.923,
AVONDALE TOYOTA  02050,T001T02050,NAICS,4411,,,USA,AZ,UDS 4.0,2024-03-31,USD,Thousands,Consolidated,US GAAP,Audited,Annual,,,,,,,,,,,,,,,,,,,,408038.179,,,,,,20060.745,,,,,,
LEXUS EL CAJON  60457,T001T60457,NAICS,4411,,,USA,CA,UDS 4.0,2025-03-31,USD,Thousands,Consolidated,US GAAP,Audited,Annual,756.686,,3522.076,,,,,28554.832,,,,,8429.337,,,,,412.404,,71887.625,,,,718.441,,114.275,17.721,,,,2721.956,
LEXUS EL CAJON  60457,T001T60457,NAICS,4411,,,USA,CA,UDS 4.0,2024-03-31,USD,Thousands,Consolidated,US GAAP,Audited,Annual,,,,,,,,,,,,,,,,,,,,61719.834,,,,,,-525.508,,,,,,
BRUNSWICK TOYOTA,T001T34090,NAICS,4411,,,USA,OH,UDS 4.0,2025-03-31,USD,Thousands,Consolidated,US GAAP,Audited,Annual,76220.339,,55466.806,,,,,167736.894,,,,,84549.372,,,,,5133.326,,635814.259,,,,1646.412,,11834.848,1643.141,,,,16088.044,
BRUNSWICK TOYOTA,T001T34090,NAICS,4411,,,USA,OH,UDS 4.0,2024-03-31,USD,Thousands,Consolidated,US GAAP,Audited,Annual,,,,,,,,,,,,,,,,,,,,627952.196,,,,,,12415.941,,,,,,
BERGSTROM TOYOTA  48051,T001T48051,NAICS,4411,,,USA,WI,UDS 4.0,2025-03-31,USD,Thousands,Consolidated,US GAAP,Audited,Annual,944.475,,2284.081,,,,,9210.993,,,,,3045.953,,,,,740.385,,42820.94,,,,373.964,,-13.071,120.497,,,,1125.57,
BERGSTROM TOYOTA  48051,T001T48051,NAICS,4411,,,USA,WI,UDS 4.0,2024-03-31,USD,Thousands,Consolidated,US GAAP,Audited,Annual,,,,,,,,,,,,,,,,,,,,44660.953,,,,,,804.681,,,,,,
COWBOY TOYOTA,T001T42296,NAICS,4411,,,USA,TX,UDS 4.0,2024-09-30,USD,Thousands,Consolidated,US GAAP,Audited,Annual,1668.359,,6029.596,,,,,24119.004,,,,,8683.707,,,,,9120.333,,118806.259,,,,366.543,,2007.459,138.072,,,,3882.559,
COWBOY TOYOTA,T001T42296,NAICS,4411,,,USA,TX,UDS 4.0,2023-09-30,USD,Thousands,Consolidated,US GAAP,Audited,Annual,,,,,,,,,,,,,,,,,,,,126620.118,,,,,,4947.685,,,,,,
MCGEE TOYOTA OF CLAREMONT  28039,T001T28039,NAICS,4411,,,USA,NH,UDS 4.0,2025-03-31,USD,Thousands,Consolidated,US GAAP,Audited,Annual,499.784,,6763.362,,,,,19844.628,,,,,7901.282,,,,,10005.563,,108808.775,,,,392.592,,512.345,196.027,,,,3599.016,
MCGEE TOYOTA OF CLAREMONT  28039,T001T28039,NAICS,4411,,,USA,NH,UDS 4.0,2024-03-31,USD,Thousands,Consolidated,US GAAP,Audited,Annual,,,,,,,,,,,,,,,,,,,,100066.504,,,,,,2061.379,,,,,,
BEACH CITIES TOYOTA OF WESTMINSTER  FORMERLY ELMORE TOYOTA   04108,T001T04108,NAICS,4411,,,USA,CA,UDS 4.0,2025-03-31,USD,Thousands,Consolidated,US GAAP,Audited,Annual,1800.513,,4912.759,,,,,49128.337,,,,,9591.043,,,,,2751.043,,99561.938,,,,291.906,,-208.163,172.166,,,,2199.572,
BEACH CITIES TOYOTA OF WESTMINSTER  FORMERLY ELMORE TOYOTA   04108,T001T04108,NAICS,4411,,,USA,CA,UDS 4.0,2024-03-31,USD,Thousands,Consolidated,US GAAP,Audited,Annual,,,,,,,,,,,,,,,,,,,,19090.709,,,,,,-655.399,,,,,,
TURNER TOYOTA  INC   05049  CHEVROLET  05872  GMC  05920,T001T05049,NAICS,4411,,,USA,CO,UDS 4.0,2025-03-31,USD,Thousands,Consolidated,US GAAP,Audited,Annual,2685.66,,8081.365,,,,,15290.638,,,,,9440.897,,,,,8892.274,,50878.701,,,,78.019,,995.697,76.069,,,,2431.952,
TURNER TOYOTA  INC   05049  CHEVROLET  05872  GMC  05920,T001T05049,NAICS,4411,,,USA,CO,UDS 4.0,2024-03-31,USD,Thousands,Consolidated,US GAAP,Audited,Annual,,,,,,,,,,,,,,,,,,,,47799.32,,,,,,1545.874,,,,,,
PAGE TOYOTA  21039,T001T21039,NAICS,4411,,,USA,MI,UDS 4.0,2025-03-31,USD,Thousands,Consolidated,US GAAP,Audited,Annual,4715.418,,3712.155,,,,,13869.737,,,,,3039.795,,,,,8664.183,,60036.26,,,,387.535,,-2.524,56.116,,,,1309.876,
PAGE TOYOTA  21039,T001T21039,NAICS,4411,,,USA,MI,UDS 4.0,2024-03-31,USD,Thousands,Consolidated,US GAAP,Audited,Annual,,,,,,,,,,,,,,,,,,,,60096.422,,,,,,760.312,,,,,,
TEXANA TOYOTA  42415,T001T42415,NAICS,4411,,,USA,TX,UDS 4.0,2025-03-31,USD,Thousands,Consolidated,US GAAP,Audited,Annual,770.857,,4197.341,,,,,12243.62,,,,,5814.307,,,,,-606.509,,31381.604,,,,170.536,,-1360.192,242.84,,,,0.0,
MEDFORD VOLKSWAGEN  36793,T001T36793,NAICS,4411,,,USA,OR,UDS 4.0,2025-03-31,USD,Thousands,Consolidated,US GAAP,Audited,Annual,402.024,,2272.634,,,,,3438.712,,,,,2379.763,,,,,3281.454,,13943.151,,,,26.178,,98.368,16.288,,,,371.544,
MEDFORD VOLKSWAGEN  36793,T001T36793,NAICS,4411,,,USA,OR,UDS 4.0,2024-03-31,USD,Thousands,Consolidated,US GAAP,Audited,Annual,,,,,,,,,,,,,,,,,,,,18113.613,,,,,,172.782,,,,,,
HONDA UNIVERSE  29808,T001T29808,NAICS,4411,,,USA,NJ,UDS 4.0,2025-03-31,USD,Thousands,Consolidated,US GAAP,Audited,Annual,1790.971,,15768.536,,,,,21692.636,,,,,7231.846,,,,,11089.818,,105750.564,,,,600.39,,1568.431,569.422,,,,2455.932,
HONDA UNIVERSE  29808,T001T29808,NAICS,4411,,,USA,NJ,UDS 4.0,2024-03-31,USD,Thousands,Consolidated,US GAAP,Audited,Annual,,,,,,,,,,,,,,,,,,,,95343.461,,,,,,3248.941,,,,,,
MOTOR CITY LEXUS OF BAKERSFIELD  60443,T001T60443,NAICS,4411,,,USA,CA,UDS 4.0,2025-03-31,USD,Thousands,Consolidated,US GAAP,Audited,Annual,7997.951,,5186.362,,,,,20949.183,,,,,7115.608,,,,,13686.396,,124725.225,,,,1252.708,,513.974,821.297,,,,2581.96,
MOTOR CITY LEXUS OF BAKERSFIELD  60443,T001T60443,NAICS,4411,,,USA,CA,UDS 4.0,2024-03-31,USD,Thousands,Consolidated,US GAAP,Audited,Annual,,,,,,,,,,,,,,,,,,,,128366.339,,,,,,-247.084,,,,,,
CAIN TOYOTA,T001T34006,NAICS,4411,,,USA,OH,UDS 4.0,2023-04-30,USD,Thousands,Consolidated,US GAAP,Audited,Annual,336.965,,2435.862,,,,,5280.874,,,,,1392.918,,,,,2208.474,,46306.593,,,,53.106,,-471.336,1.134,,,,142.422,
CAIN TOYOTA,T001T34006,NAICS,4411,,,USA,OH,UDS 4.0,2022-04-30,USD,Thousands,Consolidated,US GAAP,Audited,Annual,,,,,,,,,,,,,,,,,,,,49605.603,,,,,,905.656,,,,,,
CANNON TOYOTA  23076,T001T23076,NAICS,4411,,,USA,MS,UDS 4.0,2025-03-31,USD,Thousands,Consolidated,US GAAP,Audited,Annual,768.918,,9905.119,,,,,25482.906,,,,,12681.794,,,,,5696.898,,80404.024,,,,9.005,,904.941,23.244,,,,2194.256,
CANNON TOYOTA  23076,T001T23076,NAICS,4411,,,USA,MS,UDS 4.0,2024-03-31,USD,Thousands,Consolidated,US GAAP,Audited,Annual,,,,,,,,,,,,,,,,,,,,67018.132,,,,,,1044.181,,,,,,
STEVINSON TOYOTA EAST  05026,T001T05026,NAICS,4411,,,USA,CO,UDS 4.0,2021-10-31,USD,Thousands,Consolidated,US GAAP,Audited,Annual,3037.679,,3964.922,,,,,9947.757,,,,,3665.374,,,,,9215.602,,156182.775,,,,982.534,,6060.081,902.184,,,,8287.283,
STEVINSON TOYOTA EAST  05026,T001T05026,NAICS,4411,,,USA,CO,UDS 4.0,2020-10-31,USD,Thousands,Consolidated,US GAAP,Audited,Annual,,,,,,,,,,,,,,,,,,,,127844.425,,,,,,1033.297,,,,,,
VACAVILLE HONDA  54217,T001T54217,NAICS,4411,,,USA,CA,UDS 4.0,2025-03-31,USD,Thousands,Consolidated,US GAAP,Audited,Annual,8146.372,,5938.102,,,,,15830.841,,,,,6088.781,,,,,0.0,,54367.263,,,,210.35,,3003.795,170.559,,,,3017.283,
VACAVILLE HONDA  54217,T001T54217,NAICS,4411,,,USA,CA,UDS 4.0,2024-03-31,USD,Thousands,Consolidated,US GAAP,Audited,Annual,,,,,,,,,,,,,,,,,,,,51064.457,,,,,,3196.36,,,,,,
BEAVERTON TOYOTA  36047,T001T36047,NAICS,4411,,,USA,OR,UDS 4.0,2025-03-31,USD,Thousands,Consolidated,US GAAP,Audited,Annual,1417.935,,8729.664,,,,,31077.509,,,,,9128.42,,,,,13313.773,,207680.838,,,,1029.74,,952.759,461.77,,,,5362.793,
BEAVERTON TOYOTA  36047,T001T36047,NAICS,4411,,,USA,OR,UDS 4.0,2024-03-31,USD,Thousands,Consolidated,US GAAP,Audited,Annual,,,,,,,,,,,,,,,,,,,,207993.9,,,,,,4315.456,,,,,,
DOLAN TOYOTA  27013,T001T27013,NAICS,4411,,,USA,NV,UDS 4.0,2025-03-31,USD,Thousands,Consolidated,US GAAP,Audited,Annual,2969.817,,23570.347,,,,,49427.012,,,,,22365.712,,,,,22562.122,,270145.497,,,,995.406,,-5881.503,341.02,,,,10989.784,
DOLAN TOYOTA  27013,T001T27013,NAICS,4411,,,USA,NV,UDS 4.0,2024-03-31,USD,Thousands,Consolidated,US GAAP,Audited,Annual,,,,,,,,,,,,,,,,,,,,241254.284,,,,,,-2424.261,,,,,,
CAVENDER TOYOTA  42186  CAT 2 ONLY,T001T42186,NAICS,4411,,,USA,TX,UDS 4.0,2025-03-31,USD,Thousands,Consolidated,US GAAP,Audited,Annual,18899.179,,28819.144,,,,,81166.57,,,,,50986.99,,,,,211109.939,,601630.192,,,,2968.197,,7144.764,155.195,,,,19569.723,
CAVENDER TOYOTA  42186  CAT 2 ONLY,T001T42186,NAICS,4411,,,USA,TX,UDS 4.0,2024-03-31,USD,Thousands,Consolidated,US GAAP,Audited,Annual,,,,,,,,,,,,,,,,,,,,619164.415,,,,,,15113.728,,,,,,
JAGUAR  09896  LAND ROVER  09908  OF SARASOTA,T001T09896,NAICS,4411,,,USA,FL,UDS 4.0,2022-07-31,USD,Thousands,Consolidated,US GAAP,Audited,Annual,1455.719,,29968.435,,,,,48802.923,,,,,13246.096,,,,,22416.593,,209630.166,,,,264.0,,5146.635,445.938,,,,8063.166,
JAGUAR  09896  LAND ROVER  09908  OF SARASOTA,T001T09896,NAICS,4411,,,USA,FL,UDS 4.0,2021-07-31,USD,Thousands,Consolidated,US GAAP,Audited,Annual,,,,,,,,,,,,,,,,,,,,207528.645,,,,,,5157.884,,,,,,
TOYOTA OF COOL SPRINGS  41078,T001T41078,NAICS,4411,,,USA,TN,UDS 4.0,2025-03-31,USD,Thousands,Consolidated,US GAAP,Audited,Annual,1464.134,,7504.779,,,,,24308.513,,,,,13620.56,,,,,-1410.905,,192918.813,,,,1040.153,,7598.271,642.886,,,,14140.483,
TOYOTA OF COOL SPRINGS  41078,T001T41078,NAICS,4411,,,USA,TN,UDS 4.0,2024-03-31,USD,Thousands,Consolidated,US GAAP,Audited,Annual,,,,,,,,,,,,,,,,,,,,172399.824,,,,,,8555.733,,,,,,
PRIORITY NISSAN NEWPORT  45933,T001T45933,NAICS,4411,,,USA,VA,UDS 4.0,2021-06-30,USD,Thousands,Consolidated,US GAAP,Audited,Annual,2594.685,,147.538,,,,,6128.26,,,,,2548.777,,,,,-1645.633,,44898.812,,,,257.069,,191.242,27.401,,,,1311.524,
PRIORITY NISSAN NEWPORT  45933,T001T45933,NAICS,4411,,,USA,VA,UDS 4.0,2020-06-30,USD,Thousands,Consolidated,US GAAP,Audited,Annual,,,,,,,,,,,,,,,,,,,,41934.781,,,,,,-1220.935,,,,,,
TOYOTA OF MIDLAND  42309,T001T42309,NAICS,4411,,,USA,TX,UDS 4.0,2025-03-31,USD,Thousands,Consolidated,US GAAP,Audited,Annual,6727.491,,8229.95,,,,,20121.799,,,,,13345.102,,,,,-0.003,,121606.384,,,,225.759,,9207.032,187.299,,,,10777.708,
TOYOTA OF MIDLAND  42309,T001T42309,NAICS,4411,,,USA,TX,UDS 4.0,2024-03-31,USD,Thousands,Consolidated,US GAAP,Audited,Annual,,,,,,,,,,,,,,,,,,,,111686.991,,,,,,8098.313,,,,,,
LEXUS OF NEW ORLEANS  61702,T001T61702,NAICS,4411,,,USA,LA,UDS 4.0,2025-03-31,USD,Thousands,Consolidated,US GAAP,Audited,Annual,78.609,,4856.782,,,,,12439.632,,,,,3746.291,,,,,31248.928,,144855.607,,,,1639.407,,7761.588,1596.904,,,,13025.693,
LEXUS OF NEW ORLEANS  61702,T001T61702,NAICS,4411,,,USA,LA,UDS 4.0,2024-03-31,USD,Thousands,Consolidated,US GAAP,Audited,Annual,,,,,,,,,,,,,,,,,,,,147429.452,,,,,,6977.975,,,,,,
BRIAN BEMIS TOYOTA OF DEKALB  12151,T001T12151,NAICS,4411,,,USA,IL,UDS 4.0,2025-03-31,USD,Thousands,Consolidated,US GAAP,Audited,Annual,1696.372,,2417.288,,,,,14943.637,,,,,950.555,,,,,7022.647,,44593.175,,,,296.35,,808.966,255.74,,,,1983.129,
BRIAN BEMIS TOYOTA OF DEKALB  12151,T001T12151,NAICS,4411,,,USA,IL,UDS 4.0,2024-03-31,USD,Thousands,Consolidated,US GAAP,Audited,Annual,,,,,,,,,,,,,,,,,,,,41652.006,,,,,,1237.187,,,,,,
TOYOTA CITY  31195,T001T31195,NAICS,4411,,,USA,NY,UDS 4.0,2025-03-31,USD,Thousands,Consolidated,US GAAP,Audited,Annual,377.098,,4419.738,,,,,22631.046,,,,,7463.423,,,,,3143.689,,63459.116,,,,85.063,,-164.735,238.659,,,,1623.255,
TOYOTA CITY  31195,T001T31195,NAICS,4411,,,USA,NY,UDS 4.0,2024-03-31,USD,Thousands,Consolidated,US GAAP,Audited,Annual,,,,,,,,,,,,,,,,,,,,60759.315,,,,,,-470.955,,,,,,
TOYOTA OF PLANO  42221,T001T42221,NAICS,4411,,,USA,TX,UDS 4.0,2025-03-31,USD,Thousands,Consolidated,US GAAP,Audited,Annual,3856.591,,11736.734,,,,,24799.408,,,,,7906.837,,,,,28229.667,,261543.574,,,,968.68,,7703.156,825.539,,,,14135.46,
TOYOTA OF PLANO  42221,T001T42221,NAICS,4411,,,USA,TX,UDS 4.0,2024-03-31,USD,Thousands,Consolidated,US GAAP,Audited,Annual,,,,,,,,,,,,,,,,,,,,219143.455,,,,,,10063.488,,,,,,
CAPITOL SUBARU  36821  CHEV CAD  36822,T001T36821,NAICS,4411,,,USA,OR,UDS 4.0,2025-03-31,USD,Thousands,Consolidated,US GAAP,Audited,Annual,11764.319,,33609.423,,,,,62693.555,,,,,33277.037,,,,,22569.238,,201704.3,,,,1282.39,,-1016.833,965.68,,,,2402.788,
CAPITOL SUBARU  36821  CHEV CAD  36822,T001T36821,NAICS,4411,,,USA,OR,UDS 4.0,2024-03-31,USD,Thousands,Consolidated,US GAAP,Audited,Annual,,,,,,,,,,,,,,,,,,,,202721.564,,,,,,925.056,,,,,,
DON JACOBS TOYOTA,T001T48032,NAICS,4411,,,USA,WI,UDS 4.0,2025-03-31,USD,Thousands,Consolidated,US GAAP,Audited,Annual,8620.577,,8507.978,,,,,23796.603,,,,,4281.082,,,,,29142.296,,114791.345,,,,404.82,,3215.699,302.52,,,,8673.366,
DON JACOBS TOYOTA,T001T48032,NAICS,4411,,,USA,WI,UDS 4.0,2024-03-31,USD,Thousands,Consolidated,US GAAP,Audited,Annual,,,,,,,,,,,,,,,,,,,,120133.199,,,,,,4704.141,,,,,,
L   S TOYOTA OF BECKLEY  47025,T001T47025,NAICS,4411,,,USA,WV,UDS 4.0,2025-03-31,USD,Thousands,Consolidated,US GAAP,Audited,Annual,10091.184,,2385.137,,,,,20114.118,,,,,3013.857,,,,,15559.719,,73416.644,,,,285.568,,3393.071,155.021,,,,5471.051,
L   S TOYOTA OF BECKLEY  47025,T001T47025,NAICS,4411,,,USA,WV,UDS 4.0,2024-03-31,USD,Thousands,Consolidated,US GAAP,Audited,Annual,,,,,,,,,,,,,,,,,,,,77681.534,,,,,,3979.276,,,,,,
NORTH PARK TOYOTA OF SA  42342,T001T42342,NAICS,4411,,,USA,TX,UDS 4.0,2025-03-31,USD,Thousands,Consolidated,US GAAP,Audited,Annual,507.123,,15394.872,,,,,77179.81,,,,,20798.868,,,,,118541.479,,389101.781,,,,1588.743,,24161.682,893.188,,,,25974.303,
NORTH PARK TOYOTA OF SA  42342,T001T42342,NAICS,4411,,,USA,TX,UDS 4.0,2024-03-31,USD,Thousands,Consolidated,US GAAP,Audited,Annual,,,,,,,,,,,,,,,,,,,,351313.223,,,,,,24427.502,,,,,,
LOYALTY VW  45896,T001T45896,NAICS,4411,,,USA,VA,UDS 4.0,2025-03-31,USD,Thousands,Consolidated,US GAAP,Audited,Annual,1767.765,,4361.885,,,,,20683.445,,,,,12937.931,,,,,8967.154,,34789.75,,,,222.692,,661.701,127.276,,,,1239.873,
LOYALTY VW  45896,T001T45896,NAICS,4411,,,USA,VA,UDS 4.0,2024-03-31,USD,Thousands,Consolidated,US GAAP,Audited,Annual,,,,,,,,,,,,,,,,,,,,33591.646,,,,,,465.397,,,,,,
RUSTY DREWING TOYOTA  24087,T001T24087,NAICS,4411,,,USA,MO,UDS 4.0,2025-03-31,USD,Thousands,Consolidated,US GAAP,Audited,Annual,2356.081,,12963.798,,,,,29193.885,,,,,5097.818,,,,,13287.779,,145804.832,,,,780.722,,271.041,602.203,,,,5489.349,
RUSTY DREWING TOYOTA  24087,T001T24087,NAICS,4411,,,USA,MO,UDS 4.0,2024-03-31,USD,Thousands,Consolidated,US GAAP,Audited,Annual,,,,,,,,,,,,,,,,,,,,129787.043,,,,,,1562.439,,,,,,
PRIORITY TOY SPRINGFIELD,T001T45023,NAICS,4411,,,USA,VA,UDS 4.0,2023-05-31,USD,Thousands,Consolidated,US GAAP,Audited,Annual,2217.186,,5000.321,,,,,41816.867,,,,,10557.407,,,,,18890.924,,142757.4192,,,,420.5952,,3562.8576,152.3352,,,,7388.7,
PRIORITY TOY SPRINGFIELD,T001T45023,NAICS,4411,,,USA,VA,UDS 4.0,2022-05-31,USD,Thousands,Consolidated,US GAAP,Audited,Annual,,,,,,,,,,,,,,,,,,,,162912.097,,,,,,10999.63,,,,,,
NOVATO TOYOTA,T001T04122,NAICS,4411,,,USA,CA,UDS 4.0,2023-10-31,USD,Thousands,Consolidated,US GAAP,Audited,Annual,1628.352,,1405.931,,,,,4134.721,,,,,1321.896,,,,,5075.978,,30663.414,,,,66.3456,,749.3904,9.024,,,,1407.5004,
NOVATO TOYOTA,T001T04122,NAICS,4411,,,USA,CA,UDS 4.0,2022-10-31,USD,Thousands,Consolidated,US GAAP,Audited,Annual,,,,,,,,,,,,,,,,,,,,33146.006,,,,,,1619.019,,,,,,
TOYOTA OF DARTMOUTH  20128,T001T20128,NAICS,4411,,,USA,MA,UDS 4.0,2025-03-31,USD,Thousands,Consolidated,US GAAP,Audited,Annual,3437.777,,6612.692,,,,,21264.475,,,,,8300.957,,,,,14824.64,,100139.27,,,,335.988,,-167.428,27.031,,,,2265.997,
TOYOTA OF DARTMOUTH  20128,T001T20128,NAICS,4411,,,USA,MA,UDS 4.0,2024-03-31,USD,Thousands,Consolidated,US GAAP,Audited,Annual,,,,,,,,,,,,,,,,,,,,100584.294,,,,,,521.158,,,,,,
KOONS ARLINGTON TOY,T001T45069,NAICS,4411,,,USA,VA,UDS 4.0,2023-11-30,USD,Thousands,Consolidated,US GAAP,Audited,Annual,2649.978,,4854.186,,,,,10802.197,,,,,7275.416,,,,,1172.229,,111855.032727273,,,,485.574545455,,4424.371636364,403.758545455,,,,6815.018181818,
KOONS ARLINGTON TOY,T001T45069,NAICS,4411,,,USA,VA,UDS 4.0,2022-11-30,USD,Thousands,Consolidated,US GAAP,Audited,Annual,,,,,,,,,,,,,,,,,,,,102163.009,,,,,,5950.959,,,,,,
EAST TENNESSEE CHRYSLER DODGE JEEP RAM  41870,T001T41870,NAICS,4411,,,USA,TN,UDS 4.0,2025-03-31,USD,Thousands,Consolidated,US GAAP,Audited,Annual,1934.41,,11960.91,,,,,20187.587,,,,,12305.957,,,,,10333.342,,98871.45,,,,125.031,,1115.385,360.56,,,,1440.515,
EAST TENNESSEE CHRYSLER DODGE JEEP RAM  41870,T001T41870,NAICS,4411,,,USA,TN,UDS 4.0,2024-03-31,USD,Thousands,Consolidated,US GAAP,Audited,Annual,,,,,,,,,,,,,,,,,,,,93598.276,,,,,,1504.042,,,,,,
FERNELIUS HYUNDAI  21756,T001T21756,NAICS,4411,,,USA,MI,UDS 4.0,2025-03-31,USD,Thousands,Consolidated,US GAAP,Audited,Annual,76.791,,2150.305,,,,,3910.971,,,,,2044.797,,,,,1199.328,,14134.202,,,,60.55,,486.852,70.036,,,,511.156,
FERNELIUS HYUNDAI  21756,T001T21756,NAICS,4411,,,USA,MI,UDS 4.0,2024-03-31,USD,Thousands,Consolidated,US GAAP,Audited,Annual,,,,,,,,,,,,,,,,,,,,13399.712,,,,,,363.045,,,,,,
AUTOCENTRO NISSAN  59180,T001T59180,NAICS,4411,,,USA,,UDS 4.0,2025-03-31,USD,Thousands,Consolidated,US GAAP,Audited,Annual,64.155,,5839.392,,,,,23911.718,,,,,11875.928,,,,,5480.282,,47184.135,,,,155.931,,572.784,452.627,,,,379.956,
AUTOCENTRO NISSAN  59180,T001T59180,NAICS,4411,,,USA,,UDS 4.0,2024-03-31,USD,Thousands,Consolidated,US GAAP,Audited,Annual,,,,,,,,,,,,,,,,,,,,48567.411,,,,,,1379.274,,,,,,
AUTOCENTRO TOYOTA  59270,T001T59270,NAICS,4411,,,USA,,UDS 4.0,2025-03-31,USD,Thousands,Consolidated,US GAAP,Audited,Annual,326.746,,14655.421,,,,,108725.188,,,,,38781.709,,,,,43585.966,,204029.225,,,,911.332,,6660.267,1311.616,,,,6364.879,
AUTOCENTRO TOYOTA  59270,T001T59270,NAICS,4411,,,USA,,UDS 4.0,2024-03-31,USD,Thousands,Consolidated,US GAAP,Audited,Annual,,,,,,,,,,,,,,,,,,,,190467.453,,,,,,7668.135,,,,,,
LINDSAY LEXUS ALEXANDRIA  64502,T001T64502,NAICS,4411,,,USA,VA,UDS 4.0,2025-03-31,USD,Thousands,Consolidated,US GAAP,Audited,Annual,17916.353,,19215.357,,,,,64197.491,,,,,39867.379,,,,,22770.506,,295756.165,,,,3501.907,,8802.709,2791.551,,,,21948.172,
LINDSAY LEXUS ALEXANDRIA  64502,T001T64502,NAICS,4411,,,USA,VA,UDS 4.0,2024-03-31,USD,Thousands,Consolidated,US GAAP,Audited,Annual,,,,,,,,,,,,,,,,,,,,251412.932,,,,,,9098.937,,,,,,
LEXUS OF LOUISVILLE  61605,T001T61605,NAICS,4411,,,USA,KY,UDS 4.0,2025-03-31,USD,Thousands,Consolidated,US GAAP,Audited,Annual,1288.302,,3737.844,,,,,22238.665,,,,,7366.716,,,,,-491.474,,126602.825,,,,1504.594,,1447.797,1218.851,,,,6064.336,
LEXUS OF LOUISVILLE  61605,T001T61605,NAICS,4411,,,USA,KY,UDS 4.0,2024-03-31,USD,Thousands,Consolidated,US GAAP,Audited,Annual,,,,,,,,,,,,,,,,,,,,117173.728,,,,,,1494.087,,,,,,
METRO TOYOTA,T001T34036,NAICS,4411,,,USA,OH,UDS 4.0,2024-03-31,USD,Thousands,Consolidated,US GAAP,Audited,Annual,10839.114,,970.08,,,,,14333.622,,,,,2956.548,,,,,11052.225,,75917.688,,,,81.948,,-219.884,86.9,,,,1142.9,
METRO TOYOTA,T001T34036,NAICS,4411,,,USA,OH,UDS 4.0,2023-03-31,USD,Thousands,Consolidated,US GAAP,Audited,Annual,,,,,,,,,,,,,,,,,,,,93450.5,,,,,,1931.312,,,,,,
MOSES CHEVROLET  47921,T001T47921,NAICS,4411,,,USA,WV,UDS 4.0,2025-03-31,USD,Thousands,Consolidated,US GAAP,Audited,Annual,2104.66,,6729.456,,,,,12314.655,,,,,5475.384,,,,,638.909,,52789.821,,,,177.675,,-154.536,55.636,,,,1012.209,
MOSES CHEVROLET  47921,T001T47921,NAICS,4411,,,USA,WV,UDS 4.0,2024-03-31,USD,Thousands,Consolidated,US GAAP,Audited,Annual,,,,,,,,,,,,,,,,,,,,45679.19,,,,,,-884.568,,,,,,
MOTORCARS TOYOTA  34107,T001T34107,NAICS,4411,,,USA,OH,UDS 4.0,2023-01-31,USD,Thousands,Consolidated,US GAAP,Audited,Annual,676.731,,3801.976,,,,,7843.541,,,,,4181.268,,,,,22584.295,,77210.128,,,,184.968,,1911.076,90.803,,,,2790.367,
MOTORCARS TOYOTA  34107,T001T34107,NAICS,4411,,,USA,OH,UDS 4.0,2022-01-31,USD,Thousands,Consolidated,US GAAP,Audited,Annual,,,,,,,,,,,,,,,,,,,,70861.336,,,,,,3239.599,,,,,,
WILSONVILLE TOYOTA  36103,T001T36103,NAICS,4411,,,USA,OR,UDS 4.0,2025-03-31,USD,Thousands,Consolidated,US GAAP,Audited,Annual,5366.057,,15280.115,,,,,173421.651,,,,,30366.236,,,,,72847.995,,265765.647,,,,84.057,,11613.578,3.078,,,,14453.804,
WILSONVILLE TOYOTA  36103,T001T36103,NAICS,4411,,,USA,OR,UDS 4.0,2024-03-31,USD,Thousands,Consolidated,US GAAP,Audited,Annual,,,,,,,,,,,,,,,,,,,,245024.449,,,,,,9375.874,,,,,,
T J TOYOTA  31101,T001T31101,NAICS,4411,,,USA,NY,UDS 4.0,2025-03-31,USD,Thousands,Consolidated,US GAAP,Audited,Annual,3101.797,,3812.12,,,,,10920.798,,,,,2879.403,,,,,7805.156,,28612.517,,,,102.526,,446.558,7.454,,,,934.472,
T J TOYOTA  31101,T001T31101,NAICS,4411,,,USA,NY,UDS 4.0,2024-03-31,USD,Thousands,Consolidated,US GAAP,Audited,Annual,,,,,,,,,,,,,,,,,,,,32082.815,,,,,,848.155,,,,,,
YOUNG TOYOTA  43027  FLEET  43501,T001T43027,NAICS,4411,,,USA,UT,UDS 4.0,2025-03-31,USD,Thousands,Consolidated,US GAAP,Audited,Annual,1395.937,,4346.798,,,,,23860.647,,,,,7616.147,,,,,4601.742,,83729.476,,,,95.393,,-77.27,37.104,,,,845.846,
YOUNG TOYOTA  43027  FLEET  43501,T001T43027,NAICS,4411,,,USA,UT,UDS 4.0,2024-03-31,USD,Thousands,Consolidated,US GAAP,Audited,Annual,,,,,,,,,,,,,,,,,,,,98918.999,,,,,,362.459,,,,,,
JACK TAYLOR S ALEX TOYOTA,T001T45027,NAICS,4411,,,USA,VA,UDS 4.0,2022-11-30,USD,Thousands,Consolidated,US GAAP,Audited,Annual,8016.801,,3584.453,,,,,19247.058,,,,,2825.597,,,,,19033.174,,115397.060727273,,,,517.363636364,,3361.132363636,517.363636364,,,,6343.543636364,
JACK TAYLOR S ALEX TOYOTA,T001T45027,NAICS,4411,,,USA,VA,UDS 4.0,2021-11-30,USD,Thousands,Consolidated,US GAAP,Audited,Annual,,,,,,,,,,,,,,,,,,,,134005.123,,,,,,2456.808,,,,,,
LEXUS OF PEMBROKE PINES  60904  NORTH MIAMI  60931,T001T60904,NAICS,4411,,,USA,FL,UDS 4.0,2025-03-31,USD,Thousands,Consolidated,US GAAP,Audited,Annual,37165.77,,31646.527,,,,,254271.019,,,,,68077.157,,,,,107449.815,,936316.204,,,,12563.411,,9235.703,9253.994,,,,31107.7,
LEXUS OF PEMBROKE PINES  60904  NORTH MIAMI  60931,T001T60904,NAICS,4411,,,USA,FL,UDS 4.0,2024-03-31,USD,Thousands,Consolidated,US GAAP,Audited,Annual,,,,,,,,,,,,,,,,,,,,954369.549,,,,,,11278.298,,,,,,
INVER GROVE AUTO SALES FORMERLY INVER GROVE MITSUBISHI UNTIL 101822  22928,T001T22928,NAICS,4411,,,USA,MN,UDS 4.0,2023-10-31,USD,Thousands,Consolidated,US GAAP,Audited,Annual,126.053,,1462.243,,,,,1910.871,,,,,1350.644,,,,,-1837.733,,7366.098,,,,-4.34,,-985.377,57.143,,,,0.0,
INVER GROVE AUTO SALES FORMERLY INVER GROVE MITSUBISHI UNTIL 101822  22928,T001T22928,NAICS,4411,,,USA,MN,UDS 4.0,2022-10-31,USD,Thousands,Consolidated,US GAAP,Audited,Annual,,,,,,,,,,,,,,,,,,,,13977.117,,,,,,-1023.232,,,,,,
TOYOTA OF PHARR  42417,T001T42417,NAICS,4411,,,USA,TX,UDS 4.0,2025-03-31,USD,Thousands,Consolidated,US GAAP,Audited,Annual,10244.912,,8445.138,,,,,104698.42,,,,,21995.6,,,,,-0.003,,150966.692,,,,376.984,,3265.648,1345.828,,,,6100.3,
CARL HOGAN TOYOTA,T001T23061,NAICS,4411,,,USA,MS,UDS 4.0,2025-03-31,USD,Thousands,Consolidated,US GAAP,Audited,Annual,636.055,,3917.763,,,,,6774.018,,,,,2947.159,,,,,1830.392,,51410.751,,,,86.748,,-440.969,182.146,,,,513.721,
CARL HOGAN TOYOTA,T001T23061,NAICS,4411,,,USA,MS,UDS 4.0,2024-03-31,USD,Thousands,Consolidated,US GAAP,Audited,Annual,,,,,,,,,,,,,,,,,,,,58312.148,,,,,,512.334,,,,,,
ROBERTS TOYOTA  41021,T001T41021,NAICS,4411,,,USA,TN,UDS 4.0,2025-03-31,USD,Thousands,Consolidated,US GAAP,Audited,Annual,7683.009,,9834.365,,,,,22645.958,,,,,6341.436,,,,,20138.413,,94614.424,,,,716.896,,1999.768,548.449,,,,4346.243,
ROBERTS TOYOTA  41021,T001T41021,NAICS,4411,,,USA,TN,UDS 4.0,2024-03-31,USD,Thousands,Consolidated,US GAAP,Audited,Annual,,,,,,,,,,,,,,,,,,,,86059.056,,,,,,2489.816,,,,,,
DARCARS GROUP  00106  10K 10Q,T001T00106,NAICS,4411,,,USA,OR,UDS 4.0,2024-12-31,USD,Thousands,Consolidated,US GAAP,Audited,Annual,159804.924,,155920.583,,,,,792214.036,,,,,315965.972,,,,,173613.398,,1817852.209,,,,21392.013,,-17443.347,15954.898,,,,29071.371,
DARCARS GROUP  00106  10K 10Q,T001T00106,NAICS,4411,,,USA,OR,UDS 4.0,2023-12-31,USD,Thousands,Consolidated,US GAAP,Audited,Annual,,,,,,,,,,,,,,,,,,,,1697005.0,,,,,,26889.484,,,,,,
ROGERS CHRY JEEP DDGE RAM  11911,T001T11911,NAICS,4411,,,USA,ID,UDS 4.0,2025-03-31,USD,Thousands,Consolidated,US GAAP,Audited,Annual,1341.791,,10374.337,,,,,15510.712,,,,,5287.342,,,,,9897.923,,54062.589,,,,188.205,,942.617,6.633,,,,1081.353,
ROGERS CHRY JEEP DDGE RAM  11911,T001T11911,NAICS,4411,,,USA,ID,UDS 4.0,2024-03-31,USD,Thousands,Consolidated,US GAAP,Audited,Annual,,,,,,,,,,,,,,,,,,,,60960.637,,,,,,1350.398,,,,,,
CEDAR RAPIDS TOYOTA  INC   14015,T001T14015,NAICS,4411,,,USA,IA,UDS 4.0,2025-03-31,USD,Thousands,Consolidated,US GAAP,Audited,Annual,13489.835,,4740.446,,,,,21594.212,,,,,5003.413,,,,,19975.643,,97988.058,,,,367.44,,3279.805,367.44,,,,5224.722,
CEDAR RAPIDS TOYOTA  INC   14015,T001T14015,NAICS,4411,,,USA,IA,UDS 4.0,2024-03-31,USD,Thousands,Consolidated,US GAAP,Audited,Annual,,,,,,,,,,,,,,,,,,,,98242.36,,,,,,3461.582,,,,,,
NATCHEZ TOYOTA  23080,T001T23080,NAICS,4411,,,USA,MS,UDS 4.0,2025-03-31,USD,Thousands,Consolidated,US GAAP,Audited,Annual,2179.914,,2337.444,,,,,5930.687,,,,,3673.34,,,,,1607.576,,31894.034,,,,15.153,,11.638,235.106,,,,874.78,
NATCHEZ TOYOTA  23080,T001T23080,NAICS,4411,,,USA,MS,UDS 4.0,2024-03-31,USD,Thousands,Consolidated,US GAAP,Audited,Annual,,,,,,,,,,,,,,,,,,,,34476.079,,,,,,443.202,,,,,,
DALTON SUBARU NATIONAL CITY  54562,T001T54562,NAICS,4411,,,USA,CA,UDS 4.0,2025-03-31,USD,Thousands,Consolidated,US GAAP,Audited,Annual,2261.321,,6599.417,,,,,37503.785,,,,,10481.926,,,,,-151.173,,67075.303,,,,183.096,,-1325.169,84.808,,,,0.0,
DALTON SUBARU NATIONAL CITY  54562,T001T54562,NAICS,4411,,,USA,CA,UDS 4.0,2024-03-31,USD,Thousands,Consolidated,US GAAP,Audited,Annual,,,,,,,,,,,,,,,,,,,,64195.594,,,,,,247.491,,,,,,
TOYOTA OF SOMERSET,T001T16048,NAICS,4411,,,USA,KY,UDS 4.0,2025-03-31,USD,Thousands,Consolidated,US GAAP,Audited,Annual,3232.78,,3740.104,,,,,10283.542,,,,,1415.594,,,,,8848.497,,41135.031,,,,173.122,,1254.953,171.759,,,,1733.417,
TOYOTA OF SOMERSET,T001T16048,NAICS,4411,,,USA,KY,UDS 4.0,2024-03-31,USD,Thousands,Consolidated,US GAAP,Audited,Annual,,,,,,,,,,,,,,,,,,,,37705.353,,,,,,1699.312,,,,,,
DRIVEN CARS  27619,T001T27619,NAICS,4411,,,USA,NV,UDS 4.0,2025-03-31,USD,Thousands,Consolidated,US GAAP,Audited,Annual,1236.458,,70.1,,,,,4013.797,,,,,240.207,,,,,1517.787,,9999.806,,,,91.438,,1432.523,126.912,,,,1637.808,
DRIVEN CARS  27619,T001T27619,NAICS,4411,,,USA,NV,UDS 4.0,2024-03-31,USD,Thousands,Consolidated,US GAAP,Audited,Annual,,,,,,,,,,,,,,,,,,,,5515.951,,,,,,310.677,,,,,,
ALLEGHENY TOYOTA  37096,T001T37096,NAICS,4411,,,USA,PA,UDS 4.0,2025-03-31,USD,Thousands,Consolidated,US GAAP,Audited,Annual,1121.039,,2593.066,,,,,6984.635,,,,,3080.989,,,,,3135.372,,25710.659,,,,80.741,,-253.063,70.944,,,,212.037,
ALLEGHENY TOYOTA  37096,T001T37096,NAICS,4411,,,USA,PA,UDS 4.0,2024-03-31,USD,Thousands,Consolidated,US GAAP,Audited,Annual,,,,,,,,,,,,,,,,,,,,26436.194,,,,,,-89.892,,,,,,
SANTA CRUZ SUBARU  54850   MANUAL ENTRY,T001T54850,NAICS,4411,,,USA,CA,UDS 4.0,2025-03-31,USD,Thousands,Consolidated,US GAAP,Audited,Annual,915.022,,3297.392,,,,,13099.462,,,,,5361.712,,,,,163.266,,45106.801,,,,226.795,,135.267,165.892,,,,1017.095,
SANTA CRUZ SUBARU  54850   MANUAL ENTRY,T001T54850,NAICS,4411,,,USA,CA,UDS 4.0,2024-03-31,USD,Thousands,Consolidated,US GAAP,Audited,Annual,,,,,,,,,,,,,,,,,,,,46575.034,,,,,,-333.891,,,,,,
MCGEE TOYOTA OF PUTNAM  06055  FORMERLY DUDLEY 20142 AS OF 041425,T001T06055,NAICS,4411,,,USA,CT,UDS 4.0,2025-03-31,USD,Thousands,Consolidated,US GAAP,Audited,Annual,1649.1,,6514.832,,,,,17713.383,,,,,8115.892,,,,,6006.876,,72093.562,,,,63.452,,430.819,21.925,,,,1979.634,
PEPPERS TOYOTA  41062,T001T41062,NAICS,4411,,,USA,TN,UDS 4.0,2025-03-31,USD,Thousands,Consolidated,US GAAP,Audited,Annual,1763.044,,2358.93,,,,,4647.948,,,,,1669.201,,,,,2474.205,,31458.051,,,,0.0,,486.175,74.219,,,,1162.752,
PEPPERS TOYOTA  41062,T001T41062,NAICS,4411,,,USA,TN,UDS 4.0,2024-03-31,USD,Thousands,Consolidated,US GAAP,Audited,Annual,,,,,,,,,,,,,,,,,,,,34917.13,,,,,,774.234,,,,,,
D MCDERMOTT LEX NEW HAVEN,T001T60601,NAICS,4411,,,USA,CT,UDS 4.0,2021-12-31,USD,Thousands,Consolidated,US GAAP,Audited,Annual,1040.086,,3041.859,,,,,12253.84,,,,,5103.197,,,,,1593.442,,58643.143,,,,363.456,,1792.208,187.836,,,,2867.666,
D MCDERMOTT LEX NEW HAVEN,T001T60601,NAICS,4411,,,USA,CT,UDS 4.0,2020-12-31,USD,Thousands,Consolidated,US GAAP,Audited,Annual,,,,,,,,,,,,,,,,,,,,46414.25,,,,,,209.494,,,,,,
TOYOTA OF BAY RIDGE BROOKLYN  31204,T001T31204,NAICS,4411,,,USA,NY,UDS 4.0,2025-03-31,USD,Thousands,Consolidated,US GAAP,Audited,Annual,4245.708,,8286.798,,,,,57836.753,,,,,12488.977,,,,,0.0,,97474.629,,,,182.798,,384.766,1438.506,,,,2320.486,
TOYOTA OF BAY RIDGE BROOKLYN  31204,T001T31204,NAICS,4411,,,USA,NY,UDS 4.0,2024-03-31,USD,Thousands,Consolidated,US GAAP,Audited,Annual,,,,,,,,,,,,,,,,,,,,95693.084,,,,,,-520.432,,,,,,
CROWN TOYOTA  04101,T001T04101,NAICS,4411,,,USA,CA,UDS 4.0,2025-03-31,USD,Thousands,Consolidated,US GAAP,Audited,Annual,161.793,,10387.536,,,,,159752.51,,,,,-11276.26,,,,,27884.227,,318794.59,,,,2066.288,,-322.586,1954.562,,,,8586.956,
CROWN TOYOTA  04101,T001T04101,NAICS,4411,,,USA,CA,UDS 4.0,2024-03-31,USD,Thousands,Consolidated,US GAAP,Audited,Annual,,,,,,,,,,,,,,,,,,,,301164.329,,,,,,4090.846,,,,,,
JIM ROBINSON TOYOTA,T001T47013,NAICS,4411,,,USA,WV,UDS 4.0,2023-12-31,USD,Thousands,Consolidated,US GAAP,Audited,Annual,224.623,,2520.094,,,,,3038.581,,,,,1668.593,,,,,53.61,,30530.273,,,,416.28,,690.1,348.836,,,,1234.896,
JIM ROBINSON TOYOTA,T001T47013,NAICS,4411,,,USA,WV,UDS 4.0,2022-12-31,USD,Thousands,Consolidated,US GAAP,Audited,Annual,,,,,,,,,,,,,,,,,,,,31769.362,,,,,,864.65,,,,,,
TIM CASTELLAW F L M  41891,T001T41891,NAICS,4411,,,USA,TN,UDS 4.0,2023-03-31,USD,Thousands,Consolidated,US GAAP,Audited,Annual,899.541,,2174.872,,,,,5737.184,,,,,1313.623,,,,,3703.755,,22845.152,,,,-16.491,,688.041,38.385,,,,895.424,
TIM CASTELLAW F L M  41891,T001T41891,NAICS,4411,,,USA,TN,UDS 4.0,2022-03-31,USD,Thousands,Consolidated,US GAAP,Audited,Annual,,,,,,,,,,,,,,,,,,,,20413.168,,,,,,287.496,,,,,,
LEADCAR HONDA YORKVILLE  31453,T001T31453,NAICS,4411,,,USA,NY,UDS 4.0,2025-03-31,USD,Thousands,Consolidated,US GAAP,Audited,Annual,827.701,,9456.851,,,,,24055.641,,,,,12460.442,,,,,-589.958,,64404.164,,,,212.2,,16.5,99.64,,,,324.1,
LEADCAR HONDA YORKVILLE  31453,T001T31453,NAICS,4411,,,USA,NY,UDS 4.0,2024-03-31,USD,Thousands,Consolidated,US GAAP,Audited,Annual,,,,,,,,,,,,,,,,,,,,47986.574,,,,,,1346.453,,,,,,
TOYOTA 101  04412,T001T04412,NAICS,4411,,,USA,CA,UDS 4.0,2024-08-31,USD,Thousands,Consolidated,US GAAP,Audited,Annual,49.573,,5672.611,,,,,11907.205,,,,,5854.964,,,,,23939.653,,120129.11,,,,359.825,,1740.591,278.081,,,,3084.227,
TOYOTA 101  04412,T001T04412,NAICS,4411,,,USA,CA,UDS 4.0,2023-08-31,USD,Thousands,Consolidated,US GAAP,Audited,Annual,,,,,,,,,,,,,,,,,,,,117096.141,,,,,,3772.395,,,,,,
SUBARU SANTA MONICA  54686   MANUAL ENTRY,T001T54686,NAICS,4411,,,USA,CA,UDS 4.0,2025-03-31,USD,Thousands,Consolidated,US GAAP,Audited,Annual,1754.467,,4873.653,,,,,9985.157,,,,,6275.134,,,,,0.0,,75390.605,,,,23.447,,146.697,281.474,,,,0.0,
SUBARU SANTA MONICA  54686   MANUAL ENTRY,T001T54686,NAICS,4411,,,USA,CA,UDS 4.0,2024-03-31,USD,Thousands,Consolidated,US GAAP,Audited,Annual,,,,,,,,,,,,,,,,,,,,81926.598,,,,,,1131.402,,,,,,
JOHNSON HYUNDAI WAKE FOREST  32872,T001T32872,NAICS,4411,,,USA,NC,UDS 4.0,2025-03-31,USD,Thousands,Consolidated,US GAAP,Audited,Annual,1054.143,,11119.199,,,,,15704.846,,,,,13252.646,,,,,1856.258,,63428.903,,,,42.089,,-813.979,120.888,,,,435.87,
JOHNSON HYUNDAI WAKE FOREST  32872,T001T32872,NAICS,4411,,,USA,NC,UDS 4.0,2024-03-31,USD,Thousands,Consolidated,US GAAP,Audited,Annual,,,,,,,,,,,,,,,,,,,,47082.187,,,,,,-929.844,,,,,,
AUTOCENTRO CHRYSLER  59994,T001T59994,NAICS,4411,,,USA,,UDS 4.0,2025-03-31,USD,Thousands,Consolidated,US GAAP,Audited,Annual,519.054,,22152.695,,,,,65007.237,,,,,43546.513,,,,,-835.0,,121617.199,,,,243.236,,549.557,1855.945,,,,1680.383,
AUTOCENTRO CHRYSLER  59994,T001T59994,NAICS,4411,,,USA,,UDS 4.0,2024-03-31,USD,Thousands,Consolidated,US GAAP,Audited,Annual,,,,,,,,,,,,,,,,,,,,102205.425,,,,,,2548.954,,,,,,
VICTORY TOYOTA OF BROOK PARK  34141,T001T34141,NAICS,4411,,,USA,OH,UDS 4.0,2025-03-31,USD,Thousands,Consolidated,US GAAP,Audited,Annual,3746.131,,6645.915,,,,,41112.418,,,,,9181.712,,,,,2753.501,,104891.792,,,,100.16,,2691.816,73.972,,,,3476.124,
VILLAGE POINTE TOYOTA  26030,T001T26030,NAICS,4411,,,USA,NE,UDS 4.0,2025-03-31,USD,Thousands,Consolidated,US GAAP,Audited,Annual,1531.451,,3068.089,,,,,10287.099,,,,,4302.086,,,,,32605.119,,91540.01,,,,262.372,,4322.089,245.888,,,,5157.488,
VILLAGE POINTE TOYOTA  26030,T001T26030,NAICS,4411,,,USA,NE,UDS 4.0,2024-03-31,USD,Thousands,Consolidated,US GAAP,Audited,Annual,,,,,,,,,,,,,,,,,,,,92829.174,,,,,,5597.08,,,,,,
SHEEHY LEXUS OF RICHMOND  64507,T001T64507,NAICS,4411,,,USA,VA,UDS 4.0,2025-03-31,USD,Thousands,Consolidated,US GAAP,Audited,Annual,21185.08,,5099.663,,,,,71979.546,,,,,11627.085,,,,,11686.036,,127592.417,,,,1312.914,,4473.867,136.361,,,,6230.321,
SHEEHY LEXUS OF RICHMOND  64507,T001T64507,NAICS,4411,,,USA,VA,UDS 4.0,2024-03-31,USD,Thousands,Consolidated,US GAAP,Audited,Annual,,,,,,,,,,,,,,,,,,,,118860.445,,,,,,3855.049,,,,,,
LEADCAR TOYOTA HAZLETON  37202,T001T37202,NAICS,4411,,,USA,PA,UDS 4.0,2025-03-31,USD,Thousands,Consolidated,US GAAP,Audited,Annual,394.644,,2761.359,,,,,15757.549,,,,,4287.573,,,,,292.983,,38409.507,,,,65.752,,-408.993,394.352,,,,0.0,
LEADCAR TOYOTA HAZLETON  37202,T001T37202,NAICS,4411,,,USA,PA,UDS 4.0,2024-03-31,USD,Thousands,Consolidated,US GAAP,Audited,Annual,,,,,,,,,,,,,,,,,,,,41848.004,,,,,,522.134,,,,,,
LEXUS OF CHATTANOOGA  64105  SPLIT FROM CAPITAL TOYOTA IN APRIL  2022,T001T64105,NAICS,4411,,,USA,TN,UDS 4.0,2025-03-31,USD,Thousands,Consolidated,US GAAP,Audited,Annual,2338.176,,5828.244,,,,,30473.195,,,,,8406.958,,,,,15805.227,,116915.223,,,,1185.711,,2264.441,1121.817,,,,6897.312,
LEXUS OF CHATTANOOGA  64105  SPLIT FROM CAPITAL TOYOTA IN APRIL  2022,T001T64105,NAICS,4411,,,USA,TN,UDS 4.0,2024-03-31,USD,Thousands,Consolidated,US GAAP,Audited,Annual,,,,,,,,,,,,,,,,,,,,96801.475,,,,,,1696.177,,,,,,
SIGNATURE TOYOTA  21120  HYUNDAI  21728,T001T21120,NAICS,4411,,,USA,MI,UDS 4.0,2025-03-31,USD,Thousands,Consolidated,US GAAP,Audited,Annual,839.288,,4256.976,,,,,8207.051,,,,,4038.312,,,,,2056.492,,33502.938,,,,156.343,,-300.07,32.797,,,,724.561,
SIGNATURE TOYOTA  21120  HYUNDAI  21728,T001T21120,NAICS,4411,,,USA,MI,UDS 4.0,2024-03-31,USD,Thousands,Consolidated,US GAAP,Audited,Annual,,,,,,,,,,,,,,,,,,,,33375.545,,,,,,-40.824,,,,,,
MAGUIRE FORD LINCOLN OF ITHACA  31407,T001T31407,NAICS,4411,,,USA,NY,UDS 4.0,2025-03-31,USD,Thousands,Consolidated,US GAAP,Audited,Annual,586.999,,4131.226,,,,,7346.251,,,,,5399.294,,,,,-70.484,,36351.572,,,,14.25,,140.207,133.206,,,,556.069,
MAGUIRE FORD LINCOLN OF ITHACA  31407,T001T31407,NAICS,4411,,,USA,NY,UDS 4.0,2024-03-31,USD,Thousands,Consolidated,US GAAP,Audited,Annual,,,,,,,,,,,,,,,,,,,,37837.216,,,,,,-266.926,,,,,,
VENTURA TOYOTA  04344,T001T04344,NAICS,4411,,,USA,CA,UDS 4.0,2025-03-31,USD,Thousands,Consolidated,US GAAP,Audited,Annual,2058.287,,5210.311,,,,,11357.925,,,,,5067.291,,,,,6718.832,,110534.712,,,,663.395,,1521.145,381.651,,,,3655.945,
VENTURA TOYOTA  04344,T001T04344,NAICS,4411,,,USA,CA,UDS 4.0,2024-03-31,USD,Thousands,Consolidated,US GAAP,Audited,Annual,,,,,,,,,,,,,,,,,,,,111169.534,,,,,,2670.196,,,,,,
METRO HONDA  29815,T001T29815,NAICS,4411,,,USA,NJ,UDS 4.0,2025-03-31,USD,Thousands,Consolidated,US GAAP,Audited,Annual,4197.98,,11469.636,,,,,21185.339,,,,,5164.475,,,,,17277.411,,106341.692,,,,613.135,,2121.538,535.289,,,,7544.407,
METRO HONDA  29815,T001T29815,NAICS,4411,,,USA,NJ,UDS 4.0,2024-03-31,USD,Thousands,Consolidated,US GAAP,Audited,Annual,,,,,,,,,,,,,,,,,,,,98646.808,,,,,,4995.29,,,,,,
LOMBARD TOYOTA  12074,T001T12074,NAICS,4411,,,USA,IL,UDS 4.0,2025-03-31,USD,Thousands,Consolidated,US GAAP,Audited,Annual,3811.798,,5384.918,,,,,16625.217,,,,,2441.939,,,,,10469.283,,71622.586,,,,378.288,,631.282,304.376,,,,1774.879,
LOMBARD TOYOTA  12074,T001T12074,NAICS,4411,,,USA,IL,UDS 4.0,2024-03-31,USD,Thousands,Consolidated,US GAAP,Audited,Annual,,,,,,,,,,,,,,,,,,,,69497.04,,,,,,1109.939,,,,,,
NORTHTOWN LEXUS  63107,T001T63107,NAICS,4411,,,USA,NY,UDS 4.0,2025-03-31,USD,Thousands,Consolidated,US GAAP,Audited,Annual,24.456,,4619.818,,,,,24138.073,,,,,5109.786,,,,,18106.05,,76913.915,,,,702.418,,510.704,614.724,,,,1869.213,
NORTHTOWN LEXUS  63107,T001T63107,NAICS,4411,,,USA,NY,UDS 4.0,2024-03-31,USD,Thousands,Consolidated,US GAAP,Audited,Annual,,,,,,,,,,,,,,,,,,,,74360.589,,,,,,376.545,,,,,,
OLATHE TOYOTA,T001T15050,NAICS,4411,,,USA,KS,UDS 4.0,2025-03-31,USD,Thousands,Consolidated,US GAAP,Audited,Annual,2797.727,,6775.429,,,,,15863.21,,,,,8018.981,,,,,11267.847,,116925.453,,,,792.575,,3034.632,616.146,,,,3793.881,
OLATHE TOYOTA,T001T15050,NAICS,4411,,,USA,KS,UDS 4.0,2024-03-31,USD,Thousands,Consolidated,US GAAP,Audited,Annual,,,,,,,,,,,,,,,,,,,,103112.014,,,,,,3181.616,,,,,,
TOYOTA OF GLENDORA  04109,T001T04109,NAICS,4411,,,USA,CA,UDS 4.0,2025-03-31,USD,Thousands,Consolidated,US GAAP,Audited,Annual,8842.342,,2558.966,,,,,13628.843,,,,,3169.854,,,,,9240.513,,86913.961,,,,446.858,,-1258.157,358.512,,,,394.195,
TOYOTA OF GLENDORA  04109,T001T04109,NAICS,4411,,,USA,CA,UDS 4.0,2024-03-31,USD,Thousands,Consolidated,US GAAP,Audited,Annual,,,,,,,,,,,,,,,,,,,,82723.356,,,,,,-347.017,,,,,,
GREEN S TOY  OF LEXINGTON  16005,T001T16005,NAICS,4411,,,USA,KY,UDS 4.0,2025-03-31,USD,Thousands,Consolidated,US GAAP,Audited,Annual,7229.675,,8154.951,,,,,49626.513,,,,,11174.875,,,,,34631.366,,206358.75,,,,533.894,,7150.485,479.721,,,,12555.785,
GREEN S TOY  OF LEXINGTON  16005,T001T16005,NAICS,4411,,,USA,KY,UDS 4.0,2024-03-31,USD,Thousands,Consolidated,US GAAP,Audited,Annual,,,,,,,,,,,,,,,,,,,,203414.715,,,,,,8631.092,,,,,,
TOYOTA OF CEDAR PARK  42344,T001T42344,NAICS,4411,,,USA,TX,UDS 4.0,2025-03-31,USD,Thousands,Consolidated,US GAAP,Audited,Annual,19511.836,,28393.941,,,,,75649.903,,,,,54375.209,,,,,106737.919,,643332.341,,,,1316.926,,3699.446,705.241,,,,21639.917,
TOYOTA OF CEDAR PARK  42344,T001T42344,NAICS,4411,,,USA,TX,UDS 4.0,2024-03-31,USD,Thousands,Consolidated,US GAAP,Audited,Annual,,,,,,,,,,,,,,,,,,,,660622.979,,,,,,14290.697,,,,,,
TEAM TOYOTA  34098,T001T34098,NAICS,4411,,,USA,OH,UDS 4.0,2025-03-31,USD,Thousands,Consolidated,US GAAP,Audited,Annual,2327.635,,1767.85,,,,,7104.413,,,,,1607.244,,,,,5266.691,,25262.237,,,,36.318,,-2.855,19.316,,,,290.886,
TEAM TOYOTA  34098,T001T34098,NAICS,4411,,,USA,OH,UDS 4.0,2024-03-31,USD,Thousands,Consolidated,US GAAP,Audited,Annual,,,,,,,,,,,,,,,,,,,,32576.278,,,,,,415.103,,,,,,
TOYOTA OF CLEVELAND HEIGHTS  34137,T001T34137,NAICS,4411,,,USA,OH,UDS 4.0,2025-03-31,USD,Thousands,Consolidated,US GAAP,Audited,Annual,6647.898,,3336.988,,,,,38555.765,,,,,7960.904,,,,,4726.464,,68127.342,,,,324.555,,1096.08,950.128,,,,2015.471,
TOYOTA OF CLEVELAND HEIGHTS  34137,T001T34137,NAICS,4411,,,USA,OH,UDS 4.0,2024-03-31,USD,Thousands,Consolidated,US GAAP,Audited,Annual,,,,,,,,,,,,,,,,,,,,70038.367,,,,,,2171.784,,,,,,
TOYOTA OF PULLMAN  46100,T001T46100,NAICS,4411,,,USA,WA,UDS 4.0,2025-03-31,USD,Thousands,Consolidated,US GAAP,Audited,Annual,180.903,,2264.355,,,,,4181.656,,,,,2922.731,,,,,13850.835,,26559.522,,,,93.812,,566.279,63.101,,,,1243.264,
TOYOTA OF PULLMAN  46100,T001T46100,NAICS,4411,,,USA,WA,UDS 4.0,2024-03-31,USD,Thousands,Consolidated,US GAAP,Audited,Annual,,,,,,,,,,,,,,,,,,,,23152.786,,,,,,510.759,,,,,,
CENTRAL MAINE CHRY DDG JP  18788   MANUAL ENTRY,T001T18788,NAICS,4411,,,USA,ME,UDS 4.0,2025-03-31,USD,Thousands,Consolidated,US GAAP,Audited,Annual,2836.542,,8958.604,,,,,17427.696,,,,,8886.458,,,,,6333.694,,54941.148,,,,125.208,,193.856,55.896,,,,306.775,
CENTRAL MAINE CHRY DDG JP  18788   MANUAL ENTRY,T001T18788,NAICS,4411,,,USA,ME,UDS 4.0,2024-03-31,USD,Thousands,Consolidated,US GAAP,Audited,Annual,,,,,,,,,,,,,,,,,,,,61483.07,,,,,,810.987,,,,,,
WEST HERR TOY ORCHARD PK  31160,T001T31160,NAICS,4411,,,USA,NY,UDS 4.0,2025-03-31,USD,Thousands,Consolidated,US GAAP,Audited,Annual,389.002,,8581.308,,,,,17308.999,,,,,6618.938,,,,,7157.955,,169169.09,,,,1012.009,,3978.758,313.155,,,,6113.989,
WEST HERR TOY ORCHARD PK  31160,T001T31160,NAICS,4411,,,USA,NY,UDS 4.0,2024-03-31,USD,Thousands,Consolidated,US GAAP,Audited,Annual,,,,,,,,,,,,,,,,,,,,176746.241,,,,,,4962.394,,,,,,
YELLOWSTONE TOYOTA  49032  CHEVROLET  49895  GMC  49896,T001T49032,NAICS,4411,,,USA,WY,UDS 4.0,2025-03-31,USD,Thousands,Consolidated,US GAAP,Audited,Annual,533.059,,3400.911,,,,,7546.034,,,,,3977.845,,,,,1189.356,,18832.768,,,,0.08,,-852.391,201.198,,,,39.065,
YELLOWSTONE TOYOTA  49032  CHEVROLET  49895  GMC  49896,T001T49032,NAICS,4411,,,USA,WY,UDS 4.0,2024-03-31,USD,Thousands,Consolidated,US GAAP,Audited,Annual,,,,,,,,,,,,,,,,,,,,23136.054,,,,,,-180.331,,,,,,
KIA DE AGUADILLA  59998,T001T59998,NAICS,4411,,,USA,,UDS 4.0,2025-03-31,USD,Thousands,Consolidated,US GAAP,Audited,Annual,4023.444,,5798.526,,,,,21620.16,,,,,8560.446,,,,,2375.927,,33352.376,,,,94.386,,517.774,319.362,,,,153.324,
KIA DE AGUADILLA  59998,T001T59998,NAICS,4411,,,USA,,UDS 4.0,2024-03-31,USD,Thousands,Consolidated,US GAAP,Audited,Annual,,,,,,,,,,,,,,,,,,,,33251.759,,,,,,542.2,,,,,,
HONDA OF HELENA  25802,T001T25802,NAICS,4411,,,USA,MT,UDS 4.0,2025-03-31,USD,Thousands,Consolidated,US GAAP,Audited,Annual,1250.965,,1627.012,,,,,5354.482,,,,,1187.515,,,,,0.0,,14076.657,,,,237.767,,-141.27,41.928,,,,62.489,
HONDA OF HELENA  25802,T001T25802,NAICS,4411,,,USA,MT,UDS 4.0,2024-03-31,USD,Thousands,Consolidated,US GAAP,Audited,Annual,,,,,,,,,,,,,,,,,,,,14226.359,,,,,,55.004,,,,,,
ROUTE 44 HYUNDAI  20893,T001T20893,NAICS,4411,,,USA,MA,UDS 4.0,2025-03-31,USD,Thousands,Consolidated,US GAAP,Audited,Annual,1003.174,,7448.485,,,,,17422.99,,,,,10447.144,,,,,3533.979,,57167.103,,,,13.868,,74.564,3.089,,,,1182.974,
ROUTE 44 HYUNDAI  20893,T001T20893,NAICS,4411,,,USA,MA,UDS 4.0,2024-03-31,USD,Thousands,Consolidated,US GAAP,Audited,Annual,,,,,,,,,,,,,,,,,,,,55792.784,,,,,,1837.548,,,,,,
HALDEMAN LEXUS PRINCETON  62906,T001T62906,NAICS,4411,,,USA,NJ,UDS 4.0,2025-03-31,USD,Thousands,Consolidated,US GAAP,Audited,Annual,4341.344,,4584.139,,,,,15699.13,,,,,8883.417,,,,,488.792,,86648.596,,,,757.678,,1500.216,661.678,,,,5362.646,
HALDEMAN LEXUS PRINCETON  62906,T001T62906,NAICS,4411,,,USA,NJ,UDS 4.0,2024-03-31,USD,Thousands,Consolidated,US GAAP,Audited,Annual,,,,,,,,,,,,,,,,,,,,79820.815,,,,,,1068.078,,,,,,
LEXUS OF OMAHA  62601  LINCOLN  62630,T001T62601,NAICS,4411,,,USA,NE,UDS 4.0,2025-03-31,USD,Thousands,Consolidated,US GAAP,Audited,Annual,3255.493,,6960.831,,,,,32207.872,,,,,13370.253,,,,,9505.266,,185430.097,,,,1620.306,,277.139,1346.369,,,,6079.813,
LEXUS OF OMAHA  62601  LINCOLN  62630,T001T62601,NAICS,4411,,,USA,NE,UDS 4.0,2024-03-31,USD,Thousands,Consolidated,US GAAP,Audited,Annual,,,,,,,,,,,,,,,,,,,,138565.494,,,,,,701.507,,,,,,
TOYOTA OF BERKELEY  04007,T001T04007,NAICS,4411,,,USA,CA,UDS 4.0,2025-03-31,USD,Thousands,Consolidated,US GAAP,Audited,Annual,4251.281,,1942.491,,,,,11655.673,,,,,2501.424,,,,,1096.71,,48509.464,,,,300.312,,563.376,323.728,,,,1132.08,
TOYOTA OF BERKELEY  04007,T001T04007,NAICS,4411,,,USA,CA,UDS 4.0,2024-03-31,USD,Thousands,Consolidated,US GAAP,Audited,Annual,,,,,,,,,,,,,,,,,,,,50184.833,,,,,,1796.03,,,,,,
SMART TOYOTA,T001T48007,NAICS,4411,,,USA,WI,UDS 4.0,2023-12-31,USD,Thousands,Consolidated,US GAAP,Audited,Annual,7425.261,,8114.68,,,,,30526.053,,,,,4486.816,,,,,33238.437,,179204.122,,,,850.489,,6475.755,792.471,,,,9243.804,
SMART TOYOTA,T001T48007,NAICS,4411,,,USA,WI,UDS 4.0,2022-12-31,USD,Thousands,Consolidated,US GAAP,Audited,Annual,,,,,,,,,,,,,,,,,,,,179641.066,,,,,,7697.349,,,,,,
KENNY KENT LEXUS  61305,T001T61305,NAICS,4411,,,USA,IN,UDS 4.0,2025-03-31,USD,Thousands,Consolidated,US GAAP,Audited,Annual,2259.114,,1719.014,,,,,13682.761,,,,,3858.016,,,,,29424.523,,74457.923,,,,706.7,,3556.957,699.702,,,,5886.687,
KENNY KENT LEXUS  61305,T001T61305,NAICS,4411,,,USA,IN,UDS 4.0,2024-03-31,USD,Thousands,Consolidated,US GAAP,Audited,Annual,,,,,,,,,,,,,,,,,,,,59587.904,,,,,,2769.532,,,,,,
VICTORY HYUNDAI  34735,T001T34735,NAICS,4411,,,USA,OH,UDS 4.0,2025-03-31,USD,Thousands,Consolidated,US GAAP,Audited,Annual,3687.671,,5116.698,,,,,11599.732,,,,,5599.103,,,,,1411.271,,18491.704,,,,98.568,,-1016.652,48.132,,,,0.0,
MCGEE USED CAR SUPERSTORE  20822,T001T20822,NAICS,4411,,,USA,MA,UDS 4.0,2023-02-28,USD,Thousands,Consolidated,US GAAP,Audited,Annual,104.72,,2636.503,,,,,3294.589,,,,,3731.619,,,,,-966.313,,19037.874,,,,3.768,,537.079,95.96,,,,742.48,
MCGEE USED CAR SUPERSTORE  20822,T001T20822,NAICS,4411,,,USA,MA,UDS 4.0,2022-02-28,USD,Thousands,Consolidated,US GAAP,Audited,Annual,,,,,,,,,,,,,,,,,,,,19950.018,,,,,,1501.189,,,,,,
STEVEN TOYOTA  45070,T001T45070,NAICS,4411,,,USA,VA,UDS 4.0,2025-03-31,USD,Thousands,Consolidated,US GAAP,Audited,Annual,3161.602,,2968.133,,,,,15598.979,,,,,5876.749,,,,,8304.884,,61153.332,,,,284.061,,1070.258,1.251,,,,3100.14,
STEVEN TOYOTA  45070,T001T45070,NAICS,4411,,,USA,VA,UDS 4.0,2024-03-31,USD,Thousands,Consolidated,US GAAP,Audited,Annual,,,,,,,,,,,,,,,,,,,,66690.837,,,,,,1905.17,,,,,,
DALTON HYUNDAI NATIONAL CITY  54671,T001T54671,NAICS,4411,,,USA,CA,UDS 4.0,2025-03-31,USD,Thousands,Consolidated,US GAAP,Audited,Annual,1165.01,,13984.181,,,,,30573.711,,,,,16076.562,,,,,372.597,,78526.924,,,,101.834,,-965.002,23.463,,,,0.0,
DALTON HYUNDAI NATIONAL CITY  54671,T001T54671,NAICS,4411,,,USA,CA,UDS 4.0,2024-03-31,USD,Thousands,Consolidated,US GAAP,Audited,Annual,,,,,,,,,,,,,,,,,,,,42973.88,,,,,,732.1,,,,,,
BUBBA OUSTALET TOYOTA  17029,T001T17029,NAICS,4411,,,USA,LA,UDS 4.0,2025-03-31,USD,Thousands,Consolidated,US GAAP,Audited,Annual,2870.191,,6952.799,,,,,12470.266,,,,,10893.239,,,,,5902.164,,43923.331,,,,32.104,,-415.598,134.369,,,,326.39,
BUBBA OUSTALET TOYOTA  17029,T001T17029,NAICS,4411,,,USA,LA,UDS 4.0,2024-03-31,USD,Thousands,Consolidated,US GAAP,Audited,Annual,,,,,,,,,,,,,,,,,,,,44252.106,,,,,,139.267,,,,,,
JOHN O NEIL JOHNSON TOY   23055,T001T23055,NAICS,4411,,,USA,MS,UDS 4.0,2023-06-30,USD,Thousands,Consolidated,US GAAP,Audited,Annual,-85.204,,4943.833,,,,,7704.817,,,,,6249.669,,,,,5767.286,,45141.863,,,,44.966,,-159.399,107.721,,,,1346.024,
JOHN O NEIL JOHNSON TOY   23055,T001T23055,NAICS,4411,,,USA,MS,UDS 4.0,2022-06-30,USD,Thousands,Consolidated,US GAAP,Audited,Annual,,,,,,,,,,,,,,,,,,,,47668.675,,,,,,623.324,,,,,,
CLASSIC TOYOTA  34093,T001T34093,NAICS,4411,,,USA,OH,UDS 4.0,2025-03-31,USD,Thousands,Consolidated,US GAAP,Audited,Annual,15257.378,,6579.079,,,,,33537.123,,,,,8422.441,,,,,20203.307,,111238.293,,,,491.921,,1182.474,382.207,,,,2684.778,
CLASSIC TOYOTA  34093,T001T34093,NAICS,4411,,,USA,OH,UDS 4.0,2024-03-31,USD,Thousands,Consolidated,US GAAP,Audited,Annual,,,,,,,,,,,,,,,,,,,,109086.457,,,,,,1907.969,,,,,,
NEWARK TOYOTAWORLD  07009,T001T07009,NAICS,4411,,,USA,DE,UDS 4.0,2025-03-31,USD,Thousands,Consolidated,US GAAP,Audited,Annual,14421.926,,7157.051,,,,,36897.899,,,,,4044.5,,,,,36933.649,,107107.817,,,,777.81,,5873.244,508.95,,,,7236.241,
NEWARK TOYOTAWORLD  07009,T001T07009,NAICS,4411,,,USA,DE,UDS 4.0,2024-03-31,USD,Thousands,Consolidated,US GAAP,Audited,Annual,,,,,,,,,,,,,,,,,,,,89152.738,,,,,,5099.556,,,,,,
JAGUAR LAND ROVER MARIN  54372  POLESTAR MARIN  54374  LOTUS SAN FRANCISCO  54494,T001T54372,NAICS,4411,,,USA,CA,UDS 4.0,2025-03-31,USD,Thousands,Consolidated,US GAAP,Audited,Annual,1683.486,,18980.818,,,,,33300.291,,,,,23669.143,,,,,1803.224,,106481.212,,,,146.674,,-1031.696,909.87,,,,2555.716,
JAGUAR LAND ROVER MARIN  54372  POLESTAR MARIN  54374  LOTUS SAN FRANCISCO  54494,T001T54372,NAICS,4411,,,USA,CA,UDS 4.0,2024-03-31,USD,Thousands,Consolidated,US GAAP,Audited,Annual,,,,,,,,,,,,,,,,,,,,75656.18,,,,,,-1274.776,,,,,,
I 5 CHRYSLR JEEP DODG RAM  46900,T001T46900,NAICS,4411,,,USA,WA,UDS 4.0,2025-03-31,USD,Thousands,Consolidated,US GAAP,Audited,Annual,1654.618,,5181.155,,,,,7895.535,,,,,4694.084,,,,,2432.78,,24827.951,,,,156.11,,-92.634,37.258,,,,292.694,
I 5 CHRYSLR JEEP DODG RAM  46900,T001T46900,NAICS,4411,,,USA,WA,UDS 4.0,2024-03-31,USD,Thousands,Consolidated,US GAAP,Audited,Annual,,,,,,,,,,,,,,,,,,,,34023.002,,,,,,-351.7,,,,,,
LUSTINE TOY,T001T45035,NAICS,4411,,,USA,VA,UDS 4.0,2022-06-30,USD,Thousands,Consolidated,US GAAP,Audited,Annual,20783.308,,8981.017,,,,,45380.758,,,,,13932.78,,,,,28871.858,,296645.546,,,,1438.596,,16001.044,835.064,,,,22383.228,
LUSTINE TOY,T001T45035,NAICS,4411,,,USA,VA,UDS 4.0,2021-06-30,USD,Thousands,Consolidated,US GAAP,Audited,Annual,,,,,,,,,,,,,,,,,,,,269026.99,,,,,,10881.988,,,,,,
BENNETT MASERATI ALLENTOWN  37679,T001T37679,NAICS,4411,,,USA,PA,UDS 4.0,2024-08-31,USD,Thousands,Consolidated,US GAAP,Audited,Annual,108.458,,5450.357,,,,,6224.53,,,,,5026.836,,,,,-6739.645,,6469.934,,,,24.168,,-1671.532,333.482,,,,0.0,
BENNETT MASERATI ALLENTOWN  37679,T001T37679,NAICS,4411,,,USA,PA,UDS 4.0,2023-08-31,USD,Thousands,Consolidated,US GAAP,Audited,Annual,,,,,,,,,,,,,,,,,,,,10032.989,,,,,,-875.382,,,,,,
NYE TOYOTA  31202,T001T31202,NAICS,4411,,,USA,NY,UDS 4.0,2025-03-31,USD,Thousands,Consolidated,US GAAP,Audited,Annual,2347.244,,2733.996,,,,,9344.564,,,,,3821.041,,,,,3917.871,,45705.918,,,,488.32,,-538.779,44.774,,,,1.729,
NYE TOYOTA  31202,T001T31202,NAICS,4411,,,USA,NY,UDS 4.0,2024-03-31,USD,Thousands,Consolidated,US GAAP,Audited,Annual,,,,,,,,,,,,,,,,,,,,54076.639,,,,,,394.442,,,,,,
ANDERSON FORD OF KINGMAN  02500,T001T02500,NAICS,4411,,,USA,AZ,UDS 4.0,2025-03-31,USD,Thousands,Consolidated,US GAAP,Audited,Annual,699.602,,6910.983,,,,,18437.894,,,,,7629.661,,,,,16076.657,,37970.535,,,,263.53,,1089.247,304.273,,,,1632.228,
ANDERSON FORD OF KINGMAN  02500,T001T02500,NAICS,4411,,,USA,AZ,UDS 4.0,2024-03-31,USD,Thousands,Consolidated,US GAAP,Audited,Annual,,,,,,,,,,,,,,,,,,,,38621.638,,,,,,1035.445,,,,,,
JAMESTOWN HONDA  31511,T001T31511,NAICS,4411,,,USA,NY,UDS 4.0,2021-04-30,USD,Thousands,Consolidated,US GAAP,Audited,Annual,1487.491,,3250.056,,,,,6365.668,,,,,3551.624,,,,,-1508.145,,16879.007,,,,67.377,,306.741,48.189,,,,476.002,
JAMESTOWN HONDA  31511,T001T31511,NAICS,4411,,,USA,NY,UDS 4.0,2020-04-30,USD,Thousands,Consolidated,US GAAP,Audited,Annual,,,,,,,,,,,,,,,,,,,,12135.089,,,,,,-447.334,,,,,,
BMW OF SPRINGFIELD  29729,T001T29729,NAICS,4411,,,USA,NJ,UDS 4.0,2025-03-31,USD,Thousands,Consolidated,US GAAP,Audited,Annual,3377.612,,31209.835,,,,,63374.876,,,,,35406.507,,,,,29572.754,,191031.535,,,,0.0,,-1543.334,1170.508,,,,9428.935,
BMW OF SPRINGFIELD  29729,T001T29729,NAICS,4411,,,USA,NJ,UDS 4.0,2024-03-31,USD,Thousands,Consolidated,US GAAP,Audited,Annual,,,,,,,,,,,,,,,,,,,,191444.726,,,,,,11.164,,,,,,
GALE TOYOTA  06026,T001T06026,NAICS,4411,,,USA,CT,UDS 4.0,2025-03-31,USD,Thousands,Consolidated,US GAAP,Audited,Annual,3916.835,,3579.669,,,,,9840.504,,,,,3784.101,,,,,6349.281,,54477.33,,,,202.401,,-50.575,60.071,,,,1127.678,
GALE TOYOTA  06026,T001T06026,NAICS,4411,,,USA,CT,UDS 4.0,2024-03-31,USD,Thousands,Consolidated,US GAAP,Audited,Annual,,,,,,,,,,,,,,,,,,,,53144.314,,,,,,463.159,,,,,,
FREEWAY TOYOTA OF GILROY  04142,T001T04142,NAICS,4411,,,USA,CA,UDS 4.0,2025-03-31,USD,Thousands,Consolidated,US GAAP,Audited,Annual,6025.914,,4375.928,,,,,29784.6,,,,,8274.395,,,,,16016.006,,108465.813,,,,107.113,,4093.626,2.54,,,,4490.943,
FREEWAY TOYOTA OF GILROY  04142,T001T04142,NAICS,4411,,,USA,CA,UDS 4.0,2024-03-31,USD,Thousands,Consolidated,US GAAP,Audited,Annual,,,,,,,,,,,,,,,,,,,,103176.797,,,,,,4778.54,,,,,,
TOYOTA MARIN  04563,T001T04563,NAICS,4411,,,USA,CA,UDS 4.0,2025-03-31,USD,Thousands,Consolidated,US GAAP,Audited,Annual,108.779,,6329.532,,,,,22259.612,,,,,10144.88,,,,,5269.343,,150348.361,,,,869.277,,3766.145,322.743,,,,5136.473,
TOYOTA MARIN  04563,T001T04563,NAICS,4411,,,USA,CA,UDS 4.0,2024-03-31,USD,Thousands,Consolidated,US GAAP,Audited,Annual,,,,,,,,,,,,,,,,,,,,152333.05,,,,,,4663.345,,,,,,
ATLANTIC TOYOTA  31166,T001T31166,NAICS,4411,,,USA,NY,UDS 4.0,2025-03-31,USD,Thousands,Consolidated,US GAAP,Audited,Annual,4796.014,,4726.761,,,,,28706.914,,,,,9078.71,,,,,3506.351,,97074.231,,,,360.869,,-473.103,240.139,,,,3792.484,
ATLANTIC TOYOTA  31166,T001T31166,NAICS,4411,,,USA,NY,UDS 4.0,2024-03-31,USD,Thousands,Consolidated,US GAAP,Audited,Annual,,,,,,,,,,,,,,,,,,,,95269.908,,,,,,254.706,,,,,,
DCBS  00595  10K 10Q,T001T00595,NAICS,4411,,,USA,TX,UDS 4.0,2020-06-30,USD,Thousands,Consolidated,US GAAP,Audited,Annual,9455.168,,0.0,,,,,134960.281,,,,,6508.277,,,,,,,0.0,,,,0.0,,1682.701,0.0,,,,1718.35,
DCBS  00595  10K 10Q,T001T00595,NAICS,4411,,,USA,TX,UDS 4.0,2019-06-30,USD,Thousands,Consolidated,US GAAP,Audited,Annual,,,,,,,,,,,,,,,,,,,,,,,,,,4733.562,,,,,,
ANTIOCH TOYOTA  04374,T001T04374,NAICS,4411,,,USA,CA,UDS 4.0,2025-03-31,USD,Thousands,Consolidated,US GAAP,Audited,Annual,20460.47,,5006.913,,,,,36599.548,,,,,7171.895,,,,,52880.425,,85914.867,,,,322.637,,3962.282,294.832,,,,5767.922,
ANTIOCH TOYOTA  04374,T001T04374,NAICS,4411,,,USA,CA,UDS 4.0,2024-03-31,USD,Thousands,Consolidated,US GAAP,Audited,Annual,,,,,,,,,,,,,,,,,,,,87935.975,,,,,,5113.977,,,,,,
FERRIS TOYOTA,T001T34104,NAICS,4411,,,USA,OH,UDS 4.0,2025-03-31,USD,Thousands,Consolidated,US GAAP,Audited,Annual,431.903,,5034.252,,,,,8918.881,,,,,4666.262,,,,,4278.215,,41845.076,,,,124.888,,-198.046,94.795,,,,358.722,
FERRIS TOYOTA,T001T34104,NAICS,4411,,,USA,OH,UDS 4.0,2024-03-31,USD,Thousands,Consolidated,US GAAP,Audited,Annual,,,,,,,,,,,,,,,,,,,,42592.624,,,,,,256.737,,,,,,
FOX ACURA OF EL PASO  42935,T001T42935,NAICS,4411,,,USA,TX,UDS 4.0,2025-03-31,USD,Thousands,Consolidated,US GAAP,Audited,Annual,2732.214,,5241.799,,,,,10174.599,,,,,4815.934,,,,,0.0,,25423.992,,,,23.11,,-613.677,99.617,,,,0.0,
FOX ACURA OF EL PASO  42935,T001T42935,NAICS,4411,,,USA,TX,UDS 4.0,2024-03-31,USD,Thousands,Consolidated,US GAAP,Audited,Annual,,,,,,,,,,,,,,,,,,,,39065.574,,,,,,-199.987,,,,,,
SYCAMORE HYUNDAI  12759,T001T12759,NAICS,4411,,,USA,IL,UDS 4.0,2021-11-30,USD,Thousands,Consolidated,US GAAP,Audited,Annual,-958.491,,1308.938,,,,,1072.214,,,,,895.83,,,,,-1808.283,,12193.09,,,,121.53,,-190.179,93.82,,,,0.0,
SYCAMORE HYUNDAI  12759,T001T12759,NAICS,4411,,,USA,IL,UDS 4.0,2020-11-30,USD,Thousands,Consolidated,US GAAP,Audited,Annual,,,,,,,,,,,,,,,,,,,,13979.474,,,,,,-718.462,,,,,,
JOHNSON SUBARU OF CARY  32880,T001T32880,NAICS,4411,,,USA,NC,UDS 4.0,2025-03-31,USD,Thousands,Consolidated,US GAAP,Audited,Annual,3329.991,,10746.116,,,,,23529.162,,,,,15932.846,,,,,22948.999,,132020.9,,,,37.777,,20.405,685.831,,,,2276.125,
JOHNSON SUBARU OF CARY  32880,T001T32880,NAICS,4411,,,USA,NC,UDS 4.0,2024-03-31,USD,Thousands,Consolidated,US GAAP,Audited,Annual,,,,,,,,,,,,,,,,,,,,130101.594,,,,,,865.729,,,,,,
STREET TOYOTA  42161,T001T42161,NAICS,4411,,,USA,TX,UDS 4.0,2025-03-31,USD,Thousands,Consolidated,US GAAP,Audited,Annual,18222.565,,15534.84,,,,,41062.538,,,,,9212.131,,,,,35659.769,,216152.103,,,,636.52,,7904.315,423.517,,,,11134.417,
STREET TOYOTA  42161,T001T42161,NAICS,4411,,,USA,TX,UDS 4.0,2024-03-31,USD,Thousands,Consolidated,US GAAP,Audited,Annual,,,,,,,,,,,,,,,,,,,,212227.62,,,,,,7635.18,,,,,,
CHARLES TOYOTA  06037,T001T06037,NAICS,4411,,,USA,CT,UDS 4.0,2025-03-31,USD,Thousands,Consolidated,US GAAP,Audited,Annual,8968.354,,2785.81,,,,,14186.143,,,,,1408.339,,,,,12022.116,,33209.282,,,,178.71,,1352.476,172.776,,,,2371.962,
CHARLES TOYOTA  06037,T001T06037,NAICS,4411,,,USA,CT,UDS 4.0,2024-03-31,USD,Thousands,Consolidated,US GAAP,Audited,Annual,,,,,,,,,,,,,,,,,,,,31763.407,,,,,,1471.637,,,,,,
VICTORY TOYOTA HIGHLANDS  47035,T001T47035,NAICS,4411,,,USA,WV,UDS 4.0,2025-03-31,USD,Thousands,Consolidated,US GAAP,Audited,Annual,1787.288,,3168.982,,,,,15251.064,,,,,4001.68,,,,,607.925,,45166.653,,,,0.996,,262.504,22.526,,,,710.051,
VICTORY TOYOTA HIGHLANDS  47035,T001T47035,NAICS,4411,,,USA,WV,UDS 4.0,2024-03-31,USD,Thousands,Consolidated,US GAAP,Audited,Annual,,,,,,,,,,,,,,,,,,,,41445.544,,,,,,355.756,,,,,,
PUEBLO TOYOTA  05051,T001T05051,NAICS,4411,,,USA,CO,UDS 4.0,2025-03-31,USD,Thousands,Consolidated,US GAAP,Audited,Annual,6564.673,,3851.903,,,,,11657.215,,,,,4200.829,,,,,5529.773,,58104.373,,,,185.671,,-366.662,70.365,,,,896.21,
PUEBLO TOYOTA  05051,T001T05051,NAICS,4411,,,USA,CO,UDS 4.0,2024-03-31,USD,Thousands,Consolidated,US GAAP,Audited,Annual,,,,,,,,,,,,,,,,,,,,61274.537,,,,,,749.328,,,,,,
TOYOTA OF GREENWICH  06029,T001T06029,NAICS,4411,,,USA,CT,UDS 4.0,2025-03-31,USD,Thousands,Consolidated,US GAAP,Audited,Annual,2193.645,,3912.308,,,,,9542.929,,,,,6849.896,,,,,1227.872,,44478.171,,,,154.543,,16.666,135.259,,,,993.74,
TOYOTA OF GREENWICH  06029,T001T06029,NAICS,4411,,,USA,CT,UDS 4.0,2024-03-31,USD,Thousands,Consolidated,US GAAP,Audited,Annual,,,,,,,,,,,,,,,,,,,,39689.726,,,,,,-391.877,,,,,,
VICTORY TOYOTA  04262,T001T04262,NAICS,4411,,,USA,CA,UDS 4.0,2025-03-31,USD,Thousands,Consolidated,US GAAP,Audited,Annual,6772.285,,3194.307,,,,,19410.843,,,,,6390.749,,,,,19380.66,,82264.323,,,,107.593,,3380.043,2.246,,,,3445.008,
VICTORY TOYOTA  04262,T001T04262,NAICS,4411,,,USA,CA,UDS 4.0,2024-03-31,USD,Thousands,Consolidated,US GAAP,Audited,Annual,,,,,,,,,,,,,,,,,,,,78808.013,,,,,,3972.758,,,,,,
WESTSIDE LEXUS  64201  NORTHSIDE LEXUS  64230,T001T64201,NAICS,4411,,,USA,TX,UDS 4.0,2025-03-31,USD,Thousands,Consolidated,US GAAP,Audited,Annual,41923.225,,16886.418,,,,,191118.545,,,,,86348.858,,,,,2364.977,,747579.726,,,,9476.573,,31948.244,7562.089,,,,55875.302,
WESTSIDE LEXUS  64201  NORTHSIDE LEXUS  64230,T001T64201,NAICS,4411,,,USA,TX,UDS 4.0,2024-03-31,USD,Thousands,Consolidated,US GAAP,Audited,Annual,,,,,,,,,,,,,,,,,,,,743115.794,,,,,,27393.324,,,,,,
JIM HUDSON LEXUS  COLUMBIA  63904,T001T63904,NAICS,4411,,,USA,SC,UDS 4.0,2025-03-31,USD,Thousands,Consolidated,US GAAP,Audited,Annual,3518.137,,5494.461,,,,,17535.982,,,,,11028.381,,,,,4991.871,,136635.977,,,,1148.655,,6496.344,969.17,,,,8752.558,
JIM HUDSON LEXUS  COLUMBIA  63904,T001T63904,NAICS,4411,,,USA,SC,UDS 4.0,2024-03-31,USD,Thousands,Consolidated,US GAAP,Audited,Annual,,,,,,,,,,,,,,,,,,,,131563.283,,,,,,5512.37,,,,,,
CASEY TOYOTA  45076,T001T45076,NAICS,4411,,,USA,VA,UDS 4.0,2025-03-31,USD,Thousands,Consolidated,US GAAP,Audited,Annual,414.332,,3837.035,,,,,16148.438,,,,,4106.082,,,,,9334.498,,61397.754,,,,332.43,,215.575,144.029,,,,1723.436,
CASEY TOYOTA  45076,T001T45076,NAICS,4411,,,USA,VA,UDS 4.0,2024-03-31,USD,Thousands,Consolidated,US GAAP,Audited,Annual,,,,,,,,,,,,,,,,,,,,67300.565,,,,,,792.113,,,,,,
LEXUS OF LAS VEGAS  62703  HENDERSON  62730,T001T62703,NAICS,4411,,,USA,NV,UDS 4.0,2025-03-31,USD,Thousands,Consolidated,US GAAP,Audited,Annual,12497.084,,9366.79,,,,,51715.923,,,,,23046.626,,,,,0.0,,278213.99,,,,3792.927,,8130.162,2804.613,,,,18742.045,
LEXUS OF LAS VEGAS  62703  HENDERSON  62730,T001T62703,NAICS,4411,,,USA,NV,UDS 4.0,2024-03-31,USD,Thousands,Consolidated,US GAAP,Audited,Annual,,,,,,,,,,,,,,,,,,,,251390.068,,,,,,6952.377,,,,,,
SMART MOTORS TOYOTA  48071,T001T48071,NAICS,4411,,,USA,WI,UDS 4.0,2025-03-31,USD,Thousands,Consolidated,US GAAP,Audited,Annual,2855.957,,9022.852,,,,,84529.849,,,,,11313.28,,,,,3433.273,,195591.685,,,,814.593,,2752.255,541.887,,,,5602.198,
SMART MOTORS TOYOTA  48071,T001T48071,NAICS,4411,,,USA,WI,UDS 4.0,2024-03-31,USD,Thousands,Consolidated,US GAAP,Audited,Annual,,,,,,,,,,,,,,,,,,,,144308.068,,,,,,2441.352,,,,,,
LOYALTY NISSAN  45643,T001T45643,NAICS,4411,,,USA,VA,UDS 4.0,2025-03-31,USD,Thousands,Consolidated,US GAAP,Audited,Annual,1631.396,,5025.992,,,,,27984.508,,,,,5443.873,,,,,10901.277,,51912.601,,,,334.301,,377.17,234.445,,,,1805.354,
LOYALTY NISSAN  45643,T001T45643,NAICS,4411,,,USA,VA,UDS 4.0,2024-03-31,USD,Thousands,Consolidated,US GAAP,Audited,Annual,,,,,,,,,,,,,,,,,,,,51170.534,,,,,,446.105,,,,,,
OXMOOR MAZDA  16776,T001T16776,NAICS,4411,,,USA,KY,UDS 4.0,2020-05-31,USD,Thousands,Consolidated,US GAAP,Audited,Annual,2580.459,,7272.136,,,,,12936.844,,,,,8886.277,,,,,-3857.978,,38071.514,,,,70.479,,-1938.307,86.991,,,,0.0,
OXMOOR MAZDA  16776,T001T16776,NAICS,4411,,,USA,KY,UDS 4.0,2019-05-31,USD,Thousands,Consolidated,US GAAP,Audited,Annual,,,,,,,,,,,,,,,,,,,,47112.971,,,,,,-2075.68,,,,,,
GREEN TOYOTA  12103  AUDI  97194  VOLKSWAGEN OF SPRINGFIELD  97193,T001T12103,NAICS,4411,,,USA,IL,UDS 4.0,2025-03-31,USD,Thousands,Consolidated,US GAAP,Audited,Annual,548.743,,8148.753,,,,,20288.402,,,,,7101.332,,,,,7025.191,,57099.086,,,,65.132,,-127.172,45.114,,,,1431.68,
GREEN TOYOTA  12103  AUDI  97194  VOLKSWAGEN OF SPRINGFIELD  97193,T001T12103,NAICS,4411,,,USA,IL,UDS 4.0,2024-03-31,USD,Thousands,Consolidated,US GAAP,Audited,Annual,,,,,,,,,,,,,,,,,,,,56427.011,,,,,,1304.913,,,,,,
ALBANY SUBARU  54603,T001T54603,NAICS,4411,,,USA,CA,UDS 4.0,2025-03-31,USD,Thousands,Consolidated,US GAAP,Audited,Annual,987.322,,3947.808,,,,,15712.104,,,,,5974.66,,,,,0.0,,52460.057,,,,151.025,,-214.565,184.664,,,,192.189,
ALBANY SUBARU  54603,T001T54603,NAICS,4411,,,USA,CA,UDS 4.0,2024-03-31,USD,Thousands,Consolidated,US GAAP,Audited,Annual,,,,,,,,,,,,,,,,,,,,54596.089,,,,,,739.328,,,,,,
TOYOTA MONUMENTAL  59550,T001T59550,NAICS,4411,,,USA,,UDS 4.0,2025-03-31,USD,Thousands,Consolidated,US GAAP,Audited,Annual,2182.571,,10009.161,,,,,36000.699,,,,,18262.209,,,,,16347.584,,60485.827,,,,25.627,,3641.656,537.467,,,,6047.647,
TOYOTA MONUMENTAL  59550,T001T59550,NAICS,4411,,,USA,,UDS 4.0,2024-03-31,USD,Thousands,Consolidated,US GAAP,Audited,Annual,,,,,,,,,,,,,,,,,,,,60408.748,,,,,,4244.4,,,,,,
NEWBURGH TOYOTA  31171,T001T31171,NAICS,4411,,,USA,NY,UDS 4.0,2025-03-31,USD,Thousands,Consolidated,US GAAP,Audited,Annual,3805.797,,3829.648,,,,,14490.975,,,,,4555.603,,,,,0.0,,52778.397,,,,342.335,,1345.718,134.09,,,,2261.471,
NEWBURGH TOYOTA  31171,T001T31171,NAICS,4411,,,USA,NY,UDS 4.0,2024-03-31,USD,Thousands,Consolidated,US GAAP,Audited,Annual,,,,,,,,,,,,,,,,,,,,56887.865,,,,,,1615.265,,,,,,
THORNHILL TOYOTA  47033,T001T47033,NAICS,4411,,,USA,WV,UDS 4.0,2025-03-31,USD,Thousands,Consolidated,US GAAP,Audited,Annual,2054.58,,5911.671,,,,,11534.029,,,,,6418.686,,,,,6922.153,,53762.645,,,,116.813,,64.005,8.991,,,,1654.645,
THORNHILL TOYOTA  47033,T001T47033,NAICS,4411,,,USA,WV,UDS 4.0,2024-03-31,USD,Thousands,Consolidated,US GAAP,Audited,Annual,,,,,,,,,,,,,,,,,,,,70053.263,,,,,,1817.885,,,,,,
IRWIN HYUNDAI  28989,T001T28989,NAICS,4411,,,USA,NH,UDS 4.0,2025-03-31,USD,Thousands,Consolidated,US GAAP,Audited,Annual,15.877,,9103.864,,,,,12224.735,,,,,8859.463,,,,,3748.54,,30992.986,,,,18.112,,189.058,130.499,,,,489.113,
IRWIN HYUNDAI  28989,T001T28989,NAICS,4411,,,USA,NH,UDS 4.0,2024-03-31,USD,Thousands,Consolidated,US GAAP,Audited,Annual,,,,,,,,,,,,,,,,,,,,30897.357,,,,,,655.995,,,,,,
MIKE CALVERT TOYOTA  42138,T001T42138,NAICS,4411,,,USA,TX,UDS 4.0,2025-03-31,USD,Thousands,Consolidated,US GAAP,Audited,Annual,9357.687,,20451.925,,,,,78573.616,,,,,29474.242,,,,,33282.159,,376856.829,,,,2049.648,,14485.811,550.373,,,,17071.755,
MIKE CALVERT TOYOTA  42138,T001T42138,NAICS,4411,,,USA,TX,UDS 4.0,2024-03-31,USD,Thousands,Consolidated,US GAAP,Audited,Annual,,,,,,,,,,,,,,,,,,,,340472.307,,,,,,11379.843,,,,,,
CRABTREE LEXUS  60608  BOBBY CRABTREE CHEVROLET  06701,T001T60608,NAICS,4411,,,USA,CT,UDS 4.0,2025-03-31,USD,Thousands,Consolidated,US GAAP,Audited,Annual,2089.786,,14195.213,,,,,66569.87,,,,,20565.915,,,,,395.413,,123737.924,,,,-0.296,,-3956.024,2057.452,,,,2038.016,
FAULKNER TOYOTA  HARRISBURG   37161,T001T37161,NAICS,4411,,,USA,PA,UDS 4.0,2025-03-31,USD,Thousands,Consolidated,US GAAP,Audited,Annual,3323.136,,5934.153,,,,,16589.872,,,,,6702.056,,,,,7848.81,,107284.909,,,,796.459,,1919.058,369.192,,,,4557.957,
FAULKNER TOYOTA  HARRISBURG   37161,T001T37161,NAICS,4411,,,USA,PA,UDS 4.0,2024-03-31,USD,Thousands,Consolidated,US GAAP,Audited,Annual,,,,,,,,,,,,,,,,,,,,75689.906,,,,,,1263.481,,,,,,
ALEXANDRIA TOYOTA  45097,T001T45097,NAICS,4411,,,USA,VA,UDS 4.0,2025-03-31,USD,Thousands,Consolidated,US GAAP,Audited,Annual,3979.724,,7660.724,,,,,18656.13,,,,,12383.565,,,,,15547.786,,195751.932,,,,1299.127,,9703.815,928.44,,,,15900.927,
ALEXANDRIA TOYOTA  45097,T001T45097,NAICS,4411,,,USA,VA,UDS 4.0,2024-03-31,USD,Thousands,Consolidated,US GAAP,Audited,Annual,,,,,,,,,,,,,,,,,,,,175417.283,,,,,,9672.61,,,,,,
ADAMS TOYOTA LEE S SUMMIT  24026,T001T24026,NAICS,4411,,,USA,MO,UDS 4.0,2025-03-31,USD,Thousands,Consolidated,US GAAP,Audited,Annual,1297.173,,4641.027,,,,,17667.992,,,,,5064.34,,,,,11460.156,,92991.522,,,,579.203,,786.697,296.881,,,,3538.919,
ADAMS TOYOTA LEE S SUMMIT  24026,T001T24026,NAICS,4411,,,USA,MO,UDS 4.0,2024-03-31,USD,Thousands,Consolidated,US GAAP,Audited,Annual,,,,,,,,,,,,,,,,,,,,77167.681,,,,,,1947.888,,,,,,
HALTERMAN S TOYOTA,T001T37056,NAICS,4411,,,USA,PA,UDS 4.0,2023-05-31,USD,Thousands,Consolidated,US GAAP,Audited,Annual,500.001,,2799.498,,,,,4599.387,,,,,2679.702,,,,,946.286,,36315.3288,,,,95.148,,-2762.7,3.2472,,,,0.0,
HALTERMAN S TOYOTA,T001T37056,NAICS,4411,,,USA,PA,UDS 4.0,2022-05-31,USD,Thousands,Consolidated,US GAAP,Audited,Annual,,,,,,,,,,,,,,,,,,,,44874.443,,,,,,-1803.775,,,,,,
KINDERHOOK TOYOTA  31024,T001T31024,NAICS,4411,,,USA,NY,UDS 4.0,2025-03-31,USD,Thousands,Consolidated,US GAAP,Audited,Annual,4975.668,,3412.795,,,,,10261.436,,,,,2299.67,,,,,7087.272,,42166.412,,,,27.014,,1810.339,15.082,,,,2498.78,
KINDERHOOK TOYOTA  31024,T001T31024,NAICS,4411,,,USA,NY,UDS 4.0,2024-03-31,USD,Thousands,Consolidated,US GAAP,Audited,Annual,,,,,,,,,,,,,,,,,,,,41848.415,,,,,,2278.411,,,,,,
MINOT TOYOTA  33032,T001T33032,NAICS,4411,,,USA,ND,UDS 4.0,2025-03-31,USD,Thousands,Consolidated,US GAAP,Audited,Annual,-300.864,,15498.243,,,,,53831.389,,,,,13815.256,,,,,1231.785,,133231.592,,,,329.143,,2483.134,546.598,,,,4153.933,
MINOT TOYOTA  33032,T001T33032,NAICS,4411,,,USA,ND,UDS 4.0,2024-03-31,USD,Thousands,Consolidated,US GAAP,Audited,Annual,,,,,,,,,,,,,,,,,,,,109014.84,,,,,,2143.736,,,,,,
PEDERSEN TOYOTA  LTD   05030  VOLVO  05948,T001T05030,NAICS,4411,,,USA,CO,UDS 4.0,2025-03-31,USD,Thousands,Consolidated,US GAAP,Audited,Annual,26548.528,,15737.96,,,,,51800.777,,,,,13066.604,,,,,71758.229,,208004.085,,,,441.764,,3898.561,358.282,,,,11695.753,
PEDERSEN TOYOTA  LTD   05030  VOLVO  05948,T001T05030,NAICS,4411,,,USA,CO,UDS 4.0,2024-03-31,USD,Thousands,Consolidated,US GAAP,Audited,Annual,,,,,,,,,,,,,,,,,,,,177401.111,,,,,,3942.365,,,,,,
NASSIEF TOYOTA,T001T34067,NAICS,4411,,,USA,OH,UDS 4.0,2022-05-31,USD,Thousands,Consolidated,US GAAP,Audited,Annual,3608.894,,425.284,,,,,6902.02,,,,,1252.212,,,,,3074.249,,28350.1944,,,,233.7384,,1708.8288,200.5488,,,,1860.1992,
NASSIEF TOYOTA,T001T34067,NAICS,4411,,,USA,OH,UDS 4.0,2021-05-31,USD,Thousands,Consolidated,US GAAP,Audited,Annual,,,,,,,,,,,,,,,,,,,,22029.602,,,,,,972.476,,,,,,
SIERRA SUBARU OF MONROVIA  54805,T001T54805,NAICS,4411,,,USA,CA,UDS 4.0,2025-03-31,USD,Thousands,Consolidated,US GAAP,Audited,Annual,2162.833,,6606.925,,,,,26391.709,,,,,11614.073,,,,,6606.439,,74995.785,,,,195.317,,-2619.654,244.232,,,,489.695,
SIERRA SUBARU OF MONROVIA  54805,T001T54805,NAICS,4411,,,USA,CA,UDS 4.0,2024-03-31,USD,Thousands,Consolidated,US GAAP,Audited,Annual,,,,,,,,,,,,,,,,,,,,81206.131,,,,,,-1205.774,,,,,,
STOLTZ TOYOTA OF DUBOIS,T001T37170,NAICS,4411,,,USA,PA,UDS 4.0,2023-05-31,USD,Thousands,Consolidated,US GAAP,Audited,Annual,1183.492,,926.289,,,,,1301.03,,,,,1307.948,,,,,7669.53,,27614.772,,,,181.632,,538.1928,120.4632,,,,1083.5928,
STOLTZ TOYOTA OF DUBOIS,T001T37170,NAICS,4411,,,USA,PA,UDS 4.0,2022-05-31,USD,Thousands,Consolidated,US GAAP,Audited,Annual,,,,,,,,,,,,,,,,,,,,27950.283,,,,,,1706.96,,,,,,
METRO LEXUS  63408  LEXUS OF AKRON CANTON  63432   MANUAL ENTRY,T001T63408,NAICS,4411,,,USA,OH,UDS 4.0,2025-03-31,USD,Thousands,Consolidated,US GAAP,Audited,Annual,4838.122,,6860.864,,,,,29739.858,,,,,15578.863,,,,,7483.238,,198404.159,,,,3586.584,,-51.074,2125.751,,,,8157.661,
METRO LEXUS  63408  LEXUS OF AKRON CANTON  63432   MANUAL ENTRY,T001T63408,NAICS,4411,,,USA,OH,UDS 4.0,2024-03-31,USD,Thousands,Consolidated,US GAAP,Audited,Annual,,,,,,,,,,,,,,,,,,,,178745.85,,,,,,-64.107,,,,,,
VACAVILLE VOLKSWAGEN  54216,T001T54216,NAICS,4411,,,USA,CA,UDS 4.0,2025-03-31,USD,Thousands,Consolidated,US GAAP,Audited,Annual,2064.632,,3233.387,,,,,5894.719,,,,,3152.124,,,,,0.0,,14917.084,,,,16.498,,-425.463,84.952,,,,0.0,
VACAVILLE VOLKSWAGEN  54216,T001T54216,NAICS,4411,,,USA,CA,UDS 4.0,2024-03-31,USD,Thousands,Consolidated,US GAAP,Audited,Annual,,,,,,,,,,,,,,,,,,,,20697.478,,,,,,201.057,,,,,,
DESERT SUN TOYOTA,T001T30040,NAICS,4411,,,USA,NM,UDS 4.0,2022-08-31,USD,Thousands,Consolidated,US GAAP,Audited,Annual,610.801,,2097.09,,,,,5767.359,,,,,2933.753,,,,,1785.216,,24511.422,,,,220.95,,-95.5185,96.1695,,,,341.721,
DESERT SUN TOYOTA,T001T30040,NAICS,4411,,,USA,NM,UDS 4.0,2021-08-31,USD,Thousands,Consolidated,US GAAP,Audited,Annual,,,,,,,,,,,,,,,,,,,,29305.991,,,,,,522.993,,,,,,
SEEGER TOY OF ST  ROBERT  24053,T001T24053,NAICS,4411,,,USA,MO,UDS 4.0,2025-03-31,USD,Thousands,Consolidated,US GAAP,Audited,Annual,352.372,,4108.067,,,,,7897.823,,,,,3037.486,,,,,6090.259,,34315.617,,,,111.617,,606.335,16.661,,,,1284.518,
SEEGER TOY OF ST  ROBERT  24053,T001T24053,NAICS,4411,,,USA,MO,UDS 4.0,2024-03-31,USD,Thousands,Consolidated,US GAAP,Audited,Annual,,,,,,,,,,,,,,,,,,,,35466.374,,,,,,976.249,,,,,,
TOYOTA OF KEENE  28029  VOLVO OF KEENE  28870,T001T28029,NAICS,4411,,,USA,NH,UDS 4.0,2025-03-31,USD,Thousands,Consolidated,US GAAP,Audited,Annual,7331.258,,8936.242,,,,,27537.971,,,,,2012.862,,,,,24219.772,,89237.676,,,,428.18,,2564.016,132.201,,,,5367.26,
TOYOTA OF KEENE  28029  VOLVO OF KEENE  28870,T001T28029,NAICS,4411,,,USA,NH,UDS 4.0,2024-03-31,USD,Thousands,Consolidated,US GAAP,Audited,Annual,,,,,,,,,,,,,,,,,,,,90591.026,,,,,,2586.127,,,,,,
ZANESVILLE TOYOTA  34131,T001T34131,NAICS,4411,,,USA,OH,UDS 4.0,2025-03-31,USD,Thousands,Consolidated,US GAAP,Audited,Annual,678.014,,4128.443,,,,,10470.813,,,,,5396.248,,,,,10836.146,,53591.867,,,,357.8,,-227.208,265.961,,,,1583.181,
ZANESVILLE TOYOTA  34131,T001T34131,NAICS,4411,,,USA,OH,UDS 4.0,2024-03-31,USD,Thousands,Consolidated,US GAAP,Audited,Annual,,,,,,,,,,,,,,,,,,,,55849.595,,,,,,601.291,,,,,,
ROUTE 1 NISSAN  29920,T001T29920,NAICS,4411,,,USA,NJ,UDS 4.0,2025-03-31,USD,Thousands,Consolidated,US GAAP,Audited,Annual,3506.202,,7915.735,,,,,14735.673,,,,,7919.727,,,,,3831.1,,44514.216,,,,365.612,,-1548.308,11.99,,,,103.504,
ROUTE 1 NISSAN  29920,T001T29920,NAICS,4411,,,USA,NJ,UDS 4.0,2024-03-31,USD,Thousands,Consolidated,US GAAP,Audited,Annual,,,,,,,,,,,,,,,,,,,,52692.222,,,,,,-1439.604,,,,,,
RODLAND TOYOTA  46009,T001T46009,NAICS,4411,,,USA,WA,UDS 4.0,2025-03-31,USD,Thousands,Consolidated,US GAAP,Audited,Annual,5648.949,,8688.048,,,,,24504.237,,,,,7437.463,,,,,17140.394,,144605.832,,,,437.091,,847.022,95.364,,,,3845.442,
RODLAND TOYOTA  46009,T001T46009,NAICS,4411,,,USA,WA,UDS 4.0,2024-03-31,USD,Thousands,Consolidated,US GAAP,Audited,Annual,,,,,,,,,,,,,,,,,,,,129560.916,,,,,,35.031,,,,,,
PLATINUM TOYOTA OF TEXOMA  42411,T001T42411,NAICS,4411,,,USA,TX,UDS 4.0,2025-03-31,USD,Thousands,Consolidated,US GAAP,Audited,Annual,2105.815,,2879.308,,,,,21006.251,,,,,5267.012,,,,,30.33,,39324.793,,,,94.614,,-994.257,333.149,,,,428.039,
PLATINUM TOYOTA OF TEXOMA  42411,T001T42411,NAICS,4411,,,USA,TX,UDS 4.0,2024-03-31,USD,Thousands,Consolidated,US GAAP,Audited,Annual,,,,,,,,,,,,,,,,,,,,39960.928,,,,,,-1115.956,,,,,,
NISSAN CITY OF RED BANK  29665,T001T29665,NAICS,4411,,,USA,NJ,UDS 4.0,2025-03-31,USD,Thousands,Consolidated,US GAAP,Audited,Annual,171.428,,5487.655,,,,,12517.225,,,,,8181.421,,,,,-1476.69,,34279.72,,,,0.0,,-2676.485,329.78,,,,0.0,
NISSAN CITY OF RED BANK  29665,T001T29665,NAICS,4411,,,USA,NJ,UDS 4.0,2024-03-31,USD,Thousands,Consolidated,US GAAP,Audited,Annual,,,,,,,,,,,,,,,,,,,,36128.696,,,,,,-1453.719,,,,,,
KOONS TYSONS TOYOTA,T001T45050,NAICS,4411,,,USA,VA,UDS 4.0,2023-11-30,USD,Thousands,Consolidated,US GAAP,Audited,Annual,5886.95,,16332.009,,,,,30456.383,,,,,23199.912,,,,,-8608.316,,352520.630181818,,,,2270.272363636,,15127.347272727,1377.968727273,,,,22529.753454545,
KOONS TYSONS TOYOTA,T001T45050,NAICS,4411,,,USA,VA,UDS 4.0,2022-11-30,USD,Thousands,Consolidated,US GAAP,Audited,Annual,,,,,,,,,,,,,,,,,,,,361372.099,,,,,,25336.448,,,,,,
VICTORY TOYOTA BARBOURVILLE  47037,T001T47037,NAICS,4411,,,USA,WV,UDS 4.0,2025-03-31,USD,Thousands,Consolidated,US GAAP,Audited,Annual,1511.059,,10209.887,,,,,45257.761,,,,,11293.454,,,,,247.961,,92903.804,,,,81.372,,2902.144,1134.42,,,,3599.264,
LARRY LASSEN CHEV TOYOTA,T001T36072,NAICS,4411,,,USA,OR,UDS 4.0,2023-11-30,USD,Thousands,Consolidated,US GAAP,Audited,Annual,4367.05,,4446.288,,,,,11144.176,,,,,2654.767,,,,,7245.574,,47480.968363636,,,,3.882545455,,-623.959636364,116.421818182,,,,1208.332363636,
LARRY LASSEN CHEV TOYOTA,T001T36072,NAICS,4411,,,USA,OR,UDS 4.0,2022-11-30,USD,Thousands,Consolidated,US GAAP,Audited,Annual,,,,,,,,,,,,,,,,,,,,49097.906,,,,,,-109.0,,,,,,
VESCOVO TOY OF LAS CRUCES,T001T30027,NAICS,4411,,,USA,NM,UDS 4.0,2021-12-31,USD,Thousands,Consolidated,US GAAP,Audited,Annual,619.298,,1248.144,,,,,4519.472,,,,,499.951,,,,,1073.991,,46318.78,,,,542.789,,1685.858,233.434,,,,2600.159,
VESCOVO TOY OF LAS CRUCES,T001T30027,NAICS,4411,,,USA,NM,UDS 4.0,2020-12-31,USD,Thousands,Consolidated,US GAAP,Audited,Annual,,,,,,,,,,,,,,,,,,,,39040.417,,,,,,856.914,,,,,,
HATTIESBURGCARS COM  LLC  23500   MANUAL ENTRY,T001T23500,NAICS,4411,,,USA,MS,UDS 4.0,2025-03-31,USD,Thousands,Consolidated,US GAAP,Audited,Annual,582.741,,2711.063,,,,,3529.221,,,,,207.054,,,,,5045.062,,13211.367,,,,109.83,,-50.954,0.062,,,,219.349,
HATTIESBURGCARS COM  LLC  23500   MANUAL ENTRY,T001T23500,NAICS,4411,,,USA,MS,UDS 4.0,2024-03-31,USD,Thousands,Consolidated,US GAAP,Audited,Annual,,,,,,,,,,,,,,,,,,,,13348.949,,,,,,-100.744,,,,,,
NORTH COAST SUBARU  31479,T001T31479,NAICS,4411,,,USA,NY,UDS 4.0,2025-03-31,USD,Thousands,Consolidated,US GAAP,Audited,Annual,95.602,,3655.188,,,,,8713.381,,,,,4382.971,,,,,0.0,,24079.768,,,,33.268,,-1092.555,203.541,,,,0.0,
NORTH COAST SUBARU  31479,T001T31479,NAICS,4411,,,USA,NY,UDS 4.0,2024-03-31,USD,Thousands,Consolidated,US GAAP,Audited,Annual,,,,,,,,,,,,,,,,,,,,29046.142,,,,,,-151.358,,,,,,
TOYOTA OF KENNER  17080,T001T17080,NAICS,4411,,,USA,LA,UDS 4.0,2025-03-31,USD,Thousands,Consolidated,US GAAP,Audited,Annual,279.91,,3872.344,,,,,37158.548,,,,,6344.643,,,,,324.312,,63916.016,,,,94.336,,-3112.868,2023.632,,,,0.0,
TEXAS TOYOTA OF GRAPEVINE  42268,T001T42268,NAICS,4411,,,USA,TX,UDS 4.0,2025-03-31,USD,Thousands,Consolidated,US GAAP,Audited,Annual,5311.744,,11180.388,,,,,34304.258,,,,,8380.101,,,,,120604.898,,265839.012,,,,387.403,,20382.772,334.676,,,,20558.838,
TEXAS TOYOTA OF GRAPEVINE  42268,T001T42268,NAICS,4411,,,USA,TX,UDS 4.0,2024-03-31,USD,Thousands,Consolidated,US GAAP,Audited,Annual,,,,,,,,,,,,,,,,,,,,239816.017,,,,,,18820.621,,,,,,
LOYALTY USED CAR CENTER  45687,T001T45687,NAICS,4411,,,USA,VA,UDS 4.0,2025-03-31,USD,Thousands,Consolidated,US GAAP,Audited,Annual,428.032,,1412.868,,,,,4878.827,,,,,1935.248,,,,,76.094,,17067.521,,,,112.563,,-242.112,14.948,,,,100.826,
LOYALTY USED CAR CENTER  45687,T001T45687,NAICS,4411,,,USA,VA,UDS 4.0,2024-03-31,USD,Thousands,Consolidated,US GAAP,Audited,Annual,,,,,,,,,,,,,,,,,,,,19421.419,,,,,,83.855,,,,,,
LEXUS OF HIGHLAND PARK  61205,T001T61205,NAICS,4411,,,USA,IL,UDS 4.0,2025-03-31,USD,Thousands,Consolidated,US GAAP,Audited,Annual,2569.596,,5331.299,,,,,14132.827,,,,,8503.222,,,,,3530.992,,77021.729,,,,539.95,,-2079.184,497.893,,,,667.581,
LEXUS OF HIGHLAND PARK  61205,T001T61205,NAICS,4411,,,USA,IL,UDS 4.0,2024-03-31,USD,Thousands,Consolidated,US GAAP,Audited,Annual,,,,,,,,,,,,,,,,,,,,67150.492,,,,,,-2392.818,,,,,,
ANDERSON AUTOMOTIVE GROUP  00651  10K 10Q,T001T00651,NAICS,4411,,,USA,TX,UDS 4.0,2024-12-31,USD,Thousands,Consolidated,US GAAP,Audited,Annual,42664.414,,191284.283,,,,,582272.069,,,,,158524.732,,,,,212718.135,,1928804.305,,,,4362.301,,18870.205,12525.203,,,,67648.988,
ANDERSON AUTOMOTIVE GROUP  00651  10K 10Q,T001T00651,NAICS,4411,,,USA,TX,UDS 4.0,2023-12-31,USD,Thousands,Consolidated,US GAAP,Audited,Annual,,,,,,,,,,,,,,,,,,,,1661424.227,,,,,,48984.576,,,,,,
K M TOYOTA  20009,T001T20009,NAICS,4411,,,USA,MA,UDS 4.0,2025-03-31,USD,Thousands,Consolidated,US GAAP,Audited,Annual,348.447,,1436.016,,,,,2133.101,,,,,1101.452,,,,,937.205,,7560.982,,,,28.656,,-125.241,19.665,,,,0.0,
K M TOYOTA  20009,T001T20009,NAICS,4411,,,USA,MA,UDS 4.0,2024-03-31,USD,Thousands,Consolidated,US GAAP,Audited,Annual,,,,,,,,,,,,,,,,,,,,9337.254,,,,,,38.546,,,,,,
LAFONTAINE VOLKSWAGEN  21730,T001T21730,NAICS,4411,,,USA,MI,UDS 4.0,2024-11-30,USD,Thousands,Consolidated,US GAAP,Audited,Annual,530.18,,5102.206,,,,,8655.073,,,,,6330.605,,,,,1440.895,,32806.081,,,,48.367,,-689.804,127.754,,,,0.0,
LAFONTAINE VOLKSWAGEN  21730,T001T21730,NAICS,4411,,,USA,MI,UDS 4.0,2023-11-30,USD,Thousands,Consolidated,US GAAP,Audited,Annual,,,,,,,,,,,,,,,,,,,,35332.173,,,,,,-1055.632,,,,,,
FINDLAY TOYOTA SPOKANE  46110,T001T46110,NAICS,4411,,,USA,WA,UDS 4.0,2025-03-31,USD,Thousands,Consolidated,US GAAP,Audited,Annual,1794.233,,4648.84,,,,,30416.883,,,,,4336.388,,,,,16001.424,,113429.617,,,,972.814,,3205.625,624.417,,,,4720.066,
FINDLAY TOYOTA SPOKANE  46110,T001T46110,NAICS,4411,,,USA,WA,UDS 4.0,2024-03-31,USD,Thousands,Consolidated,US GAAP,Audited,Annual,,,,,,,,,,,,,,,,,,,,107499.564,,,,,,4659.352,,,,,,
HATCH FORD  30962,T001T30962,NAICS,4411,,,USA,NM,UDS 4.0,2023-11-30,USD,Thousands,Consolidated,US GAAP,Audited,Annual,518.983,,2511.894,,,,,4412.776,,,,,1571.204,,,,,859.684,,14320.326,,,,-3.187,,-131.333,57.517,,,,177.154,
HATCH FORD  30962,T001T30962,NAICS,4411,,,USA,NM,UDS 4.0,2022-11-30,USD,Thousands,Consolidated,US GAAP,Audited,Annual,,,,,,,,,,,,,,,,,,,,16957.445,,,,,,403.344,,,,,,
LEGENDS TOYOTA  15056,T001T15056,NAICS,4411,,,USA,KS,UDS 4.0,2025-03-31,USD,Thousands,Consolidated,US GAAP,Audited,Annual,70.909,,6578.36,,,,,18972.345,,,,,6157.84,,,,,6223.6,,113218.951,,,,414.382,,1614.327,223.195,,,,2831.764,
LEGENDS TOYOTA  15056,T001T15056,NAICS,4411,,,USA,KS,UDS 4.0,2024-03-31,USD,Thousands,Consolidated,US GAAP,Audited,Annual,,,,,,,,,,,,,,,,,,,,101271.034,,,,,,2181.649,,,,,,
SUMMIT TOYOTA OF AKRON  34124,T001T34124,NAICS,4411,,,USA,OH,UDS 4.0,2025-03-31,USD,Thousands,Consolidated,US GAAP,Audited,Annual,1149.448,,5141.007,,,,,8930.344,,,,,4777.47,,,,,1000.398,,49544.828,,,,166.239,,-1018.961,27.083,,,,143.564,
SUMMIT TOYOTA OF AKRON  34124,T001T34124,NAICS,4411,,,USA,OH,UDS 4.0,2024-03-31,USD,Thousands,Consolidated,US GAAP,Audited,Annual,,,,,,,,,,,,,,,,,,,,53879.415,,,,,,-614.613,,,,,,
TOYOTA OF HELENA  25068,T001T25068,NAICS,4411,,,USA,MT,UDS 4.0,2025-03-31,USD,Thousands,Consolidated,US GAAP,Audited,Annual,4641.576,,4345.463,,,,,19949.1,,,,,3580.421,,,,,4731.214,,58474.729,,,,288.061,,1661.689,266.259,,,,1842.566,
TOYOTA OF HELENA  25068,T001T25068,NAICS,4411,,,USA,MT,UDS 4.0,2024-03-31,USD,Thousands,Consolidated,US GAAP,Audited,Annual,,,,,,,,,,,,,,,,,,,,61459.48,,,,,,2701.383,,,,,,
HADDAD HYUNDAI  20896,T001T20896,NAICS,4411,,,USA,MA,UDS 4.0,2025-03-31,USD,Thousands,Consolidated,US GAAP,Audited,Annual,44.03,,4843.972,,,,,7405.224,,,,,5582.204,,,,,-497.54,,19023.072,,,,78.147,,-1456.501,48.654,,,,0.0,
HADDAD HYUNDAI  20896,T001T20896,NAICS,4411,,,USA,MA,UDS 4.0,2024-03-31,USD,Thousands,Consolidated,US GAAP,Audited,Annual,,,,,,,,,,,,,,,,,,,,26990.04,,,,,,-591.566,,,,,,
FIVE STAR TOYOTA  46081  CHEVROLET  46703,T001T46081,NAICS,4411,,,USA,WA,UDS 4.0,2025-03-31,USD,Thousands,Consolidated,US GAAP,Audited,Annual,860.563,,6463.037,,,,,9509.09,,,,,6440.041,,,,,14773.963,,51042.693,,,,233.071,,785.12,22.701,,,,1133.42,
FIVE STAR TOYOTA  46081  CHEVROLET  46703,T001T46081,NAICS,4411,,,USA,WA,UDS 4.0,2024-03-31,USD,Thousands,Consolidated,US GAAP,Audited,Annual,,,,,,,,,,,,,,,,,,,,51491.79,,,,,,1499.567,,,,,,
LEXUS OF WAYZATA  62202  LEXUS OF MAPLEWOOD  62231,T001T62202,NAICS,4411,,,USA,MN,UDS 4.0,2025-03-31,USD,Thousands,Consolidated,US GAAP,Audited,Annual,14986.271,,13629.773,,,,,137419.111,,,,,19112.979,,,,,7345.023,,343753.901,,,,4571.977,,9053.729,210.403,,,,22591.171,
LEXUS OF WAYZATA  62202  LEXUS OF MAPLEWOOD  62231,T001T62202,NAICS,4411,,,USA,MN,UDS 4.0,2024-03-31,USD,Thousands,Consolidated,US GAAP,Audited,Annual,,,,,,,,,,,,,,,,,,,,318409.427,,,,,,9306.666,,,,,,
CALESA MOTORS  59263,T001T59263,NAICS,4411,,,USA,,UDS 4.0,2025-03-31,USD,Thousands,Consolidated,US GAAP,Audited,Annual,4227.285,,10320.772,,,,,45895.651,,,,,17192.713,,,,,27962.301,,115671.168,,,,80.039,,7906.871,954.197,,,,7866.392,
CALESA MOTORS  59263,T001T59263,NAICS,4411,,,USA,,UDS 4.0,2024-03-31,USD,Thousands,Consolidated,US GAAP,Audited,Annual,,,,,,,,,,,,,,,,,,,,115842.328,,,,,,8066.645,,,,,,
SIERRA CDJR OF MONROVIA  54802,T001T54802,NAICS,4411,,,USA,CA,UDS 4.0,2025-03-31,USD,Thousands,Consolidated,US GAAP,Audited,Annual,641.993,,9781.873,,,,,21427.593,,,,,12285.146,,,,,3724.799,,45425.358,,,,227.501,,-4333.638,289.201,,,,0.0,
SIERRA CDJR OF MONROVIA  54802,T001T54802,NAICS,4411,,,USA,CA,UDS 4.0,2024-03-31,USD,Thousands,Consolidated,US GAAP,Audited,Annual,,,,,,,,,,,,,,,,,,,,66139.61,,,,,,-2611.649,,,,,,
PHIL LONG TOYOTA  05069,T001T05069,NAICS,4411,,,USA,CO,UDS 4.0,2025-03-31,USD,Thousands,Consolidated,US GAAP,Audited,Annual,1352.412,,1923.028,,,,,5811.824,,,,,3790.686,,,,,0.001,,36182.788,,,,6.05,,-551.527,127.44,,,,196.581,
PHIL LONG TOYOTA  05069,T001T05069,NAICS,4411,,,USA,CO,UDS 4.0,2024-03-31,USD,Thousands,Consolidated,US GAAP,Audited,Annual,,,,,,,,,,,,,,,,,,,,37591.468,,,,,,-400.093,,,,,,
SUBARU OF ANN ARBOR  21616,T001T21616,NAICS,4411,,,USA,MI,UDS 4.0,2025-03-31,USD,Thousands,Consolidated,US GAAP,Audited,Annual,5425.252,,5603.912,,,,,42184.937,,,,,8159.01,,,,,-1246.824,,112689.224,,,,187.834,,6009.338,97.585,,,,8470.246,
SUBARU OF ANN ARBOR  21616,T001T21616,NAICS,4411,,,USA,MI,UDS 4.0,2024-03-31,USD,Thousands,Consolidated,US GAAP,Audited,Annual,,,,,,,,,,,,,,,,,,,,102292.324,,,,,,3062.244,,,,,,
JOHNSTONS SUBARU  31824,T001T31824,NAICS,4411,,,USA,NY,UDS 4.0,2025-03-31,USD,Thousands,Consolidated,US GAAP,Audited,Annual,1754.734,,6157.328,,,,,16329.732,,,,,7537.503,,,,,6169.918,,57384.171,,,,248.458,,648.247,200.966,,,,872.799,
JOHNSTONS SUBARU  31824,T001T31824,NAICS,4411,,,USA,NY,UDS 4.0,2024-03-31,USD,Thousands,Consolidated,US GAAP,Audited,Annual,,,,,,,,,,,,,,,,,,,,56190.176,,,,,,-169.673,,,,,,
JANZEN TOYOTA,T001T35052,NAICS,4411,,,USA,OK,UDS 4.0,2025-03-31,USD,Thousands,Consolidated,US GAAP,Audited,Annual,3534.425,,2071.796,,,,,7423.621,,,,,2638.364,,,,,2986.31,,41230.041,,,,393.059,,1414.756,101.131,,,,2467.766,
JANZEN TOYOTA,T001T35052,NAICS,4411,,,USA,OK,UDS 4.0,2024-03-31,USD,Thousands,Consolidated,US GAAP,Audited,Annual,,,,,,,,,,,,,,,,,,,,40774.786,,,,,,1456.358,,,,,,
KOONS LEXUS OF WILMINGTON,T001T60702,NAICS,4411,,,USA,DE,UDS 4.0,2023-11-30,USD,Thousands,Consolidated,US GAAP,Audited,Annual,2957.471,,10326.952,,,,,18456.199,,,,,11770.72,,,,,-21631.88,,136460.815636364,,,,1391.918181818,,3070.716,1047.057818182,,,,7541.655272727,
KOONS LEXUS OF WILMINGTON,T001T60702,NAICS,4411,,,USA,DE,UDS 4.0,2022-11-30,USD,Thousands,Consolidated,US GAAP,Audited,Annual,,,,,,,,,,,,,,,,,,,,122424.342,,,,,,4849.491,,,,,,
HANDY TOYOTA  44013,T001T44013,NAICS,4411,,,USA,VT,UDS 4.0,2025-03-31,USD,Thousands,Consolidated,US GAAP,Audited,Annual,3450.127,,10419.357,,,,,19828.348,,,,,9128.796,,,,,10663.67,,97248.078,,,,332.982,,1103.699,0.538,,,,2894.927,
HANDY TOYOTA  44013,T001T44013,NAICS,4411,,,USA,VT,UDS 4.0,2024-03-31,USD,Thousands,Consolidated,US GAAP,Audited,Annual,,,,,,,,,,,,,,,,,,,,96712.63,,,,,,1863.264,,,,,,
AUDI LYNBROOK  31904,T001T31904,NAICS,4411,,,USA,NY,UDS 4.0,2025-03-31,USD,Thousands,Consolidated,US GAAP,Audited,Annual,3179.187,,14145.999,,,,,43305.239,,,,,15756.858,,,,,0.0,,92162.173,,,,309.826,,-1694.479,275.596,,,,3548.474,
AUDI LYNBROOK  31904,T001T31904,NAICS,4411,,,USA,NY,UDS 4.0,2024-03-31,USD,Thousands,Consolidated,US GAAP,Audited,Annual,,,,,,,,,,,,,,,,,,,,107806.461,,,,,,-339.547,,,,,,
KOCH ROUTE 2 TOYOTA  20150,T001T20150,NAICS,4411,,,USA,MA,UDS 4.0,2025-03-31,USD,Thousands,Consolidated,US GAAP,Audited,Annual,2458.486,,6028.187,,,,,48296.194,,,,,11280.329,,,,,3477.299,,90267.866,,,,136.913,,52.224,1054.865,,,,1668.498,
KOCH ROUTE 2 TOYOTA  20150,T001T20150,NAICS,4411,,,USA,MA,UDS 4.0,2024-03-31,USD,Thousands,Consolidated,US GAAP,Audited,Annual,,,,,,,,,,,,,,,,,,,,92715.818,,,,,,1282.087,,,,,,
MORGAN CITY TOYOTA  17081,T001T17081,NAICS,4411,,,USA,LA,UDS 4.0,2025-03-31,USD,Thousands,Consolidated,US GAAP,Audited,Annual,908.189,,3279.676,,,,,10734.789,,,,,3944.814,,,,,-124.821,,37785.812,,,,70.872,,-1618.176,565.508,,,,0.0,
LEXUS OF ATLANTIC CITY  62909,T001T62909,NAICS,4411,,,USA,NJ,UDS 4.0,2025-03-31,USD,Thousands,Consolidated,US GAAP,Audited,Annual,1930.16,,1463.82,,,,,8639.449,,,,,3215.983,,,,,-75.292,,45699.624,,,,168.241,,-529.992,90.102,,,,843.764,
LEXUS OF ATLANTIC CITY  62909,T001T62909,NAICS,4411,,,USA,NJ,UDS 4.0,2024-03-31,USD,Thousands,Consolidated,US GAAP,Audited,Annual,,,,,,,,,,,,,,,,,,,,46677.14,,,,,,-110.614,,,,,,
RIVERA TOYOTA OF MT KISCO  31185,T001T31185,NAICS,4411,,,USA,NY,UDS 4.0,2025-03-31,USD,Thousands,Consolidated,US GAAP,Audited,Annual,759.898,,4155.435,,,,,26402.998,,,,,7251.362,,,,,25578.49,,102455.888,,,,499.344,,3497.357,309.655,,,,4501.793,
RIVERA TOYOTA OF MT KISCO  31185,T001T31185,NAICS,4411,,,USA,NY,UDS 4.0,2024-03-31,USD,Thousands,Consolidated,US GAAP,Audited,Annual,,,,,,,,,,,,,,,,,,,,94243.348,,,,,,4021.191,,,,,,
MANN TOYOTA   16062,T001T16062,NAICS,4411,,,USA,KY,UDS 4.0,2025-03-31,USD,Thousands,Consolidated,US GAAP,Audited,Annual,1513.895,,1562.247,,,,,11324.493,,,,,932.272,,,,,6622.243,,21305.019,,,,231.809,,23.478,137.299,,,,509.815,
MANN TOYOTA   16062,T001T16062,NAICS,4411,,,USA,KY,UDS 4.0,2024-03-31,USD,Thousands,Consolidated,US GAAP,Audited,Annual,,,,,,,,,,,,,,,,,,,,22027.282,,,,,,178.278,,,,,,
VICTORY TOYOTA  SAN BRUNO   04119,T001T04119,NAICS,4411,,,USA,CA,UDS 4.0,2025-03-31,USD,Thousands,Consolidated,US GAAP,Audited,Annual,23498.413,,3199.719,,,,,31276.111,,,,,7115.653,,,,,4587.081,,81327.819,,,,124.154,,2308.131,316.306,,,,2521.65,
VICTORY TOYOTA  SAN BRUNO   04119,T001T04119,NAICS,4411,,,USA,CA,UDS 4.0,2024-03-31,USD,Thousands,Consolidated,US GAAP,Audited,Annual,,,,,,,,,,,,,,,,,,,,73419.067,,,,,,2300.379,,,,,,
VICTORY TOYOTA  41089  CDJR  41685  FORD  41686  DYERSBURG,T001T41089,NAICS,4411,,,USA,TN,UDS 4.0,2025-03-31,USD,Thousands,Consolidated,US GAAP,Audited,Annual,3448.106,,8334.15,,,,,32653.966,,,,,11058.47,,,,,264.532,,66664.594,,,,10.627,,-593.241,288.244,,,,152.262,
VICTORY TOYOTA  41089  CDJR  41685  FORD  41686  DYERSBURG,T001T41089,NAICS,4411,,,USA,TN,UDS 4.0,2024-03-31,USD,Thousands,Consolidated,US GAAP,Audited,Annual,,,,,,,,,,,,,,,,,,,,67467.256,,,,,,-390.528,,,,,,
VISALIA HYUNDAI   54258,T001T54258,NAICS,4411,,,USA,CA,UDS 4.0,2022-02-28,USD,Thousands,Consolidated,US GAAP,Audited,Annual,674.701,,724.439,,,,,1584.283,,,,,980.791,,,,,-3311.781,,11557.384,,,,94.036,,172.564,89.04,,,,245.198,
VISALIA HYUNDAI   54258,T001T54258,NAICS,4411,,,USA,CA,UDS 4.0,2021-02-28,USD,Thousands,Consolidated,US GAAP,Audited,Annual,,,,,,,,,,,,,,,,,,,,5543.66,,,,,,-398.945,,,,,,
DAMIAN LILLARD TOYOTA  36105,T001T36105,NAICS,4411,,,USA,OR,UDS 4.0,2025-03-31,USD,Thousands,Consolidated,US GAAP,Audited,Annual,2008.891,,8437.63,,,,,20770.369,,,,,9148.021,,,,,11023.698,,95091.376,,,,303.865,,1231.317,143.084,,,,3540.563,
DAMIAN LILLARD TOYOTA  36105,T001T36105,NAICS,4411,,,USA,OR,UDS 4.0,2024-03-31,USD,Thousands,Consolidated,US GAAP,Audited,Annual,,,,,,,,,,,,,,,,,,,,92716.166,,,,,,2118.521,,,,,,
FINDLAY TOYOTA FLAGSTAFF  02052,T001T02052,NAICS,4411,,,USA,AZ,UDS 4.0,2025-03-31,USD,Thousands,Consolidated,US GAAP,Audited,Annual,4281.773,,5148.727,,,,,20229.792,,,,,3121.173,,,,,48706.785,,90562.16,,,,490.228,,2386.66,403.226,,,,4733.81,
FINDLAY TOYOTA FLAGSTAFF  02052,T001T02052,NAICS,4411,,,USA,AZ,UDS 4.0,2024-03-31,USD,Thousands,Consolidated,US GAAP,Audited,Annual,,,,,,,,,,,,,,,,,,,,86024.631,,,,,,3699.863,,,,,,
SUBARU WORLD OF HACKETTSTOWN  29674,T001T29674,NAICS,4411,,,USA,NJ,UDS 4.0,2025-03-31,USD,Thousands,Consolidated,US GAAP,Audited,Annual,398.372,,1161.669,,,,,7774.717,,,,,3059.986,,,,,357.27,,24013.554,,,,100.0,,-685.757,141.879,,,,300.394,
SUBARU WORLD OF HACKETTSTOWN  29674,T001T29674,NAICS,4411,,,USA,NJ,UDS 4.0,2024-03-31,USD,Thousands,Consolidated,US GAAP,Audited,Annual,,,,,,,,,,,,,,,,,,,,24224.328,,,,,,-481.729,,,,,,
BIGHORN TOYOTA  05046,T001T05046,NAICS,4411,,,USA,CO,UDS 4.0,2025-03-31,USD,Thousands,Consolidated,US GAAP,Audited,Annual,4525.04,,6057.202,,,,,15049.227,,,,,4940.634,,,,,14666.758,,95756.767,,,,601.851,,2791.911,508.145,,,,5258.837,
BIGHORN TOYOTA  05046,T001T05046,NAICS,4411,,,USA,CO,UDS 4.0,2024-03-31,USD,Thousands,Consolidated,US GAAP,Audited,Annual,,,,,,,,,,,,,,,,,,,,83831.368,,,,,,2310.676,,,,,,
GATES HYUNDAI  16788,T001T16788,NAICS,4411,,,USA,KY,UDS 4.0,2025-03-31,USD,Thousands,Consolidated,US GAAP,Audited,Annual,1516.972,,6649.122,,,,,11403.617,,,,,7708.311,,,,,3171.398,,27607.397,,,,3.288,,-921.983,43.804,,,,0.0,
GATES HYUNDAI  16788,T001T16788,NAICS,4411,,,USA,KY,UDS 4.0,2024-03-31,USD,Thousands,Consolidated,US GAAP,Audited,Annual,,,,,,,,,,,,,,,,,,,,29956.344,,,,,,328.931,,,,,,
TOYOTA OF WELLESLEY  20113,T001T20113,NAICS,4411,,,USA,MA,UDS 4.0,2025-03-31,USD,Thousands,Consolidated,US GAAP,Audited,Annual,7181.814,,6321.082,,,,,16630.588,,,,,577.124,,,,,22891.916,,98129.169,,,,68.35,,-94.992,287.376,,,,1891.75,
TOYOTA OF WELLESLEY  20113,T001T20113,NAICS,4411,,,USA,MA,UDS 4.0,2024-03-31,USD,Thousands,Consolidated,US GAAP,Audited,Annual,,,,,,,,,,,,,,,,,,,,99300.6,,,,,,2553.59,,,,,,
PERUZZI TOYOTA  37132,T001T37132,NAICS,4411,,,USA,PA,UDS 4.0,2025-03-31,USD,Thousands,Consolidated,US GAAP,Audited,Annual,5340.328,,6112.512,,,,,13250.618,,,,,5601.218,,,,,13518.832,,71091.179,,,,192.933,,2716.466,166.472,,,,4684.323,
PERUZZI TOYOTA  37132,T001T37132,NAICS,4411,,,USA,PA,UDS 4.0,2024-03-31,USD,Thousands,Consolidated,US GAAP,Audited,Annual,,,,,,,,,,,,,,,,,,,,64183.862,,,,,,3134.325,,,,,,
MAGUIRE NISSAN OF SYRACUSE  31411,T001T31411,NAICS,4411,,,USA,NY,UDS 4.0,2025-03-31,USD,Thousands,Consolidated,US GAAP,Audited,Annual,502.714,,5556.966,,,,,9300.84,,,,,6476.985,,,,,407.145,,30613.079,,,,101.454,,-140.243,115.847,,,,426.584,
MAGUIRE NISSAN OF SYRACUSE  31411,T001T31411,NAICS,4411,,,USA,NY,UDS 4.0,2024-03-31,USD,Thousands,Consolidated,US GAAP,Audited,Annual,,,,,,,,,,,,,,,,,,,,35055.267,,,,,,-85.75,,,,,,
AWESOME FORD  46728,T001T46728,NAICS,4411,,,USA,WA,UDS 4.0,2025-03-31,USD,Thousands,Consolidated,US GAAP,Audited,Annual,5037.164,,10879.613,,,,,19043.148,,,,,12133.251,,,,,6646.578,,45788.287,,,,287.758,,218.014,83.854,,,,1311.103,
AWESOME FORD  46728,T001T46728,NAICS,4411,,,USA,WA,UDS 4.0,2024-03-31,USD,Thousands,Consolidated,US GAAP,Audited,Annual,,,,,,,,,,,,,,,,,,,,48967.728,,,,,,226.251,,,,,,
DWAIN TAYLOR CHEVROLET BUICK GMC  16965,T001T16965,NAICS,4411,,,USA,KY,UDS 4.0,2025-03-31,USD,Thousands,Consolidated,US GAAP,Audited,Annual,670.837,,2674.246,,,,,4490.131,,,,,1853.977,,,,,3152.493,,20284.952,,,,-1.434,,-293.452,52.777,,,,28.223,
DWAIN TAYLOR CHEVROLET BUICK GMC  16965,T001T16965,NAICS,4411,,,USA,KY,UDS 4.0,2024-03-31,USD,Thousands,Consolidated,US GAAP,Audited,Annual,,,,,,,,,,,,,,,,,,,,20368.62,,,,,,398.12,,,,,,
TOYOTA OF GREENSBURG  37181,T001T37181,NAICS,4411,,,USA,PA,UDS 4.0,2024-12-31,USD,Thousands,Consolidated,US GAAP,Audited,Annual,2738.474,,6776.833,,,,,13491.376,,,,,8202.86,,,,,71.716,,93936.116,,,,629.497,,1227.917,308.212,,,,3503.694,
TOYOTA OF GREENSBURG  37181,T001T37181,NAICS,4411,,,USA,PA,UDS 4.0,2023-12-31,USD,Thousands,Consolidated,US GAAP,Audited,Annual,,,,,,,,,,,,,,,,,,,,82629.161,,,,,,956.963,,,,,,
ANDERSON TOYOTA  02048,T001T02048,NAICS,4411,,,USA,AZ,UDS 4.0,2025-03-31,USD,Thousands,Consolidated,US GAAP,Audited,Annual,1423.86,,4427.211,,,,,12018.294,,,,,5851.069,,,,,64499.17,,105295.675,,,,464.324,,4580.671,327.904,,,,6692.38,
ANDERSON TOYOTA  02048,T001T02048,NAICS,4411,,,USA,AZ,UDS 4.0,2024-03-31,USD,Thousands,Consolidated,US GAAP,Audited,Annual,,,,,,,,,,,,,,,,,,,,109831.514,,,,,,5079.151,,,,,,
TOYOTA OF WATERTOWN  20019,T001T20019,NAICS,4411,,,USA,MA,UDS 4.0,2025-03-31,USD,Thousands,Consolidated,US GAAP,Audited,Annual,11630.065,,5899.568,,,,,26108.327,,,,,6936.076,,,,,11918.681,,120260.33,,,,909.447,,6263.703,448.43,,,,9558.031,
TOYOTA OF WATERTOWN  20019,T001T20019,NAICS,4411,,,USA,MA,UDS 4.0,2024-03-31,USD,Thousands,Consolidated,US GAAP,Audited,Annual,,,,,,,,,,,,,,,,,,,,95153.415,,,,,,5182.132,,,,,,
RED MCCOMBS SUPERIOR HYUN  42688,T001T42688,NAICS,4411,,,USA,TX,UDS 4.0,2022-03-31,USD,Thousands,Consolidated,US GAAP,Audited,Annual,5912.954,,3419.461,,,,,11179.086,,,,,5367.44,,,,,0.0,,75630.233,,,,441.825,,4176.531,388.192,,,,4554.867,
RED MCCOMBS SUPERIOR HYUN  42688,T001T42688,NAICS,4411,,,USA,TX,UDS 4.0,2021-03-31,USD,Thousands,Consolidated,US GAAP,Audited,Annual,,,,,,,,,,,,,,,,,,,,57425.873,,,,,,104.083,,,,,,
ANDERSON CHEVROLET  02701,T001T02701,NAICS,4411,,,USA,AZ,UDS 4.0,2025-03-31,USD,Thousands,Consolidated,US GAAP,Audited,Annual,323.592,,3761.555,,,,,8333.378,,,,,3766.543,,,,,325.475,,17147.894,,,,12.526,,640.654,71.683,,,,915.504,
CONANT AUTOMOTIVE RETAIL GROUP  00699  10K 10Q,T001T00699,NAICS,4411,,,USA,TX,UDS 4.0,2024-09-30,USD,Thousands,Consolidated,US GAAP,Audited,Annual,64595.668,,219019.526,,,,,630204.284,,,,,260717.263,,,,,245351.444,,1982055.49733333,,,,3953.838666667,,64983.4,4426.365333333,,,,68755.284,
HANOVER VOLKSWAGEN  37657,T001T37657,NAICS,4411,,,USA,PA,UDS 4.0,2025-03-31,USD,Thousands,Consolidated,US GAAP,Audited,Annual,76.07,,3015.828,,,,,3791.397,,,,,2806.021,,,,,-690.431,,28371.215,,,,46.245,,-312.581,92.237,,,,0.0,
HANOVER VOLKSWAGEN  37657,T001T37657,NAICS,4411,,,USA,PA,UDS 4.0,2024-03-31,USD,Thousands,Consolidated,US GAAP,Audited,Annual,,,,,,,,,,,,,,,,,,,,23986.797,,,,,,-984.68,,,,,,
LE MIEUX   SON TOYOTA  48005,T001T48005,NAICS,4411,,,USA,WI,UDS 4.0,2025-03-31,USD,Thousands,Consolidated,US GAAP,Audited,Annual,10152.587,,6133.884,,,,,18944.852,,,,,4511.099,,,,,14481.101,,114309.887,,,,734.543,,2051.198,431.522,,,,3961.99,
LE MIEUX   SON TOYOTA  48005,T001T48005,NAICS,4411,,,USA,WI,UDS 4.0,2024-03-31,USD,Thousands,Consolidated,US GAAP,Audited,Annual,,,,,,,,,,,,,,,,,,,,106405.352,,,,,,1970.257,,,,,,
SUN HONDA  09895,T001T09895,NAICS,4411,,,USA,FL,UDS 4.0,2022-05-31,USD,Thousands,Consolidated,US GAAP,Audited,Annual,6273.932,,6121.389,,,,,24942.305,,,,,5355.544,,,,,13734.337,,92116.473,,,,224.698,,4503.367,125.129,,,,4934.34,
SUN HONDA  09895,T001T09895,NAICS,4411,,,USA,FL,UDS 4.0,2021-05-31,USD,Thousands,Consolidated,US GAAP,Audited,Annual,,,,,,,,,,,,,,,,,,,,96244.529,,,,,,2832.608,,,,,,
VICTORY CHEVROLET BUICK  21618,T001T21618,NAICS,4411,,,USA,MI,UDS 4.0,2025-03-31,USD,Thousands,Consolidated,US GAAP,Audited,Annual,2808.711,,4551.585,,,,,10712.589,,,,,5131.794,,,,,1128.453,,43053.111,,,,165.756,,-105.023,102.634,,,,709.842,
VICTORY CHEVROLET BUICK  21618,T001T21618,NAICS,4411,,,USA,MI,UDS 4.0,2024-03-31,USD,Thousands,Consolidated,US GAAP,Audited,Annual,,,,,,,,,,,,,,,,,,,,41530.942,,,,,,215.782,,,,,,
PAUL MILLER TOY CALDWELL  29107,T001T29107,NAICS,4411,,,USA,NJ,UDS 4.0,2025-03-31,USD,Thousands,Consolidated,US GAAP,Audited,Annual,2507.98,,3347.223,,,,,14145.587,,,,,5207.91,,,,,3532.331,,83371.096,,,,1166.523,,1926.688,245.325,,,,1447.951,
PAUL MILLER TOY CALDWELL  29107,T001T29107,NAICS,4411,,,USA,NJ,UDS 4.0,2024-03-31,USD,Thousands,Consolidated,US GAAP,Audited,Annual,,,,,,,,,,,,,,,,,,,,80460.438,,,,,,2656.203,,,,,,
MENDENHALL TOYOTA  50011  CHEVROLET  50967  HONDA  50968,T001T50011,NAICS,4411,,,USA,AK,UDS 4.0,2023-01-31,USD,Thousands,Consolidated,US GAAP,Audited,Annual,2017.85,,3101.053,,,,,8236.868,,,,,3256.638,,,,,1970.72,,22952.103,,,,155.291,,1401.58,79.809,,,,1367.226,
MENDENHALL TOYOTA  50011  CHEVROLET  50967  HONDA  50968,T001T50011,NAICS,4411,,,USA,AK,UDS 4.0,2022-01-31,USD,Thousands,Consolidated,US GAAP,Audited,Annual,,,,,,,,,,,,,,,,,,,,20196.395,,,,,,904.299,,,,,,
BENNETT HONDA OF LEBANON  37513,T001T37513,NAICS,4411,,,USA,PA,UDS 4.0,2025-03-31,USD,Thousands,Consolidated,US GAAP,Audited,Annual,906.372,,6267.112,,,,,19223.907,,,,,9661.42,,,,,0.0,,27085.135,,,,20.896,,-467.542,117.787,,,,34.466,
BENNETT HONDA OF LEBANON  37513,T001T37513,NAICS,4411,,,USA,PA,UDS 4.0,2024-03-31,USD,Thousands,Consolidated,US GAAP,Audited,Annual,,,,,,,,,,,,,,,,,,,,30601.32,,,,,,726.995,,,,,,
THOUSAND OAKS TOYOTA  04167,T001T04167,NAICS,4411,,,USA,CA,UDS 4.0,2025-03-31,USD,Thousands,Consolidated,US GAAP,Audited,Annual,8312.01,,8975.782,,,,,26379.168,,,,,7965.288,,,,,12862.399,,155769.539,,,,1249.63,,-2375.153,654.756,,,,2535.436,
THOUSAND OAKS TOYOTA  04167,T001T04167,NAICS,4411,,,USA,CA,UDS 4.0,2024-03-31,USD,Thousands,Consolidated,US GAAP,Audited,Annual,,,,,,,,,,,,,,,,,,,,141839.426,,,,,,-1149.904,,,,,,
FELIX CHEVROLET  54563,T001T54563,NAICS,4411,,,USA,CA,UDS 4.0,2025-03-31,USD,Thousands,Consolidated,US GAAP,Audited,Annual,2093.526,,16657.534,,,,,35430.745,,,,,21425.128,,,,,1615.326,,100501.16,,,,755.922,,-4923.283,66.17,,,,0.0,
FELIX CHEVROLET  54563,T001T54563,NAICS,4411,,,USA,CA,UDS 4.0,2024-03-31,USD,Thousands,Consolidated,US GAAP,Audited,Annual,,,,,,,,,,,,,,,,,,,,83324.084,,,,,,-2773.055,,,,,,
GROOVE TOYOTA  05011,T001T05011,NAICS,4411,,,USA,CO,UDS 4.0,2024-10-31,USD,Thousands,Consolidated,US GAAP,Audited,Annual,6535.761,,13070.012,,,,,70420.462,,,,,19378.443,,,,,0.0,,285108.575,,,,1156.802,,9294.311,963.344,,,,15262.428,
GROOVE TOYOTA  05011,T001T05011,NAICS,4411,,,USA,CO,UDS 4.0,2023-10-31,USD,Thousands,Consolidated,US GAAP,Audited,Annual,,,,,,,,,,,,,,,,,,,,269623.197,,,,,,15111.958,,,,,,
UMANSKY TOYOTA  48072,T001T48072,NAICS,4411,,,USA,WI,UDS 4.0,2025-03-31,USD,Thousands,Consolidated,US GAAP,Audited,Annual,3472.217,,4294.118,,,,,39613.588,,,,,7048.275,,,,,0.0,,28553.648,,,,18.024,,1515.864,52.108,,,,2236.288,
FOSS TOYOTA,T001T49026,NAICS,4411,,,USA,WY,UDS 4.0,2021-12-31,USD,Thousands,Consolidated,US GAAP,Audited,Annual,18074.036,,785.502,,,,,20585.31,,,,,363.563,,,,,7649.608,,23748.981,,,,4.523,,203.904,8.174,,,,12452.139,
FOSS TOYOTA,T001T49026,NAICS,4411,,,USA,WY,UDS 4.0,2020-12-31,USD,Thousands,Consolidated,US GAAP,Audited,Annual,,,,,,,,,,,,,,,,,,,,21238.002,,,,,,-266.819,,,,,,
LAFONTAINE KIA ANN ARBOR  21691,T001T21691,NAICS,4411,,,USA,MI,UDS 4.0,2021-07-31,USD,Thousands,Consolidated,US GAAP,Audited,Annual,691.007,,3937.939,,,,,6032.068,,,,,4696.12,,,,,-474.993,,24091.993,,,,61.447,,-314.086,5.9,,,,430.707,
LAFONTAINE KIA ANN ARBOR  21691,T001T21691,NAICS,4411,,,USA,MI,UDS 4.0,2020-07-31,USD,Thousands,Consolidated,US GAAP,Audited,Annual,,,,,,,,,,,,,,,,,,,,13301.909142857,,,,,,-551.247428571,,,,,,
BOMMARITO TOYOTA  24085,T001T24085,NAICS,4411,,,USA,MO,UDS 4.0,2025-03-31,USD,Thousands,Consolidated,US GAAP,Audited,Annual,1505.977,,6348.385,,,,,12331.248,,,,,6949.421,,,,,5595.781,,77802.054,,,,244.312,,-1147.038,155.641,,,,1229.092,
BOMMARITO TOYOTA  24085,T001T24085,NAICS,4411,,,USA,MO,UDS 4.0,2024-03-31,USD,Thousands,Consolidated,US GAAP,Audited,Annual,,,,,,,,,,,,,,,,,,,,87157.257,,,,,,-1212.449,,,,,,
JEFF WYLER AUTOMOTIVE FAMILY  00634 10K 10Q,T001T00634,NAICS,4411,,,USA,TX,UDS 4.0,2024-09-30,USD,Thousands,Consolidated,US GAAP,Audited,Annual,62601.56,,330226.141,,,,,794747.072,,,,,342147.198,,,,,122823.835,,3709358.164,,,,26112.727,,112721.225,30611.169,,,,130076.073,
JEFF WYLER AUTOMOTIVE FAMILY  00634 10K 10Q,T001T00634,NAICS,4411,,,USA,TX,UDS 4.0,2023-09-30,USD,Thousands,Consolidated,US GAAP,Audited,Annual,,,,,,,,,,,,,,,,,,,,156084.604,,,,,,6178.424,,,,,,
FORD LINCOLN FAIRFIELD  54809,T001T54809,NAICS,4411,,,USA,CA,UDS 4.0,2024-01-31,USD,Thousands,Consolidated,US GAAP,Audited,Annual,1211.859,,36358.989,,,,,45611.78,,,,,41972.122,,,,,1706.928,,132306.822,,,,179.499,,1212.914,1249.331,,,,2055.747,
FORD LINCOLN FAIRFIELD  54809,T001T54809,NAICS,4411,,,USA,CA,UDS 4.0,2023-01-31,USD,Thousands,Consolidated,US GAAP,Audited,Annual,,,,,,,,,,,,,,,,,,,,119412.877,,,,,,3987.496,,,,,,
GROUP 1 AUTOMOTIVE  INC   00259  10K 10Q,T001T00259,NAICS,4411,,,USA,AZ,UDS 4.0,2025-03-31,USD,Thousands,Consolidated,US GAAP,Audited,Annual,70500.0,,2558400.0,,,,,9886800.0,,,,,3503800.0,,,,,4131200.0,,20969200.0,,,,118600.0,,633800.0,277500.0,,,,478300.0,
GROUP 1 AUTOMOTIVE  INC   00259  10K 10Q,T001T00259,NAICS,4411,,,USA,AZ,UDS 4.0,2024-03-31,USD,Thousands,Consolidated,US GAAP,Audited,Annual,,,,,,,,,,,,,,,,,,,,18214200.0,,,,,,786700.0,,,,,,
KRAUSE TOYOTA  37036,T001T37036,NAICS,4411,,,USA,PA,UDS 4.0,2025-03-31,USD,Thousands,Consolidated,US GAAP,Audited,Annual,2654.489,,2123.052,,,,,9722.639,,,,,2067.585,,,,,3865.239,,23272.913,,,,170.218,,162.912,30.497,,,,489.821,
KRAUSE TOYOTA  37036,T001T37036,NAICS,4411,,,USA,PA,UDS 4.0,2024-03-31,USD,Thousands,Consolidated,US GAAP,Audited,Annual,,,,,,,,,,,,,,,,,,,,25033.189,,,,,,274.67,,,,,,
LANDERS MCLARTY TOYOTA  41073,T001T41073,NAICS,4411,,,USA,TN,UDS 4.0,2025-03-31,USD,Thousands,Consolidated,US GAAP,Audited,Annual,2259.918,,3929.328,,,,,10249.963,,,,,5409.66,,,,,1808.395,,48987.632,,,,25.412,,-1779.178,67.109,,,,724.28,
LANDERS MCLARTY TOYOTA  41073,T001T41073,NAICS,4411,,,USA,TN,UDS 4.0,2024-03-31,USD,Thousands,Consolidated,US GAAP,Audited,Annual,,,,,,,,,,,,,,,,,,,,53463.552,,,,,,-1497.783,,,,,,
LHM TOYOTA CORONA  04915,T001T04915,NAICS,4411,,,USA,CA,UDS 4.0,2021-10-31,USD,Thousands,Consolidated,US GAAP,Audited,Annual,2138.554,,3193.287,,,,,28846.058,,,,,3632.195,,,,,-6.889,,96095.659,,,,727.027,,5511.261,435.218,,,,5833.365,
LHM TOYOTA CORONA  04915,T001T04915,NAICS,4411,,,USA,CA,UDS 4.0,2020-10-31,USD,Thousands,Consolidated,US GAAP,Audited,Annual,,,,,,,,,,,,,,,,,,,,88766.862,,,,,,2541.011,,,,,,
KEN GARFF AUTOMOTIVE GROUP  KGA   00435  10K 10Q,T001T00435,NAICS,4411,,,USA,TX,UDS 4.0,2024-09-30,USD,Thousands,Consolidated,US GAAP,Audited,Annual,216863.601,,1109913.374,,,,,2652761.316,,,,,1356379.17,,,,,439862.405,,6326615.329,,,,35975.886,,195555.193,78292.689,,,,207826.047,
KEN GARFF AUTOMOTIVE GROUP  KGA   00435  10K 10Q,T001T00435,NAICS,4411,,,USA,TX,UDS 4.0,2023-09-30,USD,Thousands,Consolidated,US GAAP,Audited,Annual,,,,,,,,,,,,,,,,,,,,6078604.0,,,,,,209359.0,,,,,,
METRO TOYOTA  21072  DENOOYER JAGUAR  21805,T001T21072,NAICS,4411,,,USA,MI,UDS 4.0,2025-03-31,USD,Thousands,Consolidated,US GAAP,Audited,Annual,4387.779,,8704.49,,,,,19614.427,,,,,3843.438,,,,,14925.38,,84727.317,,,,623.002,,2702.022,293.916,,,,3587.585,
METRO TOYOTA  21072  DENOOYER JAGUAR  21805,T001T21072,NAICS,4411,,,USA,MI,UDS 4.0,2024-03-31,USD,Thousands,Consolidated,US GAAP,Audited,Annual,,,,,,,,,,,,,,,,,,,,86112.719,,,,,,2869.98,,,,,,
T CASTELLAW TOY DYERSBURG,T001T41076,NAICS,4411,,,USA,TN,UDS 4.0,2023-03-31,USD,Thousands,Consolidated,US GAAP,Audited,Annual,805.221,,987.465,,,,,4635.509,,,,,1376.265,,,,,3228.376,,17572.812,,,,55.52,,44.492,52.32,,,,523.472,
T CASTELLAW TOY DYERSBURG,T001T41076,NAICS,4411,,,USA,TN,UDS 4.0,2022-03-31,USD,Thousands,Consolidated,US GAAP,Audited,Annual,,,,,,,,,,,,,,,,,,,,20286.704,,,,,,366.885,,,,,,
ADVANTAGE TOY RIVER OAKS  12159,T001T12159,NAICS,4411,,,USA,IL,UDS 4.0,2025-03-31,USD,Thousands,Consolidated,US GAAP,Audited,Annual,936.984,,4814.071,,,,,14330.622,,,,,5854.245,,,,,6835.09,,60005.366,,,,67.744,,-1955.395,136.06,,,,496.505,
ADVANTAGE TOY RIVER OAKS  12159,T001T12159,NAICS,4411,,,USA,IL,UDS 4.0,2024-03-31,USD,Thousands,Consolidated,US GAAP,Audited,Annual,,,,,,,,,,,,,,,,,,,,63657.237,,,,,,-498.711,,,,,,
QUAKERTOWN MITSUBISHI  37200,T001T37200,NAICS,4411,,,USA,PA,UDS 4.0,2021-05-31,USD,Thousands,Consolidated,US GAAP,Audited,Annual,929.538,,1456.856,,,,,2985.778,,,,,1509.872,,,,,-1749.633,,9824.539,,,,32.069,,-358.218,10.281,,,,0.0,
QUAKERTOWN MITSUBISHI  37200,T001T37200,NAICS,4411,,,USA,PA,UDS 4.0,2020-05-31,USD,Thousands,Consolidated,US GAAP,Audited,Annual,,,,,,,,,,,,,,,,,,,,8918.191,,,,,,-643.044,,,,,,
JUNEAU SUBARU  50510  CHRYSLER DODGE JEEP RAM  50513,T001T50510,NAICS,4411,,,USA,AK,UDS 4.0,2025-03-31,USD,Thousands,Consolidated,US GAAP,Audited,Annual,1238.556,,4277.769,,,,,8590.78,,,,,5084.987,,,,,752.781,,27363.071,,,,113.271,,788.306,256.337,,,,669.272,
JUNEAU SUBARU  50510  CHRYSLER DODGE JEEP RAM  50513,T001T50510,NAICS,4411,,,USA,AK,UDS 4.0,2024-03-31,USD,Thousands,Consolidated,US GAAP,Audited,Annual,,,,,,,,,,,,,,,,,,,,26354.529,,,,,,248.003,,,,,,
EDMARK TOYOTA  11036,T001T11036,NAICS,4411,,,USA,ID,UDS 4.0,2025-03-31,USD,Thousands,Consolidated,US GAAP,Audited,Annual,5031.381,,14227.627,,,,,55903.293,,,,,18299.467,,,,,43004.064,,192748.017,,,,1463.823,,5149.077,686.828,,,,9754.414,
EDMARK TOYOTA  11036,T001T11036,NAICS,4411,,,USA,ID,UDS 4.0,2024-03-31,USD,Thousands,Consolidated,US GAAP,Audited,Annual,,,,,,,,,,,,,,,,,,,,185757.668,,,,,,6294.031,,,,,,
TWIN CITY TOYOTA  24067,T001T24067,NAICS,4411,,,USA,MO,UDS 4.0,2025-03-31,USD,Thousands,Consolidated,US GAAP,Audited,Annual,428.259,,4710.631,,,,,6770.951,,,,,4481.184,,,,,1803.793,,49179.339,,,,207.951,,1013.783,124.856,,,,2009.31,
TWIN CITY TOYOTA  24067,T001T24067,NAICS,4411,,,USA,MO,UDS 4.0,2024-03-31,USD,Thousands,Consolidated,US GAAP,Audited,Annual,,,,,,,,,,,,,,,,,,,,50118.312,,,,,,1520.95,,,,,,
DOLAN LEXUS  62702,T001T62702,NAICS,4411,,,USA,NV,UDS 4.0,2025-03-31,USD,Thousands,Consolidated,US GAAP,Audited,Annual,3225.718,,4996.525,,,,,17211.502,,,,,6131.445,,,,,7369.516,,103296.869,,,,676.512,,-3250.643,284.286,,,,3647.937,
DOLAN LEXUS  62702,T001T62702,NAICS,4411,,,USA,NV,UDS 4.0,2024-03-31,USD,Thousands,Consolidated,US GAAP,Audited,Annual,,,,,,,,,,,,,,,,,,,,102269.165,,,,,,-2851.386,,,,,,
PRINCIPLE VOLKSWAGEN  42438,T001T42438,NAICS,4411,,,USA,TX,UDS 4.0,2025-03-31,USD,Thousands,Consolidated,US GAAP,Audited,Annual,792.344,,10486.351,,,,,17587.399,,,,,13512.739,,,,,2088.603,,57866.035,,,,284.957,,-2398.818,119.672,,,,0.0,
PRINCIPLE VOLKSWAGEN  42438,T001T42438,NAICS,4411,,,USA,TX,UDS 4.0,2024-03-31,USD,Thousands,Consolidated,US GAAP,Audited,Annual,,,,,,,,,,,,,,,,,,,,50844.019,,,,,,-1374.194,,,,,,
JOHN HARVEY TOYOTA  17057,T001T17057,NAICS,4411,,,USA,LA,UDS 4.0,2025-03-31,USD,Thousands,Consolidated,US GAAP,Audited,Annual,4560.252,,3314.879,,,,,13303.214,,,,,4021.684,,,,,6752.809,,48469.707,,,,226.472,,-554.715,127.992,,,,907.051,
JOHN HARVEY TOYOTA  17057,T001T17057,NAICS,4411,,,USA,LA,UDS 4.0,2024-03-31,USD,Thousands,Consolidated,US GAAP,Audited,Annual,,,,,,,,,,,,,,,,,,,,56052.503,,,,,,657.858,,,,,,
TOYOTA OF DALLAS  42278,T001T42278,NAICS,4411,,,USA,TX,UDS 4.0,2025-03-31,USD,Thousands,Consolidated,US GAAP,Audited,Annual,2424.374,,10349.261,,,,,33515.989,,,,,14698.814,,,,,153167.847,,259400.622,,,,107.942,,11231.695,65.962,,,,12721.454,
TOYOTA OF DALLAS  42278,T001T42278,NAICS,4411,,,USA,TX,UDS 4.0,2024-03-31,USD,Thousands,Consolidated,US GAAP,Audited,Annual,,,,,,,,,,,,,,,,,,,,330576.735,,,,,,17159.633,,,,,,
BILL DUBE TOYOTA  28021,T001T28021,NAICS,4411,,,USA,NH,UDS 4.0,2025-03-31,USD,Thousands,Consolidated,US GAAP,Audited,Annual,4222.707,,17890.131,,,,,34377.895,,,,,19852.356,,,,,8981.36,,83897.271,,,,51.23,,2859.74,134.303,,,,4948.519,
BILL DUBE TOYOTA  28021,T001T28021,NAICS,4411,,,USA,NH,UDS 4.0,2024-03-31,USD,Thousands,Consolidated,US GAAP,Audited,Annual,,,,,,,,,,,,,,,,,,,,79420.551,,,,,,3864.441,,,,,,
PREMIER TOYOTA OF AMHERST  34121,T001T34121,NAICS,4411,,,USA,OH,UDS 4.0,2024-10-31,USD,Thousands,Consolidated,US GAAP,Audited,Annual,301.811,,4835.42,,,,,11089.822,,,,,5731.701,,,,,2520.68,,56532.192,,,,133.501,,-754.332,76.022,,,,483.888,
PREMIER TOYOTA OF AMHERST  34121,T001T34121,NAICS,4411,,,USA,OH,UDS 4.0,2023-10-31,USD,Thousands,Consolidated,US GAAP,Audited,Annual,,,,,,,,,,,,,,,,,,,,62044.109,,,,,,283.052,,,,,,
EMPIRE AUTOMOTIVE NJ  29664   MANUAL ENTRY,T001T29664,NAICS,4411,,,USA,NJ,UDS 4.0,2025-03-31,USD,Thousands,Consolidated,US GAAP,Audited,Annual,228.138,,2561.885,,,,,4124.173,,,,,3858.507,,,,,0.0,,0.0,,,,-27.18,,-1588.57278,144.32209,,,,0.0,
EMPIRE AUTOMOTIVE NJ  29664   MANUAL ENTRY,T001T29664,NAICS,4411,,,USA,NJ,UDS 4.0,2024-03-31,USD,Thousands,Consolidated,US GAAP,Audited,Annual,,,,,,,,,,,,,,,,,,,,13224.86495,,,,,,-1567.74622,,,,,,
LEXUS OF COOL SPRINGS  64101  NASHVILLE  64130  FLAG BACK ON FOR 64101 071723,T001T64101,NAICS,4411,,,USA,TN,UDS 4.0,2025-03-31,USD,Thousands,Consolidated,US GAAP,Audited,Annual,4531.62,,3356.537,,,,,14576.751,,,,,5946.62,,,,,1902.686,,111367.363,,,,9.6,,3459.429,63.833,,,,9153.056,
LEXUS OF COOL SPRINGS  64101  NASHVILLE  64130  FLAG BACK ON FOR 64101 071723,T001T64101,NAICS,4411,,,USA,TN,UDS 4.0,2024-03-31,USD,Thousands,Consolidated,US GAAP,Audited,Annual,,,,,,,,,,,,,,,,,,,,92285.802,,,,,,3714.851,,,,,,
TOYOTA OF MUSCATINE  14050,T001T14050,NAICS,4411,,,USA,IA,UDS 4.0,2025-03-31,USD,Thousands,Consolidated,US GAAP,Audited,Annual,107.106,,2025.747,,,,,4428.157,,,,,1994.165,,,,,1912.676,,22662.145,,,,33.759,,286.65,32.498,,,,588.313,
TOYOTA OF MUSCATINE  14050,T001T14050,NAICS,4411,,,USA,IA,UDS 4.0,2024-03-31,USD,Thousands,Consolidated,US GAAP,Audited,Annual,,,,,,,,,,,,,,,,,,,,21193.044,,,,,,193.161,,,,,,
BENNETT TOYOTA OF LEBANON  37188,T001T37188,NAICS,4411,,,USA,PA,UDS 4.0,2025-03-31,USD,Thousands,Consolidated,US GAAP,Audited,Annual,696.208,,5040.965,,,,,15224.117,,,,,5905.698,,,,,7215.921,,61247.562,,,,195.37,,-491.302,53.964,,,,1018.048,
BENNETT TOYOTA OF LEBANON  37188,T001T37188,NAICS,4411,,,USA,PA,UDS 4.0,2024-03-31,USD,Thousands,Consolidated,US GAAP,Audited,Annual,,,,,,,,,,,,,,,,,,,,67576.987,,,,,,407.85,,,,,,
TOYOTA OF COLCHESTER  06049,T001T06049,NAICS,4411,,,USA,CT,UDS 4.0,2025-03-31,USD,Thousands,Consolidated,US GAAP,Audited,Annual,507.624,,3458.178,,,,,6226.242,,,,,1402.866,,,,,0.0,,30577.724,,,,165.826,,1054.406,151.991,,,,1632.192,
TOYOTA OF COLCHESTER  06049,T001T06049,NAICS,4411,,,USA,CT,UDS 4.0,2024-03-31,USD,Thousands,Consolidated,US GAAP,Audited,Annual,,,,,,,,,,,,,,,,,,,,28373.636,,,,,,1224.454,,,,,,
SOUTHWEST TOYOTA OF LAWTON  35076,T001T35076,NAICS,4411,,,USA,OK,UDS 4.0,2025-03-31,USD,Thousands,Consolidated,US GAAP,Audited,Annual,1889.867,,3139.622,,,,,25738.825,,,,,6275.301,,,,,1767.823,,51493.307,,,,38.159,,-1126.367,521.239,,,,825.15,
SOUTHWEST TOYOTA OF LAWTON  35076,T001T35076,NAICS,4411,,,USA,OK,UDS 4.0,2024-03-31,USD,Thousands,Consolidated,US GAAP,Audited,Annual,,,,,,,,,,,,,,,,,,,,52672.582,,,,,,-1322.911,,,,,,
FRED BEANS TOYOTA FLEMINGTON  29104,T001T29104,NAICS,4411,,,USA,NJ,UDS 4.0,2025-03-31,USD,Thousands,Consolidated,US GAAP,Audited,Annual,7184.004,,2736.717,,,,,15438.434,,,,,6218.255,,,,,-1959.047,,90657.387,,,,520.853,,242.005,226.162,,,,1219.145,
FRED BEANS TOYOTA FLEMINGTON  29104,T001T29104,NAICS,4411,,,USA,NJ,UDS 4.0,2024-03-31,USD,Thousands,Consolidated,US GAAP,Audited,Annual,,,,,,,,,,,,,,,,,,,,82420.533,,,,,,726.053,,,,,,
KENDALL AUTOMOTIVE GROUP  01001  10K 10Q,T001T01001,NAICS,4411,,,USA,OR,UDS 4.0,2025-03-31,USD,Thousands,Consolidated,US GAAP,Audited,Annual,3363.511,,427903.798,,,,,969423.122,,,,,279806.777,,,,,538451.299,,2595554.505,,,,13872.686,,110475.223,12977.342,,,,116085.364,
KENDALL AUTOMOTIVE GROUP  01001  10K 10Q,T001T01001,NAICS,4411,,,USA,OR,UDS 4.0,2024-03-31,USD,Thousands,Consolidated,US GAAP,Audited,Annual,,,,,,,,,,,,,,,,,,,,2431319.429,,,,,,108324.779,,,,,,
CUMBERLAND KIA  41895,T001T41895,NAICS,4411,,,USA,TN,UDS 4.0,2025-03-31,USD,Thousands,Consolidated,US GAAP,Audited,Annual,2211.207,,3636.753,,,,,7490.873,,,,,3186.679,,,,,7956.752,,34471.828,,,,39.164,,293.75,164.605,,,,1265.863,
CUMBERLAND KIA  41895,T001T41895,NAICS,4411,,,USA,TN,UDS 4.0,2024-03-31,USD,Thousands,Consolidated,US GAAP,Audited,Annual,,,,,,,,,,,,,,,,,,,,30424.928,,,,,,980.59,,,,,,
JOHNSON LEXUS OF RALEIGH  63203  DURHAM  63231,T001T63203,NAICS,4411,,,USA,NC,UDS 4.0,2025-03-31,USD,Thousands,Consolidated,US GAAP,Audited,Annual,11053.43,,25599.489,,,,,68919.689,,,,,47082.443,,,,,176892.161,,576446.149,,,,3933.334,,7481.837,2568.335,,,,31716.556,
JOHNSON LEXUS OF RALEIGH  63203  DURHAM  63231,T001T63203,NAICS,4411,,,USA,NC,UDS 4.0,2024-03-31,USD,Thousands,Consolidated,US GAAP,Audited,Annual,,,,,,,,,,,,,,,,,,,,501406.664,,,,,,4734.16,,,,,,
TOYOTA DEL OESTE  59102,T001T59102,NAICS,4411,,,USA,,UDS 4.0,2025-03-31,USD,Thousands,Consolidated,US GAAP,Audited,Annual,14659.305,,6353.907,,,,,36651.224,,,,,9946.931,,,,,11684.943,,52437.428,,,,233.935,,3469.874,410.144,,,,3352.238,
TOYOTA DEL OESTE  59102,T001T59102,NAICS,4411,,,USA,,UDS 4.0,2024-03-31,USD,Thousands,Consolidated,US GAAP,Audited,Annual,,,,,,,,,,,,,,,,,,,,50970.979,,,,,,3895.699,,,,,,
VALLEY LEXUS  60442,T001T60442,NAICS,4411,,,USA,CA,UDS 4.0,2025-03-31,USD,Thousands,Consolidated,US GAAP,Audited,Annual,6212.257,,3981.422,,,,,16621.108,,,,,4782.197,,,,,13195.134,,91471.254,,,,700.311,,590.263,635.351,,,,4071.032,
VALLEY LEXUS  60442,T001T60442,NAICS,4411,,,USA,CA,UDS 4.0,2024-03-31,USD,Thousands,Consolidated,US GAAP,Audited,Annual,,,,,,,,,,,,,,,,,,,,73938.486,,,,,,1071.225,,,,,,
LEXUS OF THOUSAND OAKS  60403,T001T60403,NAICS,4411,,,USA,CA,UDS 4.0,2025-03-31,USD,Thousands,Consolidated,US GAAP,Audited,Annual,36.084,,8856.523,,,,,29160.066,,,,,7955.113,,,,,1561.297,,122030.485,,,,847.357,,-3705.52,96.406,,,,1872.605,
LEXUS OF THOUSAND OAKS  60403,T001T60403,NAICS,4411,,,USA,CA,UDS 4.0,2024-03-31,USD,Thousands,Consolidated,US GAAP,Audited,Annual,,,,,,,,,,,,,,,,,,,,102746.842,,,,,,-4958.809,,,,,,
TOYOTA SALINAS  04046,T001T04046,NAICS,4411,,,USA,CA,UDS 4.0,2025-03-31,USD,Thousands,Consolidated,US GAAP,Audited,Annual,5406.38,,5422.197,,,,,25762.42,,,,,13009.962,,,,,9547.316,,122209.022,,,,685.51,,1360.51,274.444,,,,5458.284,
TOYOTA SALINAS  04046,T001T04046,NAICS,4411,,,USA,CA,UDS 4.0,2024-03-31,USD,Thousands,Consolidated,US GAAP,Audited,Annual,,,,,,,,,,,,,,,,,,,,120857.628,,,,,,3592.741,,,,,,
ELK GROVE TOYOTA  04201,T001T04201,NAICS,4411,,,USA,CA,UDS 4.0,2025-03-31,USD,Thousands,Consolidated,US GAAP,Audited,Annual,6760.53,,8233.393,,,,,67042.077,,,,,7068.258,,,,,67596.315,,203821.409,,,,1604.161,,7272.16,1077.486,,,,8271.085,
ELK GROVE TOYOTA  04201,T001T04201,NAICS,4411,,,USA,CA,UDS 4.0,2024-03-31,USD,Thousands,Consolidated,US GAAP,Audited,Annual,,,,,,,,,,,,,,,,,,,,204337.167,,,,,,10561.388,,,,,,
FAITH S TOYOTA FORD  44024  FORD  44976,T001T44024,NAICS,4411,,,USA,VT,UDS 4.0,2025-03-31,USD,Thousands,Consolidated,US GAAP,Audited,Annual,2747.599,,12110.657,,,,,28008.614,,,,,16284.748,,,,,5369.742,,67150.466,,,,11.39,,-2412.888,1275.823,,,,317.996,
FAITH S TOYOTA FORD  44024  FORD  44976,T001T44024,NAICS,4411,,,USA,VT,UDS 4.0,2024-03-31,USD,Thousands,Consolidated,US GAAP,Audited,Annual,,,,,,,,,,,,,,,,,,,,74793.389,,,,,,-4590.738,,,,,,
CADILLAC MARIN  54890,T001T54890,NAICS,4411,,,USA,CA,UDS 4.0,2025-03-31,USD,Thousands,Consolidated,US GAAP,Audited,Annual,845.941,,6574.902,,,,,13792.413,,,,,7882.537,,,,,-2926.531,,34503.514,,,,42.399,,-3069.127,112.144,,,,0.0,
CADILLAC MARIN  54890,T001T54890,NAICS,4411,,,USA,CA,UDS 4.0,2024-03-31,USD,Thousands,Consolidated,US GAAP,Audited,Annual,,,,,,,,,,,,,,,,,,,,20946.216,,,,,,-2379.32,,,,,,
LAFONTAINE TOYOTA  21061  AFFILIATES TRMNTD 12022,T001T21061,NAICS,4411,,,USA,MI,UDS 4.0,2025-03-31,USD,Thousands,Consolidated,US GAAP,Audited,Annual,798.132,,3737.562,,,,,13950.069,,,,,6591.82,,,,,1036.667,,68692.736,,,,87.186,,-1354.253,291.005,,,,456.505,
LAFONTAINE TOYOTA  21061  AFFILIATES TRMNTD 12022,T001T21061,NAICS,4411,,,USA,MI,UDS 4.0,2024-03-31,USD,Thousands,Consolidated,US GAAP,Audited,Annual,,,,,,,,,,,,,,,,,,,,63182.598,,,,,,-181.527,,,,,,
KOONS WESTMINSTER TOY,T001T19047,NAICS,4411,,,USA,MD,UDS 4.0,2023-11-30,USD,Thousands,Consolidated,US GAAP,Audited,Annual,4543.413,,6090.067,,,,,12777.913,,,,,6351.646,,,,,4063.52,,150644.140363636,,,,737.223272727,,5933.521090909,549.088363636,,,,8059.629818182,
KOONS WESTMINSTER TOY,T001T19047,NAICS,4411,,,USA,MD,UDS 4.0,2022-11-30,USD,Thousands,Consolidated,US GAAP,Audited,Annual,,,,,,,,,,,,,,,,,,,,156916.803,,,,,,9558.562,,,,,,
MAPLEWOOD TOYOTA  22035,T001T22035,NAICS,4411,,,USA,MN,UDS 4.0,2025-03-31,USD,Thousands,Consolidated,US GAAP,Audited,Annual,6719.097,,16770.668,,,,,36360.812,,,,,16517.123,,,,,41648.046,,251840.593,,,,2026.835,,9532.317,989.028,,,,13510.65,
MAPLEWOOD TOYOTA  22035,T001T22035,NAICS,4411,,,USA,MN,UDS 4.0,2024-03-31,USD,Thousands,Consolidated,US GAAP,Audited,Annual,,,,,,,,,,,,,,,,,,,,246214.331,,,,,,11815.752,,,,,,
TOYOTA OF RICHARDSON  42202,T001T42202,NAICS,4411,,,USA,TX,UDS 4.0,2025-03-31,USD,Thousands,Consolidated,US GAAP,Audited,Annual,7674.559,,12067.656,,,,,34063.295,,,,,15648.746,,,,,184578.538,,349222.717,,,,533.529,,22812.222,437.032,,,,24767.576,
TOYOTA OF RICHARDSON  42202,T001T42202,NAICS,4411,,,USA,TX,UDS 4.0,2024-03-31,USD,Thousands,Consolidated,US GAAP,Audited,Annual,,,,,,,,,,,,,,,,,,,,327880.567,,,,,,23632.129,,,,,,
PRICE LEBLANC TOYOTA  17014,T001T17014,NAICS,4411,,,USA,LA,UDS 4.0,2025-03-31,USD,Thousands,Consolidated,US GAAP,Audited,Annual,11978.113,,7860.838,,,,,31181.743,,,,,23956.922,,,,,11127.156,,123394.084,,,,711.491,,2021.187,430.394,,,,4452.168,
PRICE LEBLANC TOYOTA  17014,T001T17014,NAICS,4411,,,USA,LA,UDS 4.0,2024-03-31,USD,Thousands,Consolidated,US GAAP,Audited,Annual,,,,,,,,,,,,,,,,,,,,126468.007,,,,,,1718.415,,,,,,
TOYOTA OF REDLANDS  04333,T001T04333,NAICS,4411,,,USA,CA,UDS 4.0,2025-03-31,USD,Thousands,Consolidated,US GAAP,Audited,Annual,6296.632,,3183.159,,,,,21036.321,,,,,7997.334,,,,,10991.13,,150644.28,,,,727.458,,5043.62,353.43,,,,5843.217,
TOYOTA OF REDLANDS  04333,T001T04333,NAICS,4411,,,USA,CA,UDS 4.0,2024-03-31,USD,Thousands,Consolidated,US GAAP,Audited,Annual,,,,,,,,,,,,,,,,,,,,144335.818,,,,,,5273.862,,,,,,
CLASSIC LEXUS  63404,T001T63404,NAICS,4411,,,USA,OH,UDS 4.0,2025-03-31,USD,Thousands,Consolidated,US GAAP,Audited,Annual,13635.44,,4258.877,,,,,28173.944,,,,,10416.816,,,,,13298.865,,82013.565,,,,729.372,,1465.368,678.71,,,,2574.257,
CLASSIC LEXUS  63404,T001T63404,NAICS,4411,,,USA,OH,UDS 4.0,2024-03-31,USD,Thousands,Consolidated,US GAAP,Audited,Annual,,,,,,,,,,,,,,,,,,,,72705.661,,,,,,1575.157,,,,,,
LOYALTY CHEVY CADILLAC  45641  BUICK GMC  45XXX,T001T45641,NAICS,4411,,,USA,VA,UDS 4.0,2024-04-30,USD,Thousands,Consolidated,US GAAP,Audited,Annual,66.994,,3878.837,,,,,12685.933,,,,,1832.27,,,,,4446.917,,29273.55,,,,364.551,,-306.712,31.202,,,,352.835,
LOYALTY CHEVY CADILLAC  45641  BUICK GMC  45XXX,T001T45641,NAICS,4411,,,USA,VA,UDS 4.0,2023-04-30,USD,Thousands,Consolidated,US GAAP,Audited,Annual,,,,,,,,,,,,,,,,,,,,33452.306,,,,,,835.986,,,,,,
TOYOTA OF DES MOINES  14044,T001T14044,NAICS,4411,,,USA,IA,UDS 4.0,2025-03-31,USD,Thousands,Consolidated,US GAAP,Audited,Annual,7205.347,,3613.225,,,,,18215.783,,,,,2845.257,,,,,6782.428,,133546.211,,,,737.188,,4236.143,710.828,,,,6651.803,
TOYOTA OF DES MOINES  14044,T001T14044,NAICS,4411,,,USA,IA,UDS 4.0,2024-03-31,USD,Thousands,Consolidated,US GAAP,Audited,Annual,,,,,,,,,,,,,,,,,,,,142148.494,,,,,,5842.98,,,,,,
MAGUIRE CDJR OF WATKINS GLEN  31404,T001T31404,NAICS,4411,,,USA,NY,UDS 4.0,2025-03-31,USD,Thousands,Consolidated,US GAAP,Audited,Annual,124.919,,1709.8,,,,,4135.335,,,,,1671.687,,,,,-118.363,,11485.931,,,,2.214,,-655.167,116.906,,,,112.288,
MAGUIRE CDJR OF WATKINS GLEN  31404,T001T31404,NAICS,4411,,,USA,NY,UDS 4.0,2024-03-31,USD,Thousands,Consolidated,US GAAP,Audited,Annual,,,,,,,,,,,,,,,,,,,,15824.944,,,,,,-199.191,,,,,,
BALISE AUTOMOTIVE GROUP  00700  10K 10Q,T001T00700,NAICS,4411,,,USA,TX,UDS 4.0,2025-03-31,USD,Thousands,Consolidated,US GAAP,Audited,Annual,76065.571,,171626.098,,,,,455503.983,,,,,196598.932,,,,,142722.978,,1291194.075,,,,8755.265,,14818.003,1783.539,,,,35003.645,
BALISE AUTOMOTIVE GROUP  00700  10K 10Q,T001T00700,NAICS,4411,,,USA,TX,UDS 4.0,2024-03-31,USD,Thousands,Consolidated,US GAAP,Audited,Annual,,,,,,,,,,,,,,,,,,,,1258974.3,,,,,,26138.736,,,,,,
ROMANO TOYOTA  31115,T001T31115,NAICS,4411,,,USA,NY,UDS 4.0,2025-03-31,USD,Thousands,Consolidated,US GAAP,Audited,Annual,3271.577,,6147.471,,,,,13787.282,,,,,8876.321,,,,,44956.4,,153605.866,,,,692.274,,6165.979,641.247,,,,9113.279,
ROMANO TOYOTA  31115,T001T31115,NAICS,4411,,,USA,NY,UDS 4.0,2024-03-31,USD,Thousands,Consolidated,US GAAP,Audited,Annual,,,,,,,,,,,,,,,,,,,,149595.566,,,,,,6020.122,,,,,,
PRIORITY TOYOTA,T001T45062,NAICS,4411,,,USA,VA,UDS 4.0,2023-05-31,USD,Thousands,Consolidated,US GAAP,Audited,Annual,3845.681,,5531.351,,,,,18972.542,,,,,8219.536,,,,,36195.011,,196961.0208,,,,1130.7144,,16500.6576,752.9952,,,,21857.7792,
PRIORITY TOYOTA,T001T45062,NAICS,4411,,,USA,VA,UDS 4.0,2022-05-31,USD,Thousands,Consolidated,US GAAP,Audited,Annual,,,,,,,,,,,,,,,,,,,,220010.203,,,,,,19799.918,,,,,,
ROUTE 1 HYUNDAI  29803,T001T29803,NAICS,4411,,,USA,NJ,UDS 4.0,2025-03-31,USD,Thousands,Consolidated,US GAAP,Audited,Annual,9137.814,,11667.624,,,,,30347.746,,,,,11356.374,,,,,11045.69,,72890.994,,,,649.522,,-1065.954,226.305,,,,3539.978,
ROUTE 1 HYUNDAI  29803,T001T29803,NAICS,4411,,,USA,NJ,UDS 4.0,2024-03-31,USD,Thousands,Consolidated,US GAAP,Audited,Annual,,,,,,,,,,,,,,,,,,,,56381.371,,,,,,33.309,,,,,,
ROSWELL TOYOTA  30041,T001T30041,NAICS,4411,,,USA,NM,UDS 4.0,2025-03-31,USD,Thousands,Consolidated,US GAAP,Audited,Annual,587.841,,3676.255,,,,,7589.548,,,,,4575.083,,,,,0.001,,47161.468,,,,139.676,,616.785,100.974,,,,1234.258,
ROSWELL TOYOTA  30041,T001T30041,NAICS,4411,,,USA,NM,UDS 4.0,2024-03-31,USD,Thousands,Consolidated,US GAAP,Audited,Annual,,,,,,,,,,,,,,,,,,,,45887.433,,,,,,443.123,,,,,,
MENDENHALL CHRYSLER DODGE JEEP RAM  50905,T001T50905,NAICS,4411,,,USA,AK,UDS 4.0,2022-12-31,USD,Thousands,Consolidated,US GAAP,Audited,Annual,715.528,,1400.796,,,,,3194.716,,,,,1495.968,,,,,1466.197,,14150.391,,,,65.518,,293.785,38.181,,,,348.056,
MENDENHALL CHRYSLER DODGE JEEP RAM  50905,T001T50905,NAICS,4411,,,USA,AK,UDS 4.0,2021-12-31,USD,Thousands,Consolidated,US GAAP,Audited,Annual,,,,,,,,,,,,,,,,,,,,12983.745,,,,,,92.562,,,,,,
MCGEE TOYOTA  20063,T001T20063,NAICS,4411,,,USA,MA,UDS 4.0,2025-03-31,USD,Thousands,Consolidated,US GAAP,Audited,Annual,506.431,,8334.464,,,,,16224.444,,,,,9797.667,,,,,13724.444,,85082.158,,,,400.907,,3355.908,141.69,,,,4934.217,
MCGEE TOYOTA  20063,T001T20063,NAICS,4411,,,USA,MA,UDS 4.0,2024-03-31,USD,Thousands,Consolidated,US GAAP,Audited,Annual,,,,,,,,,,,,,,,,,,,,77718.461,,,,,,4520.659,,,,,,
SANSONE CHRY JEEP DODGE  29684,T001T29684,NAICS,4411,,,USA,NJ,UDS 4.0,2025-03-31,USD,Thousands,Consolidated,US GAAP,Audited,Annual,11526.922,,4238.336,,,,,20104.498,,,,,3408.082,,,,,13656.223,,61400.223,,,,221.048,,-1695.388,231.525,,,,457.262,
SANSONE CHRY JEEP DODGE  29684,T001T29684,NAICS,4411,,,USA,NJ,UDS 4.0,2024-03-31,USD,Thousands,Consolidated,US GAAP,Audited,Annual,,,,,,,,,,,,,,,,,,,,70819.888,,,,,,1562.123,,,,,,
ALBANY TOYOTA  36108,T001T36108,NAICS,4411,,,USA,OR,UDS 4.0,2025-03-31,USD,Thousands,Consolidated,US GAAP,Audited,Annual,721.293,,4615.332,,,,,17749.134,,,,,4250.349,,,,,1117.665,,55535.449,,,,130.076,,-645.397,353.258,,,,1255.123,
ALBANY TOYOTA  36108,T001T36108,NAICS,4411,,,USA,OR,UDS 4.0,2024-03-31,USD,Thousands,Consolidated,US GAAP,Audited,Annual,,,,,,,,,,,,,,,,,,,,43568.56,,,,,,-930.148,,,,,,
MARION SUBARU  12755  INCLUDED 12903 THROUGH 12 16,T001T12755,NAICS,4411,,,USA,IL,UDS 4.0,2025-03-31,USD,Thousands,Consolidated,US GAAP,Audited,Annual,488.314,,2425.808,,,,,4400.044,,,,,2470.181,,,,,-335.171,,25747.612,,,,25.193,,432.353,85.401,,,,693.525,
MARION SUBARU  12755  INCLUDED 12903 THROUGH 12 16,T001T12755,NAICS,4411,,,USA,IL,UDS 4.0,2024-03-31,USD,Thousands,Consolidated,US GAAP,Audited,Annual,,,,,,,,,,,,,,,,,,,,23721.005,,,,,,677.75,,,,,,
MCGEE HYUNDAI OF LEBANON  28601,T001T28601,NAICS,4411,,,USA,NH,UDS 4.0,2024-12-31,USD,Thousands,Consolidated,US GAAP,Audited,Annual,219.944,,5465.142,,,,,6688.726,,,,,5798.366,,,,,0.0,,14246.97,,,,47.366,,-1043.078,27.193,,,,0.0,
SANSONE TOYOTA  29075,T001T29075,NAICS,4411,,,USA,NJ,UDS 4.0,2025-03-31,USD,Thousands,Consolidated,US GAAP,Audited,Annual,47577.132,,8192.865,,,,,61890.833,,,,,10465.306,,,,,47219.594,,163112.636,,,,840.758,,2960.647,653.391,,,,11183.705,
SANSONE TOYOTA  29075,T001T29075,NAICS,4411,,,USA,NJ,UDS 4.0,2024-03-31,USD,Thousands,Consolidated,US GAAP,Audited,Annual,,,,,,,,,,,,,,,,,,,,160388.154,,,,,,4713.116,,,,,,
SWICKARD HONDA  36789,T001T36789,NAICS,4411,,,USA,OR,UDS 4.0,2025-03-31,USD,Thousands,Consolidated,US GAAP,Audited,Annual,1858.038,,8591.16,,,,,20047.735,,,,,11321.03,,,,,-4466.664,,72214.436,,,,302.941,,-2595.697,248.807,,,,0.0,
SWICKARD HONDA  36789,T001T36789,NAICS,4411,,,USA,OR,UDS 4.0,2024-03-31,USD,Thousands,Consolidated,US GAAP,Audited,Annual,,,,,,,,,,,,,,,,,,,,60982.025,,,,,,-3066.482,,,,,,
DEL TOYOTA  37112,T001T37112,NAICS,4411,,,USA,PA,UDS 4.0,2025-03-31,USD,Thousands,Consolidated,US GAAP,Audited,Annual,16248.61,,8624.502,,,,,30114.045,,,,,11919.765,,,,,25023.659,,194757.382,,,,690.888,,1618.04,690.888,,,,7758.587,
DEL TOYOTA  37112,T001T37112,NAICS,4411,,,USA,PA,UDS 4.0,2024-03-31,USD,Thousands,Consolidated,US GAAP,Audited,Annual,,,,,,,,,,,,,,,,,,,,190232.086,,,,,,3556.13,,,,,,
RED MCCOMBS TOYOTA  42201,T001T42201,NAICS,4411,,,USA,TX,UDS 4.0,2025-03-31,USD,Thousands,Consolidated,US GAAP,Audited,Annual,11853.258,,10035.801,,,,,29490.079,,,,,18911.022,,,,,0.0,,241590.059,,,,659.304,,4847.394,311.505,,,,8465.22,
RED MCCOMBS TOYOTA  42201,T001T42201,NAICS,4411,,,USA,TX,UDS 4.0,2024-03-31,USD,Thousands,Consolidated,US GAAP,Audited,Annual,,,,,,,,,,,,,,,,,,,,228669.844,,,,,,4726.088,,,,,,
HONDA OF SEATTLE  46961,T001T46961,NAICS,4411,,,USA,WA,UDS 4.0,2022-04-30,USD,Thousands,Consolidated,US GAAP,Audited,Annual,3941.309,,3421.68,,,,,12116.265,,,,,3514.346,,,,,4149.826,,74369.409,,,,441.947,,2270.876,248.122,,,,3158.922,
HONDA OF SEATTLE  46961,T001T46961,NAICS,4411,,,USA,WA,UDS 4.0,2021-04-30,USD,Thousands,Consolidated,US GAAP,Audited,Annual,,,,,,,,,,,,,,,,,,,,66514.566,,,,,,629.081,,,,,,
TOYOTA OF MURFREESBORO  41079,T001T41079,NAICS,4411,,,USA,TN,UDS 4.0,2025-03-31,USD,Thousands,Consolidated,US GAAP,Audited,Annual,1805.12,,9775.016,,,,,18369.811,,,,,10416.038,,,,,89.959,,154097.745,,,,874.039,,6079.423,461.506,,,,11840.099,
TOYOTA OF MURFREESBORO  41079,T001T41079,NAICS,4411,,,USA,TN,UDS 4.0,2024-03-31,USD,Thousands,Consolidated,US GAAP,Audited,Annual,,,,,,,,,,,,,,,,,,,,142020.559,,,,,,7391.576,,,,,,
HAMPTON TOYOTA  17065,T001T17065,NAICS,4411,,,USA,LA,UDS 4.0,2025-03-31,USD,Thousands,Consolidated,US GAAP,Audited,Annual,4788.664,,5625.998,,,,,23067.429,,,,,3883.689,,,,,12774.961,,77935.518,,,,784.083,,690.021,325.383,,,,2584.482,
HAMPTON TOYOTA  17065,T001T17065,NAICS,4411,,,USA,LA,UDS 4.0,2024-03-31,USD,Thousands,Consolidated,US GAAP,Audited,Annual,,,,,,,,,,,,,,,,,,,,76096.848,,,,,,620.171,,,,,,
TOYOTA OF FORT WORTH  42347,T001T42347,NAICS,4411,,,USA,TX,UDS 4.0,2025-03-31,USD,Thousands,Consolidated,US GAAP,Audited,Annual,3519.732,,6628.967,,,,,41849.238,,,,,10397.109,,,,,6803.71,,171058.325,,,,636.825,,3477.037,130.85,,,,8954.097,
TOYOTA OF FORT WORTH  42347,T001T42347,NAICS,4411,,,USA,TX,UDS 4.0,2024-03-31,USD,Thousands,Consolidated,US GAAP,Audited,Annual,,,,,,,,,,,,,,,,,,,,161831.993,,,,,,3849.116,,,,,,
GMC OF HERMISTON  36721,T001T36721,NAICS,4411,,,USA,OR,UDS 4.0,2025-03-31,USD,Thousands,Consolidated,US GAAP,Audited,Annual,713.636,,5095.27,,,,,9090.649,,,,,5955.339,,,,,354.282,,37671.848,,,,183.772,,1000.076,29.272,,,,1224.272,
MCLARTY AUTOMOTIVE GROUP  00556  10K 10Q,T001T00556,NAICS,4411,,,USA,TX,UDS 4.0,2024-12-31,USD,Thousands,Consolidated,US GAAP,Audited,Annual,34921.67,,307698.549,,,,,863750.455,,,,,336472.604,,,,,299027.269,,2126044.646,,,,7703.803,,66503.705,11961.541,,,,68375.772,
MCLARTY AUTOMOTIVE GROUP  00556  10K 10Q,T001T00556,NAICS,4411,,,USA,TX,UDS 4.0,2023-12-31,USD,Thousands,Consolidated,US GAAP,Audited,Annual,,,,,,,,,,,,,,,,,,,,2099585.963,,,,,,92839.731,,,,,,
ARLINGTON TOYOTA  12102,T001T12102,NAICS,4411,,,USA,IL,UDS 4.0,2025-03-31,USD,Thousands,Consolidated,US GAAP,Audited,Annual,6939.183,,3068.064,,,,,30782.479,,,,,6553.357,,,,,10721.8,,100289.943,,,,450.184,,5371.767,349.16,,,,8273.381,
ARLINGTON TOYOTA  12102,T001T12102,NAICS,4411,,,USA,IL,UDS 4.0,2024-03-31,USD,Thousands,Consolidated,US GAAP,Audited,Annual,,,,,,,,,,,,,,,,,,,,108084.936,,,,,,7268.711,,,,,,
PRESTIGE TOYOTA  31112  HYUNDAI  31979,T001T31112,NAICS,4411,,,USA,NY,UDS 4.0,2025-03-31,USD,Thousands,Consolidated,US GAAP,Audited,Annual,4805.674,,12626.555,,,,,21827.622,,,,,13864.876,,,,,2484.894,,82574.385,,,,295.079,,1489.757,194.445,,,,1388.921,
PRESTIGE TOYOTA  31112  HYUNDAI  31979,T001T31112,NAICS,4411,,,USA,NY,UDS 4.0,2024-03-31,USD,Thousands,Consolidated,US GAAP,Audited,Annual,,,,,,,,,,,,,,,,,,,,78306.507,,,,,,1911.268,,,,,,
THOMPSON S HONDA  13875,T001T13875,NAICS,4411,,,USA,IN,UDS 4.0,2025-03-31,USD,Thousands,Consolidated,US GAAP,Audited,Annual,2300.402,,3320.449,,,,,7644.162,,,,,2087.788,,,,,3848.184,,26927.034,,,,39.776,,613.757,16.549,,,,1077.705,
THOMPSON S HONDA  13875,T001T13875,NAICS,4411,,,USA,IN,UDS 4.0,2024-03-31,USD,Thousands,Consolidated,US GAAP,Audited,Annual,,,,,,,,,,,,,,,,,,,,24580.68,,,,,,721.193,,,,,,
O BRIEN LEXUS OF PEORIA,T001T61210,NAICS,4411,,,USA,IL,UDS 4.0,2023-03-31,USD,Thousands,Consolidated,US GAAP,Audited,Annual,3286.938,,2321.522,,,,,13224.784,,,,,2979.327,,,,,1911.255,,44964.104,,,,456.776,,-340.772,169.212,,,,1319.612,
O BRIEN LEXUS OF PEORIA,T001T61210,NAICS,4411,,,USA,IL,UDS 4.0,2022-03-31,USD,Thousands,Consolidated,US GAAP,Audited,Annual,,,,,,,,,,,,,,,,,,,,51475.045,,,,,,702.08,,,,,,
MALLOY TOYOTA  45089,T001T45089,NAICS,4411,,,USA,VA,UDS 4.0,2025-03-31,USD,Thousands,Consolidated,US GAAP,Audited,Annual,15749.371,,5714.202,,,,,29373.343,,,,,8997.539,,,,,21151.243,,119888.942,,,,362.974,,1746.079,331.99,,,,5719.741,
MALLOY TOYOTA  45089,T001T45089,NAICS,4411,,,USA,VA,UDS 4.0,2024-03-31,USD,Thousands,Consolidated,US GAAP,Audited,Annual,,,,,,,,,,,,,,,,,,,,121901.473,,,,,,2939.739,,,,,,
HERB CHAMBERS TOY OF BSTN  20126,T001T20126,NAICS,4411,,,USA,MA,UDS 4.0,2025-03-31,USD,Thousands,Consolidated,US GAAP,Audited,Annual,1894.958,,2400.822,,,,,19845.376,,,,,2207.655,,,,,12765.6,,56645.086,,,,219.872,,1369.167,5.055,,,,2880.831,
HERB CHAMBERS TOY OF BSTN  20126,T001T20126,NAICS,4411,,,USA,MA,UDS 4.0,2024-03-31,USD,Thousands,Consolidated,US GAAP,Audited,Annual,,,,,,,,,,,,,,,,,,,,54201.463,,,,,,2020.463,,,,,,
KIA DE HUMACAO  59992,T001T59992,NAICS,4411,,,USA,,UDS 4.0,2025-03-31,USD,Thousands,Consolidated,US GAAP,Audited,Annual,1775.90288,,12344.03962,,,,,24146.64778,,,,,9958.44399,,,,,5893.7012,,19031.15589,,,,105.01485,,-192.50595,0.0,,,,604.76793,
KIA DE HUMACAO  59992,T001T59992,NAICS,4411,,,USA,,UDS 4.0,2024-03-31,USD,Thousands,Consolidated,US GAAP,Audited,Annual,,,,,,,,,,,,,,,,,,,,18405.683,,,,,,449.184,,,,,,
LAKE CHARLES TOYOTA,T001T17060,NAICS,4411,,,USA,LA,UDS 4.0,2025-03-31,USD,Thousands,Consolidated,US GAAP,Audited,Annual,484.119,,7624.659,,,,,13956.743,,,,,9853.237,,,,,1714.27,,121243.786,,,,678.676,,-1795.207,6.519,,,,442.226,
LAKE CHARLES TOYOTA,T001T17060,NAICS,4411,,,USA,LA,UDS 4.0,2024-03-31,USD,Thousands,Consolidated,US GAAP,Audited,Annual,,,,,,,,,,,,,,,,,,,,117941.269,,,,,,-1108.305,,,,,,
SAN FRANCISCO TOYOTA  04088,T001T04088,NAICS,4411,,,USA,CA,UDS 4.0,2025-03-31,USD,Thousands,Consolidated,US GAAP,Audited,Annual,6003.739,,7857.136,,,,,30840.012,,,,,13959.476,,,,,17725.465,,254066.375,,,,1321.43,,7073.859,744.135,,,,9218.923,
SAN FRANCISCO TOYOTA  04088,T001T04088,NAICS,4411,,,USA,CA,UDS 4.0,2024-03-31,USD,Thousands,Consolidated,US GAAP,Audited,Annual,,,,,,,,,,,,,,,,,,,,254445.693,,,,,,7874.631,,,,,,
GALESBURG TOYOTA,T001T12158,NAICS,4411,,,USA,IL,UDS 4.0,2021-04-30,USD,Thousands,Consolidated,US GAAP,Audited,Annual,950.715,,2787.682,,,,,5532.679,,,,,3136.275,,,,,-1351.257,,25937.901,,,,102.624,,200.247,38.874,,,,753.363,
GALESBURG TOYOTA,T001T12158,NAICS,4411,,,USA,IL,UDS 4.0,2020-04-30,USD,Thousands,Consolidated,US GAAP,Audited,Annual,,,,,,,,,,,,,,,,,,,,24229.282,,,,,,-1467.426,,,,,,
ROSEVILLE TOYOTA  04421,T001T04421,NAICS,4411,,,USA,CA,UDS 4.0,2021-12-31,USD,Thousands,Consolidated,US GAAP,Audited,Annual,33584.125,,17213.202,,,,,73581.101,,,,,12511.039,,,,,16224.035,,393045.084,,,,2093.549,,32585.182,1471.5,,,,42575.027,
ROSEVILLE TOYOTA  04421,T001T04421,NAICS,4411,,,USA,CA,UDS 4.0,2020-12-31,USD,Thousands,Consolidated,US GAAP,Audited,Annual,,,,,,,,,,,,,,,,,,,,317419.888,,,,,,13285.706,,,,,,
HARBOR CHRYSLER JEEP DODGE  46702,T001T46702,NAICS,4411,,,USA,WA,UDS 4.0,2025-03-31,USD,Thousands,Consolidated,US GAAP,Audited,Annual,802.741,,2944.842,,,,,4214.22,,,,,2744.416,,,,,3828.544,,14533.875,,,,51.059,,76.711,76.259,,,,76.711,
HARBOR CHRYSLER JEEP DODGE  46702,T001T46702,NAICS,4411,,,USA,WA,UDS 4.0,2024-03-31,USD,Thousands,Consolidated,US GAAP,Audited,Annual,,,,,,,,,,,,,,,,,,,,14619.899,,,,,,88.498,,,,,,
TOYOTA OF WARSAW  13073,T001T13073,NAICS,4411,,,USA,IN,UDS 4.0,2025-03-31,USD,Thousands,Consolidated,US GAAP,Audited,Annual,664.265,,2843.92,,,,,4498.972,,,,,2684.858,,,,,676.689,,23335.69,,,,19.77,,-229.487,9.895,,,,90.812,
TOYOTA OF WARSAW  13073,T001T13073,NAICS,4411,,,USA,IN,UDS 4.0,2024-03-31,USD,Thousands,Consolidated,US GAAP,Audited,Annual,,,,,,,,,,,,,,,,,,,,25764.07,,,,,,-40.397,,,,,,
TOYOTA OF HOPKINSVILLE  16044,T001T16044,NAICS,4411,,,USA,KY,UDS 4.0,2025-03-31,USD,Thousands,Consolidated,US GAAP,Audited,Annual,5772.63,,5488.331,,,,,20173.756,,,,,10647.284,,,,,8765.967,,57342.559,,,,79.819,,276.903,58.455,,,,1637.757,
TOYOTA OF HOPKINSVILLE  16044,T001T16044,NAICS,4411,,,USA,KY,UDS 4.0,2024-03-31,USD,Thousands,Consolidated,US GAAP,Audited,Annual,,,,,,,,,,,,,,,,,,,,61212.589,,,,,,1702.656,,,,,,
WESTBURY TOYOTA  31181,T001T31181,NAICS,4411,,,USA,NY,UDS 4.0,2025-03-31,USD,Thousands,Consolidated,US GAAP,Audited,Annual,12113.07,,17719.772,,,,,49964.147,,,,,21406.797,,,,,36815.262,,229833.484,,,,1547.591,,6569.682,613.135,,,,12742.017,
WESTBURY TOYOTA  31181,T001T31181,NAICS,4411,,,USA,NY,UDS 4.0,2024-03-31,USD,Thousands,Consolidated,US GAAP,Audited,Annual,,,,,,,,,,,,,,,,,,,,200649.613,,,,,,8241.206,,,,,,
JIM HUDSON INFINITI OF AUGUSTA  10839,T001T10839,NAICS,4411,,,USA,GA,UDS 4.0,2023-06-30,USD,Thousands,Consolidated,US GAAP,Audited,Annual,1367.704,,6202.488,,,,,10022.51,,,,,2835.859,,,,,-193.207,,29597.284,,,,285.272,,-1120.406,27.697,,,,0.0,
JIM HUDSON INFINITI OF AUGUSTA  10839,T001T10839,NAICS,4411,,,USA,GA,UDS 4.0,2022-06-30,USD,Thousands,Consolidated,US GAAP,Audited,Annual,,,,,,,,,,,,,,,,,,,,27037.49,,,,,,-0.072,,,,,,
ROGERS TOYOTA  11028,T001T11028,NAICS,4411,,,USA,ID,UDS 4.0,2025-03-31,USD,Thousands,Consolidated,US GAAP,Audited,Annual,6047.941,,9519.209,,,,,25759.863,,,,,2479.673,,,,,22411.237,,120887.434,,,,627.585,,5414.845,440.414,,,,6268.816,
ROGERS TOYOTA  11028,T001T11028,NAICS,4411,,,USA,ID,UDS 4.0,2024-03-31,USD,Thousands,Consolidated,US GAAP,Audited,Annual,,,,,,,,,,,,,,,,,,,,123369.424,,,,,,6556.175,,,,,,
GIRARD FORD  06929,T001T06929,NAICS,4411,,,USA,CT,UDS 4.0,2025-03-31,USD,Thousands,Consolidated,US GAAP,Audited,Annual,456.164,,4997.433,,,,,6103.398,,,,,3089.208,,,,,1071.883,,26744.881,,,,0.465,,639.057,152.551,,,,828.12,
GIRARD FORD  06929,T001T06929,NAICS,4411,,,USA,CT,UDS 4.0,2024-03-31,USD,Thousands,Consolidated,US GAAP,Audited,Annual,,,,,,,,,,,,,,,,,,,,25745.923,,,,,,774.162,,,,,,
TOYOTA OF SAN BERNARDINO  04061,T001T04061,NAICS,4411,,,USA,CA,UDS 4.0,2025-03-31,USD,Thousands,Consolidated,US GAAP,Audited,Annual,27273.449,,10403.63,,,,,61054.817,,,,,16324.042,,,,,44629.79,,249433.9,,,,1745.355,,-132.686,1024.783,,,,9357.007,
TOYOTA OF SAN BERNARDINO  04061,T001T04061,NAICS,4411,,,USA,CA,UDS 4.0,2024-03-31,USD,Thousands,Consolidated,US GAAP,Audited,Annual,,,,,,,,,,,,,,,,,,,,252017.724,,,,,,347.413,,,,,,
GENESIS OF BROOKLYN  31401  SAME LEGAL ENT AS  31465 SEPARATE F S APRV  BY CAT ON 09 07 22,T001T31401,NAICS,4411,,,USA,NY,UDS 4.0,2025-03-31,USD,Thousands,Consolidated,US GAAP,Audited,Annual,629.321,,6436.73,,,,,13572.451,,,,,9306.549,,,,,-2466.413,,49857.071,,,,2.535,,-3179.961,506.131,,,,0.0,
GENESIS OF BROOKLYN  31401  SAME LEGAL ENT AS  31465 SEPARATE F S APRV  BY CAT ON 09 07 22,T001T31401,NAICS,4411,,,USA,NY,UDS 4.0,2024-03-31,USD,Thousands,Consolidated,US GAAP,Audited,Annual,,,,,,,,,,,,,,,,,,,,38760.565,,,,,,556.321,,,,,,
MICHAEL S TOY BELLEVUE,T001T46050,NAICS,4411,,,USA,WA,UDS 4.0,2021-06-30,USD,Thousands,Consolidated,US GAAP,Audited,Annual,20987.09,,7353.297,,,,,54429.649,,,,,27352.529,,,,,22533.343,,265168.21,,,,333.562,,14754.774,143.726,,,,18627.064,
MICHAEL S TOY BELLEVUE,T001T46050,NAICS,4411,,,USA,WA,UDS 4.0,2020-06-30,USD,Thousands,Consolidated,US GAAP,Audited,Annual,,,,,,,,,,,,,,,,,,,,216444.912,,,,,,1779.212,,,,,,
ANTIOCH CHRY JEEP DODGE  54653,T001T54653,NAICS,4411,,,USA,CA,UDS 4.0,2025-03-31,USD,Thousands,Consolidated,US GAAP,Audited,Annual,9281.651,,3366.492,,,,,18744.823,,,,,6373.712,,,,,12022.052,,45150.36,,,,157.793,,-1625.65,277.77,,,,0.0,
ANTIOCH CHRY JEEP DODGE  54653,T001T54653,NAICS,4411,,,USA,CA,UDS 4.0,2024-03-31,USD,Thousands,Consolidated,US GAAP,Audited,Annual,,,,,,,,,,,,,,,,,,,,56513.457,,,,,,-764.913,,,,,,
COGGINS HONDA BENNINGTON  44901,T001T44901,NAICS,4411,,,USA,VT,UDS 4.0,2025-03-31,USD,Thousands,Consolidated,US GAAP,Audited,Annual,804.975,,2902.304,,,,,4842.871,,,,,3496.445,,,,,0.0,,30298.952,,,,61.022,,-352.356,29.113,,,,135.028,
COGGINS HONDA BENNINGTON  44901,T001T44901,NAICS,4411,,,USA,VT,UDS 4.0,2024-03-31,USD,Thousands,Consolidated,US GAAP,Audited,Annual,,,,,,,,,,,,,,,,,,,,23771.183,,,,,,-477.197,,,,,,
FREEMAN LEXUS  60431    SAME STATEMENT AS FREEMAN TOYOTA  04070,T001T60431,NAICS,4411,,,USA,CA,UDS 4.0,2025-03-31,USD,Thousands,Consolidated,US GAAP,Audited,Annual,25407.796,,8482.966,,,,,44485.371,,,,,17373.851,,,,,31308.268,,219535.049,,,,1147.867,,15073.69,1064.649,,,,18667.523,
FREEMAN LEXUS  60431    SAME STATEMENT AS FREEMAN TOYOTA  04070,T001T60431,NAICS,4411,,,USA,CA,UDS 4.0,2024-03-31,USD,Thousands,Consolidated,US GAAP,Audited,Annual,,,,,,,,,,,,,,,,,,,,230618.237,,,,,,16531.579,,,,,,
NELSON TOYOTA  45087,T001T45087,NAICS,4411,,,USA,VA,UDS 4.0,2025-03-31,USD,Thousands,Consolidated,US GAAP,Audited,Annual,4024.338,,4625.872,,,,,13528.598,,,,,4192.508,,,,,5914.804,,29264.411,,,,109.776,,-764.761,160.895,,,,0.0,
NELSON TOYOTA  45087,T001T45087,NAICS,4411,,,USA,VA,UDS 4.0,2024-03-31,USD,Thousands,Consolidated,US GAAP,Audited,Annual,,,,,,,,,,,,,,,,,,,,34728.828,,,,,,-135.51,,,,,,
LAKESIDE TOYOTA  17050,T001T17050,NAICS,4411,,,USA,LA,UDS 4.0,2025-03-31,USD,Thousands,Consolidated,US GAAP,Audited,Annual,2203.971,,4499.578,,,,,14060.914,,,,,6156.052,,,,,12032.457,,126366.303,,,,497.779,,359.408,402.229,,,,3109.788,
LAKESIDE TOYOTA  17050,T001T17050,NAICS,4411,,,USA,LA,UDS 4.0,2024-03-31,USD,Thousands,Consolidated,US GAAP,Audited,Annual,,,,,,,,,,,,,,,,,,,,139165.492,,,,,,1941.961,,,,,,
HATCH TOYOTA  02038,T001T02038,NAICS,4411,,,USA,AZ,UDS 4.0,2025-03-31,USD,Thousands,Consolidated,US GAAP,Audited,Annual,6602.449,,4930.238,,,,,24597.801,,,,,7414.637,,,,,17334.658,,133161.93,,,,494.486,,2917.76,478.901,,,,6163.538,
HATCH TOYOTA  02038,T001T02038,NAICS,4411,,,USA,AZ,UDS 4.0,2024-03-31,USD,Thousands,Consolidated,US GAAP,Audited,Annual,,,,,,,,,,,,,,,,,,,,124966.854,,,,,,3952.122,,,,,,
INFINITI CITY OF MASSAPEQUA  31422,T001T31422,NAICS,4411,,,USA,NY,UDS 4.0,2024-07-31,USD,Thousands,Consolidated,US GAAP,Audited,Annual,864.05,,4869.052,,,,,10401.978,,,,,5762.425,,,,,0.0,,26130.646285714,,,,100.945714286,,-1146.363428571,82.477714286,,,,0.0,
FRANKFORT  GLENN  TOYOTA  16061,T001T16061,NAICS,4411,,,USA,KY,UDS 4.0,2025-03-31,USD,Thousands,Consolidated,US GAAP,Audited,Annual,2479.814,,3343.575,,,,,9516.119,,,,,2538.01,,,,,8224.448,,57964.399,,,,288.189,,830.819,187.524,,,,1915.773,
FRANKFORT  GLENN  TOYOTA  16061,T001T16061,NAICS,4411,,,USA,KY,UDS 4.0,2024-03-31,USD,Thousands,Consolidated,US GAAP,Audited,Annual,,,,,,,,,,,,,,,,,,,,55750.878,,,,,,1400.411,,,,,,
MONKEN TOYOTA OF MT  VERNON  12162  BUICK GMC  12819 TRMNTD 111021,T001T12162,NAICS,4411,,,USA,IL,UDS 4.0,2025-03-31,USD,Thousands,Consolidated,US GAAP,Audited,Annual,815.214,,1468.61,,,,,4211.207,,,,,842.16,,,,,335.883,,23830.185,,,,251.982,,997.012,128.886,,,,1543.303,
MONKEN TOYOTA OF MT  VERNON  12162  BUICK GMC  12819 TRMNTD 111021,T001T12162,NAICS,4411,,,USA,IL,UDS 4.0,2024-03-31,USD,Thousands,Consolidated,US GAAP,Audited,Annual,,,,,,,,,,,,,,,,,,,,23976.673,,,,,,1055.794,,,,,,
SMITHTOWN TOYOTA  31105,T001T31105,NAICS,4411,,,USA,NY,UDS 4.0,2025-03-31,USD,Thousands,Consolidated,US GAAP,Audited,Annual,798.405,,9345.759,,,,,14939.215,,,,,3131.155,,,,,8459.487,,107859.61,,,,423.75,,741.588,269.09,,,,2269.911,
SMITHTOWN TOYOTA  31105,T001T31105,NAICS,4411,,,USA,NY,UDS 4.0,2024-03-31,USD,Thousands,Consolidated,US GAAP,Audited,Annual,,,,,,,,,,,,,,,,,,,,108043.038,,,,,,2272.457,,,,,,
RUSTY WALLACE TOYOTA  41052,T001T41052,NAICS,4411,,,USA,TN,UDS 4.0,2025-03-31,USD,Thousands,Consolidated,US GAAP,Audited,Annual,1486.15,,4080.698,,,,,7048.681,,,,,3420.038,,,,,2359.52,,66449.173,,,,361.634,,1513.73,285.083,,,,0.0,
RUSTY WALLACE TOYOTA  41052,T001T41052,NAICS,4411,,,USA,TN,UDS 4.0,2024-03-31,USD,Thousands,Consolidated,US GAAP,Audited,Annual,,,,,,,,,,,,,,,,,,,,64507.508,,,,,,2328.822,,,,,,
JERRY S TOYOTA  19037,T001T19037,NAICS,4411,,,USA,MD,UDS 4.0,2025-03-31,USD,Thousands,Consolidated,US GAAP,Audited,Annual,10942.767,,11163.456,,,,,31156.344,,,,,9053.139,,,,,34026.874,,122322.798,,,,1463.781,,2818.668,510.674,,,,7400.074,
JERRY S TOYOTA  19037,T001T19037,NAICS,4411,,,USA,MD,UDS 4.0,2024-03-31,USD,Thousands,Consolidated,US GAAP,Audited,Annual,,,,,,,,,,,,,,,,,,,,138165.546,,,,,,6660.018,,,,,,
LEEP ENTERPRISES  00254  10K 10Q,T001T00254,NAICS,4411,,,USA,WI,UDS 4.0,2024-03-31,USD,Thousands,Consolidated,US GAAP,Audited,Annual,64313.378,,122458.179,,,,,382216.332,,,,,179916.105,,,,,160099.42,,1397619.484,,,,3610.384,,29618.92,10252.18,,,,34822.896,
ACURA OF WESTCHESTER  31480,T001T31480,NAICS,4411,,,USA,NY,UDS 4.0,2025-03-31,USD,Thousands,Consolidated,US GAAP,Audited,Annual,4531.01,,16671.153,,,,,40891.02,,,,,27434.51,,,,,10851.128,,120522.118,,,,457.819,,1494.91,202.034,,,,115.1,
ACURA OF WESTCHESTER  31480,T001T31480,NAICS,4411,,,USA,NY,UDS 4.0,2024-03-31,USD,Thousands,Consolidated,US GAAP,Audited,Annual,,,,,,,,,,,,,,,,,,,,135355.792,,,,,,2136.248,,,,,,
OXMOOR HYUNDAI  16798  GENESIS OF E LOUISVILLE  16880,T001T16798,NAICS,4411,,,USA,KY,UDS 4.0,2024-06-30,USD,Thousands,Consolidated,US GAAP,Audited,Annual,2891.938,,16229.142,,,,,27253.238,,,,,21471.946,,,,,-228.444,,110548.852,,,,417.514,,279.203,241.766,,,,1724.487,
OXMOOR HYUNDAI  16798  GENESIS OF E LOUISVILLE  16880,T001T16798,NAICS,4411,,,USA,KY,UDS 4.0,2023-06-30,USD,Thousands,Consolidated,US GAAP,Audited,Annual,,,,,,,,,,,,,,,,,,,,76198.466,,,,,,1324.204,,,,,,
LEWIS TOYOTA OF TOPEKA  15010,T001T15010,NAICS,4411,,,USA,KS,UDS 4.0,2025-03-31,USD,Thousands,Consolidated,US GAAP,Audited,Annual,458.79,,6005.099,,,,,15354.363,,,,,4945.195,,,,,9095.947,,83830.111,,,,361.318,,291.004,52.26,,,,1457.288,
LEWIS TOYOTA OF TOPEKA  15010,T001T15010,NAICS,4411,,,USA,KS,UDS 4.0,2024-03-31,USD,Thousands,Consolidated,US GAAP,Audited,Annual,,,,,,,,,,,,,,,,,,,,84361.69,,,,,,715.269,,,,,,
ROCK SPRINGS TOYOTA  49025,T001T49025,NAICS,4411,,,USA,WY,UDS 4.0,2025-03-31,USD,Thousands,Consolidated,US GAAP,Audited,Annual,2131.579,,6100.366,,,,,8726.321,,,,,5464.262,,,,,3058.762,,21336.694,,,,11.568,,-379.073,231.683,,,,0.0,
ROCK SPRINGS TOYOTA  49025,T001T49025,NAICS,4411,,,USA,WY,UDS 4.0,2024-03-31,USD,Thousands,Consolidated,US GAAP,Audited,Annual,,,,,,,,,,,,,,,,,,,,26478.341,,,,,,-511.052,,,,,,
TRI COUNTY LEXUS  62907,T001T62907,NAICS,4411,,,USA,NJ,UDS 4.0,2025-03-31,USD,Thousands,Consolidated,US GAAP,Audited,Annual,7337.158,,4245.089,,,,,18368.618,,,,,2737.893,,,,,16427.903,,125601.31,,,,1693.623,,2348.476,1489.971,,,,7830.674,
TRI COUNTY LEXUS  62907,T001T62907,NAICS,4411,,,USA,NJ,UDS 4.0,2024-03-31,USD,Thousands,Consolidated,US GAAP,Audited,Annual,,,,,,,,,,,,,,,,,,,,123091.73,,,,,,2626.327,,,,,,
POLESTAR DETROIT  21619,T001T21619,NAICS,4411,,,USA,MI,UDS 4.0,2025-03-31,USD,Thousands,Consolidated,US GAAP,Audited,Annual,262.294,,2375.713,,,,,4374.032,,,,,2321.105,,,,,-56.23,,17367.521,,,,82.29,,423.977,76.675,,,,746.661,
POLESTAR DETROIT  21619,T001T21619,NAICS,4411,,,USA,MI,UDS 4.0,2024-03-31,USD,Thousands,Consolidated,US GAAP,Audited,Annual,,,,,,,,,,,,,,,,,,,,8680.625,,,,,,-565.187,,,,,,
TOYOTA OF RUNNEMEDE  29062,T001T29062,NAICS,4411,,,USA,NJ,UDS 4.0,2025-03-31,USD,Thousands,Consolidated,US GAAP,Audited,Annual,1986.102,,4631.465,,,,,10875.551,,,,,6839.043,,,,,2453.27,,94936.568,,,,113.582,,1420.656,57.526,,,,3725.356,
TOYOTA OF RUNNEMEDE  29062,T001T29062,NAICS,4411,,,USA,NJ,UDS 4.0,2024-03-31,USD,Thousands,Consolidated,US GAAP,Audited,Annual,,,,,,,,,,,,,,,,,,,,109964.675,,,,,,915.364,,,,,,
TOYOTA OF STROUDSBURG  37201,T001T37201,NAICS,4411,,,USA,PA,UDS 4.0,2025-03-31,USD,Thousands,Consolidated,US GAAP,Audited,Annual,1873.254,,4474.07,,,,,20359.932,,,,,3929.057,,,,,2794.701,,63225.744,,,,346.899,,-1656.667,385.645,,,,1942.307,
TOYOTA OF STROUDSBURG  37201,T001T37201,NAICS,4411,,,USA,PA,UDS 4.0,2024-03-31,USD,Thousands,Consolidated,US GAAP,Audited,Annual,,,,,,,,,,,,,,,,,,,,63297.812,,,,,,-2473.908,,,,,,
TOYOTA OF NORTH HOLLYWOOD  04154,T001T04154,NAICS,4411,,,USA,CA,UDS 4.0,2025-03-31,USD,Thousands,Consolidated,US GAAP,Audited,Annual,11085.354,,5819.258,,,,,35237.74,,,,,9175.013,,,,,69588.111,,219839.583,,,,1815.676,,3211.236,675.913,,,,7517.828,
TOYOTA OF NORTH HOLLYWOOD  04154,T001T04154,NAICS,4411,,,USA,CA,UDS 4.0,2024-03-31,USD,Thousands,Consolidated,US GAAP,Audited,Annual,,,,,,,,,,,,,,,,,,,,239339.441,,,,,,6180.51,,,,,,
CARLOCK TOYOTA OF TUPELO  23069,T001T23069,NAICS,4411,,,USA,MS,UDS 4.0,2025-03-31,USD,Thousands,Consolidated,US GAAP,Audited,Annual,2882.788,,8234.612,,,,,44657.632,,,,,11829.261,,,,,27446.19,,109616.377,,,,0.0,,-1007.636,52.362,,,,3456.823,
CARLOCK TOYOTA OF TUPELO  23069,T001T23069,NAICS,4411,,,USA,MS,UDS 4.0,2024-03-31,USD,Thousands,Consolidated,US GAAP,Audited,Annual,,,,,,,,,,,,,,,,,,,,108726.842,,,,,,-750.252,,,,,,
SEWELL LEXUS  64204,T001T64204,NAICS,4411,,,USA,TX,UDS 4.0,2025-03-31,USD,Thousands,Consolidated,US GAAP,Audited,Annual,73500.29,,23636.526,,,,,194608.293,,,,,49050.488,,,,,137499.061,,683638.612,,,,6393.932,,34588.939,5368.016,,,,41186.329,
SEWELL LEXUS  64204,T001T64204,NAICS,4411,,,USA,TX,UDS 4.0,2024-03-31,USD,Thousands,Consolidated,US GAAP,Audited,Annual,,,,,,,,,,,,,,,,,,,,656537.4,,,,,,33995.91,,,,,,
LAFONTAINE SUBARU  21821,T001T21821,NAICS,4411,,,USA,MI,UDS 4.0,2025-03-31,USD,Thousands,Consolidated,US GAAP,Audited,Annual,1920.701,,3975.621,,,,,20539.776,,,,,7409.708,,,,,11372.987,,72987.112,,,,88.754,,1475.728,244.268,,,,2679.944,
LAFONTAINE SUBARU  21821,T001T21821,NAICS,4411,,,USA,MI,UDS 4.0,2024-03-31,USD,Thousands,Consolidated,US GAAP,Audited,Annual,,,,,,,,,,,,,,,,,,,,66533.189,,,,,,2659.284,,,,,,
COPELAND CHEVROLET HUDSON  20610,T001T20610,NAICS,4411,,,USA,MA,UDS 4.0,2025-03-31,USD,Thousands,Consolidated,US GAAP,Audited,Annual,524.849,,7058.634,,,,,16627.902,,,,,7106.404,,,,,231.191,,32774.444,,,,89.548,,-225.816,643.488,,,,375.872,
FAMILY VW OF BURLESON  42499,T001T42499,NAICS,4411,,,USA,TX,UDS 4.0,2025-03-31,USD,Thousands,Consolidated,US GAAP,Audited,Annual,1547.76,,10347.339,,,,,21836.696,,,,,12460.82,,,,,563.801,,62554.357,,,,162.461,,-1983.535,661.125,,,,589.491,
FAMILY VW OF BURLESON  42499,T001T42499,NAICS,4411,,,USA,TX,UDS 4.0,2024-03-31,USD,Thousands,Consolidated,US GAAP,Audited,Annual,,,,,,,,,,,,,,,,,,,,60963.507,,,,,,-2418.853,,,,,,
MEDFORD NISSAN  36795,T001T36795,NAICS,4411,,,USA,OR,UDS 4.0,2025-03-31,USD,Thousands,Consolidated,US GAAP,Audited,Annual,380.71,,2504.643,,,,,3492.04,,,,,2722.813,,,,,1891.721,,13887.282,,,,32.729,,-816.352,75.477,,,,0.0,
MEDFORD NISSAN  36795,T001T36795,NAICS,4411,,,USA,OR,UDS 4.0,2024-03-31,USD,Thousands,Consolidated,US GAAP,Audited,Annual,,,,,,,,,,,,,,,,,,,,14174.415,,,,,,-494.616,,,,,,
ANDERSON NISSAN  02856,T001T02856,NAICS,4411,,,USA,AZ,UDS 4.0,2025-03-31,USD,Thousands,Consolidated,US GAAP,Audited,Annual,64.84,,6192.001,,,,,8121.918,,,,,7121.633,,,,,12485.585,,32338.628,,,,20.612,,-104.358,137.856,,,,542.009,
ANDERSON NISSAN  02856,T001T02856,NAICS,4411,,,USA,AZ,UDS 4.0,2024-03-31,USD,Thousands,Consolidated,US GAAP,Audited,Annual,,,,,,,,,,,,,,,,,,,,31595.873,,,,,,-130.078,,,,,,
TOYOTA OF BELLINGHAM  46103  BELLINGHAM MERCEDES BENZ  46662,T001T46103,NAICS,4411,,,USA,WA,UDS 4.0,2022-12-31,USD,Thousands,Consolidated,US GAAP,Audited,Annual,7407.861,,10842.145,,,,,29440.256,,,,,8773.342,,,,,10443.267,,116219.314,,,,437.169,,4459.945,387.757,,,,7013.105,
TOYOTA OF BELLINGHAM  46103  BELLINGHAM MERCEDES BENZ  46662,T001T46103,NAICS,4411,,,USA,WA,UDS 4.0,2021-12-31,USD,Thousands,Consolidated,US GAAP,Audited,Annual,,,,,,,,,,,,,,,,,,,,112250.75,,,,,,4311.702,,,,,,
MCCARTHY TOYOTA OF SEDALIA  24080,T001T24080,NAICS,4411,,,USA,MO,UDS 4.0,2025-03-31,USD,Thousands,Consolidated,US GAAP,Audited,Annual,1551.3,,3783.934,,,,,8279.331,,,,,4696.391,,,,,12473.611,,72323.285,,,,299.876,,1507.527,38.001,,,,3181.286,
MCCARTHY TOYOTA OF SEDALIA  24080,T001T24080,NAICS,4411,,,USA,MO,UDS 4.0,2024-03-31,USD,Thousands,Consolidated,US GAAP,Audited,Annual,,,,,,,,,,,,,,,,,,,,74689.879,,,,,,1738.834,,,,,,
UNIVERSAL TOYOTA  42241,T001T42241,NAICS,4411,,,USA,TX,UDS 4.0,2025-03-31,USD,Thousands,Consolidated,US GAAP,Audited,Annual,7865.676,,15151.853,,,,,36604.794,,,,,25329.345,,,,,0.0,,306541.804,,,,664.078,,8353.529,333.021,,,,13116.36,
UNIVERSAL TOYOTA  42241,T001T42241,NAICS,4411,,,USA,TX,UDS 4.0,2024-03-31,USD,Thousands,Consolidated,US GAAP,Audited,Annual,,,,,,,,,,,,,,,,,,,,272995.576,,,,,,9221.012,,,,,,
AUTOCENTRO MAS  59989,T001T59989,NAICS,4411,,,USA,,UDS 4.0,2025-03-31,USD,Thousands,Consolidated,US GAAP,Audited,Annual,7.614,,3283.081,,,,,68784.94,,,,,61051.048,,,,,799.838,,42460.935,,,,264.225,,-504.364,396.141,,,,60.125,
AUTOCENTRO MAS  59989,T001T59989,NAICS,4411,,,USA,,UDS 4.0,2024-03-31,USD,Thousands,Consolidated,US GAAP,Audited,Annual,,,,,,,,,,,,,,,,,,,,42488.199,,,,,,-317.716,,,,,,
CENTRAL TOYOTA  03067,T001T03067,NAICS,4411,,,USA,AR,UDS 4.0,2025-03-31,USD,Thousands,Consolidated,US GAAP,Audited,Annual,1708.268,,4840.852,,,,,12581.722,,,,,4641.168,,,,,4906.766,,76881.121,,,,370.763,,2576.131,248.147,,,,3559.852,
CENTRAL TOYOTA  03067,T001T03067,NAICS,4411,,,USA,AR,UDS 4.0,2024-03-31,USD,Thousands,Consolidated,US GAAP,Audited,Annual,,,,,,,,,,,,,,,,,,,,73611.597,,,,,,2284.172,,,,,,
MIDDLETOWN TOYOTA  06036,T001T06036,NAICS,4411,,,USA,CT,UDS 4.0,2025-03-31,USD,Thousands,Consolidated,US GAAP,Audited,Annual,15494.55,,7790.463,,,,,38569.524,,,,,6023.001,,,,,36049.825,,91186.586,,,,458.935,,4147.72,436.835,,,,5193.464,
MIDDLETOWN TOYOTA  06036,T001T06036,NAICS,4411,,,USA,CT,UDS 4.0,2024-03-31,USD,Thousands,Consolidated,US GAAP,Audited,Annual,,,,,,,,,,,,,,,,,,,,84821.128,,,,,,4448.931,,,,,,
STEPHEN TOYOTA  06022,T001T06022,NAICS,4411,,,USA,CT,UDS 4.0,2025-03-31,USD,Thousands,Consolidated,US GAAP,Audited,Annual,4652.44,,16020.813,,,,,41973.584,,,,,17836.794,,,,,19503.267,,85936.475,,,,367.775,,-968.255,276.321,,,,1478.292,
STEPHEN TOYOTA  06022,T001T06022,NAICS,4411,,,USA,CT,UDS 4.0,2024-03-31,USD,Thousands,Consolidated,US GAAP,Audited,Annual,,,,,,,,,,,,,,,,,,,,84168.239,,,,,,-7.368,,,,,,
HYUNDAI DE PONCE  59991,T001T59991,NAICS,4411,,,USA,,UDS 4.0,2025-03-31,USD,Thousands,Consolidated,US GAAP,Audited,Annual,3579.089,,8138.195,,,,,17624.524,,,,,12284.577,,,,,3905.658,,33330.242,,,,10.839,,-281.529,643.25,,,,1160.801,
HYUNDAI DE PONCE  59991,T001T59991,NAICS,4411,,,USA,,UDS 4.0,2024-03-31,USD,Thousands,Consolidated,US GAAP,Audited,Annual,,,,,,,,,,,,,,,,,,,,30498.911,,,,,,680.822,,,,,,
CENTRAL MAINE TOYOTA  18032,T001T18032,NAICS,4411,,,USA,ME,UDS 4.0,2025-03-31,USD,Thousands,Consolidated,US GAAP,Audited,Annual,4933.847,,5907.847,,,,,16694.023,,,,,5848.529,,,,,5758.839,,75117.418,,,,390.68,,1032.651,253.422,,,,2058.401,
CENTRAL MAINE TOYOTA  18032,T001T18032,NAICS,4411,,,USA,ME,UDS 4.0,2024-03-31,USD,Thousands,Consolidated,US GAAP,Audited,Annual,,,,,,,,,,,,,,,,,,,,85347.03,,,,,,1881.861,,,,,,
DAN DEERY TOYOTA  14041,T001T14041,NAICS,4411,,,USA,IA,UDS 4.0,2025-03-31,USD,Thousands,Consolidated,US GAAP,Audited,Annual,15251.493,,14179.499,,,,,42328.454,,,,,12566.96,,,,,27739.074,,177457.015,,,,656.483,,4220.911,637.679,,,,7751.123,
DAN DEERY TOYOTA  14041,T001T14041,NAICS,4411,,,USA,IA,UDS 4.0,2024-03-31,USD,Thousands,Consolidated,US GAAP,Audited,Annual,,,,,,,,,,,,,,,,,,,,170124.942,,,,,,5147.113,,,,,,
WALSER AUTOMOTIVE GROUP  00246  10K 10Q,T001T00246,NAICS,4411,,,USA,TX,UDS 4.0,2024-09-30,USD,Thousands,Consolidated,US GAAP,Audited,Annual,63233.119,,297631.502,,,,,1175712.137,,,,,565464.516,,,,,206943.215,,2047707.994,,,,27648.696,,-8655.993,13669.116,,,,16145.356,
WALSER AUTOMOTIVE GROUP  00246  10K 10Q,T001T00246,NAICS,4411,,,USA,TX,UDS 4.0,2023-09-30,USD,Thousands,Consolidated,US GAAP,Audited,Annual,,,,,,,,,,,,,,,,,,,,2073480.982,,,,,,29667.476,,,,,,
EMPIRE TOYOTA  29115  MAZDA  51732  OF GREEN BROOK,T001T29115,NAICS,4411,,,USA,NJ,UDS 4.0,2025-03-31,USD,Thousands,Consolidated,US GAAP,Audited,Annual,4663.681,,14583.244,,,,,73834.027,,,,,22890.38,,,,,9812.133,,182284.782,,,,179.711,,-7585.617,179.306,,,,6146.663,
EMPIRE TOYOTA  29115  MAZDA  51732  OF GREEN BROOK,T001T29115,NAICS,4411,,,USA,NJ,UDS 4.0,2024-03-31,USD,Thousands,Consolidated,US GAAP,Audited,Annual,,,,,,,,,,,,,,,,,,,,165280.1,,,,,,-7228.956,,,,,,
PRIORITY LEXUS VIRGINIA BEACH  64506  NEWPORT NEWS  64531,T001T64506,NAICS,4411,,,USA,VA,UDS 4.0,2025-03-31,USD,Thousands,Consolidated,US GAAP,Audited,Annual,6076.891,,6510.1,,,,,84052.042,,,,,12838.161,,,,,17126.994,,162049.426,,,,1622.978,,760.811,1397.154,,,,7135.528,
PRIORITY LEXUS VIRGINIA BEACH  64506  NEWPORT NEWS  64531,T001T64506,NAICS,4411,,,USA,VA,UDS 4.0,2024-03-31,USD,Thousands,Consolidated,US GAAP,Audited,Annual,,,,,,,,,,,,,,,,,,,,145414.951,,,,,,1562.123,,,,,,
LEGACY TOYOTA OF DALLAS  42412,T001T42412,NAICS,4411,,,USA,TX,UDS 4.0,2025-03-31,USD,Thousands,Consolidated,US GAAP,Audited,Annual,3814.576,,5190.456,,,,,50837.648,,,,,9185.442,,,,,1183.422,,136161.432,,,,1075.264,,-2797.676,874.264,,,,4447.412,
DOWNTOWN TOYOTA OAKLAND  04317  SUBARU  54186,T001T04317,NAICS,4411,,,USA,CA,UDS 4.0,2025-03-31,USD,Thousands,Consolidated,US GAAP,Audited,Annual,1218.54,,2865.848,,,,,11012.971,,,,,6165.621,,,,,17186.268,,64456.135,,,,47.588,,-254.72,27.189,,,,3112.697,
DOWNTOWN TOYOTA OAKLAND  04317  SUBARU  54186,T001T04317,NAICS,4411,,,USA,CA,UDS 4.0,2024-03-31,USD,Thousands,Consolidated,US GAAP,Audited,Annual,,,,,,,,,,,,,,,,,,,,65032.058,,,,,,553.907,,,,,,
TUFANKJIAN HONDA PLYMOUTH  20926,T001T20926,NAICS,4411,,,USA,MA,UDS 4.0,2025-03-31,USD,Thousands,Consolidated,US GAAP,Audited,Annual,6632.256,,5655.642,,,,,20405.322,,,,,4732.685,,,,,10746.538,,65327.118,,,,238.139,,2712.539,179.83,,,,3664.926,
TUFANKJIAN HONDA PLYMOUTH  20926,T001T20926,NAICS,4411,,,USA,MA,UDS 4.0,2024-03-31,USD,Thousands,Consolidated,US GAAP,Audited,Annual,,,,,,,,,,,,,,,,,,,,59380.284,,,,,,2713.322,,,,,,
TOYOTA OF LOMPOC  04734,T001T04734,NAICS,4411,,,USA,CA,UDS 4.0,2025-03-31,USD,Thousands,Consolidated,US GAAP,Audited,Annual,257.167,,1811.022,,,,,6108.519,,,,,2004.297,,,,,6008.542,,32390.953,,,,85.829,,331.257,25.522,,,,987.56,
TOYOTA OF LOMPOC  04734,T001T04734,NAICS,4411,,,USA,CA,UDS 4.0,2024-03-31,USD,Thousands,Consolidated,US GAAP,Audited,Annual,,,,,,,,,,,,,,,,,,,,29749.884,,,,,,368.897,,,,,,
INVER GROVE TOYOTA  22053,T001T22053,NAICS,4411,,,USA,MN,UDS 4.0,2025-03-31,USD,Thousands,Consolidated,US GAAP,Audited,Annual,9018.725,,14166.666,,,,,41891.79,,,,,13288.627,,,,,36802.229,,191777.301,,,,959.512,,5717.861,585.094,,,,8985.035,
INVER GROVE TOYOTA  22053,T001T22053,NAICS,4411,,,USA,MN,UDS 4.0,2024-03-31,USD,Thousands,Consolidated,US GAAP,Audited,Annual,,,,,,,,,,,,,,,,,,,,178688.247,,,,,,7337.012,,,,,,
WOODRUM TOYOTA FORD LINC MERC  12149 12793 12792,T001T12149,NAICS,4411,,,USA,IL,UDS 4.0,2025-03-31,USD,Thousands,Consolidated,US GAAP,Audited,Annual,912.379,,4571.493,,,,,8302.139,,,,,3848.158,,,,,2042.998,,26326.632,,,,21.046,,348.364,76.285,,,,824.451,
WOODRUM TOYOTA FORD LINC MERC  12149 12793 12792,T001T12149,NAICS,4411,,,USA,IL,UDS 4.0,2024-03-31,USD,Thousands,Consolidated,US GAAP,Audited,Annual,,,,,,,,,,,,,,,,,,,,28558.155,,,,,,638.11,,,,,,
GALAXY TOYOTA  29031,T001T29031,NAICS,4411,,,USA,NJ,UDS 4.0,2025-03-31,USD,Thousands,Consolidated,US GAAP,Audited,Annual,4186.808,,2958.305,,,,,15315.935,,,,,3014.164,,,,,12783.939,,86538.739,,,,540.872,,771.209,469.763,,,,1965.866,
GALAXY TOYOTA  29031,T001T29031,NAICS,4411,,,USA,NJ,UDS 4.0,2024-03-31,USD,Thousands,Consolidated,US GAAP,Audited,Annual,,,,,,,,,,,,,,,,,,,,96889.735,,,,,,1984.327,,,,,,
CAMELBACK TOYOTA  02036,T001T02036,NAICS,4411,,,USA,AZ,UDS 4.0,2025-03-31,USD,Thousands,Consolidated,US GAAP,Audited,Annual,10971.823,,9226.797,,,,,45004.836,,,,,33691.69,,,,,255124.467,,453161.853,,,,1666.425,,30093.766,1356.981,,,,34246.583,
CAMELBACK TOYOTA  02036,T001T02036,NAICS,4411,,,USA,AZ,UDS 4.0,2024-03-31,USD,Thousands,Consolidated,US GAAP,Audited,Annual,,,,,,,,,,,,,,,,,,,,428471.365,,,,,,34844.427,,,,,,
COGGINS TOYOTA BENNINGTON  44025,T001T44025,NAICS,4411,,,USA,VT,UDS 4.0,2025-03-31,USD,Thousands,Consolidated,US GAAP,Audited,Annual,1761.562,,5076.729,,,,,9839.632,,,,,5232.051,,,,,9005.1,,65113.904,,,,226.425,,889.9,84.817,,,,3065.932,
COGGINS TOYOTA BENNINGTON  44025,T001T44025,NAICS,4411,,,USA,VT,UDS 4.0,2024-03-31,USD,Thousands,Consolidated,US GAAP,Audited,Annual,,,,,,,,,,,,,,,,,,,,57432.186,,,,,,905.512,,,,,,
JM LEXUS  60905,T001T60905,NAICS,4411,,,USA,FL,UDS 4.0,2025-03-31,USD,Thousands,Consolidated,US GAAP,Audited,Annual,1710.939,,17491.102,,,,,88738.093,,,,,24871.453,,,,,7122.085,,487668.041,,,,4710.926,,12020.954,3750.074,,,,20465.068,
JM LEXUS  60905,T001T60905,NAICS,4411,,,USA,FL,UDS 4.0,2024-03-31,USD,Thousands,Consolidated,US GAAP,Audited,Annual,,,,,,,,,,,,,,,,,,,,469225.526,,,,,,11658.324,,,,,,
GOSCH TOYOTA  04218 TERMINATED 052024,T001T04218,NAICS,4411,,,USA,CA,UDS 4.0,2024-05-31,USD,Thousands,Consolidated,US GAAP,Audited,Annual,10781.979,,1657.317,,,,,14334.862,,,,,3552.311,,,,,8250.438,,95214.832,,,,903.269,,4027.572,364.141,,,,6042.714,
GOSCH TOYOTA  04218 TERMINATED 052024,T001T04218,NAICS,4411,,,USA,CA,UDS 4.0,2023-05-31,USD,Thousands,Consolidated,US GAAP,Audited,Annual,,,,,,,,,,,,,,,,,,,,94306.524,,,,,,5005.736,,,,,,
TOYOTA OF KIRKLAND  46089,T001T46089,NAICS,4411,,,USA,WA,UDS 4.0,2025-03-31,USD,Thousands,Consolidated,US GAAP,Audited,Annual,510.135,,7054.79,,,,,13266.325,,,,,9036.332,,,,,1903.225,,139410.667,,,,874.375,,4226.934,410.977,,,,7225.724,
TOYOTA OF KIRKLAND  46089,T001T46089,NAICS,4411,,,USA,WA,UDS 4.0,2024-03-31,USD,Thousands,Consolidated,US GAAP,Audited,Annual,,,,,,,,,,,,,,,,,,,,127385.311,,,,,,5235.536,,,,,,
PENSKE MOTOR GROUP  00263  10K 10Q,T001T00263,NAICS,4411,,,USA,VA,UDS 4.0,2024-09-30,USD,Thousands,Consolidated,US GAAP,Audited,Annual,1980.0,,60972.0,,,,,335886.0,,,,,95656.0,,,,,151554.0,,1455282.0,,,,3688.0,,45290.0,1106.0,,,,45290.0,
PENSKE MOTOR GROUP  00263  10K 10Q,T001T00263,NAICS,4411,,,USA,VA,UDS 4.0,2023-09-30,USD,Thousands,Consolidated,US GAAP,Audited,Annual,,,,,,,,,,,,,,,,,,,,1372590.0,,,,,,62150.0,,,,,,
LEXUS OF MELBOURNE  60917,T001T60917,NAICS,4411,,,USA,FL,UDS 4.0,2025-03-31,USD,Thousands,Consolidated,US GAAP,Audited,Annual,4435.224,,1880.935,,,,,17825.591,,,,,6269.962,,,,,-10299.051,,81987.571,,,,1239.358,,1764.959,636.157,,,,5376.274,
LEXUS OF MELBOURNE  60917,T001T60917,NAICS,4411,,,USA,FL,UDS 4.0,2024-03-31,USD,Thousands,Consolidated,US GAAP,Audited,Annual,,,,,,,,,,,,,,,,,,,,86843.025,,,,,,1556.948,,,,,,
MOSES NISSAN ST  ALBANS  47922,T001T47922,NAICS,4411,,,USA,WV,UDS 4.0,2025-03-31,USD,Thousands,Consolidated,US GAAP,Audited,Annual,972.443,,8259.062,,,,,12639.776,,,,,8201.69,,,,,403.525,,49698.471,,,,104.581,,-1529.786,90.138,,,,125.916,
MOSES NISSAN ST  ALBANS  47922,T001T47922,NAICS,4411,,,USA,WV,UDS 4.0,2024-03-31,USD,Thousands,Consolidated,US GAAP,Audited,Annual,,,,,,,,,,,,,,,,,,,,43166.861,,,,,,-782.66,,,,,,
WILDE HONDA  48957,T001T48957,NAICS,4411,,,USA,WI,UDS 4.0,2022-08-31,USD,Thousands,Consolidated,US GAAP,Audited,Annual,25165.816,,6605.719,,,,,35858.728,,,,,2715.163,,,,,31040.687,,143411.455,,,,649.709,,8798.867,629.419,,,,11371.523,
WILDE HONDA  48957,T001T48957,NAICS,4411,,,USA,WI,UDS 4.0,2021-08-31,USD,Thousands,Consolidated,US GAAP,Audited,Annual,,,,,,,,,,,,,,,,,,,,171740.325,,,,,,7911.16,,,,,,
LITHIA AUTOMOTIVE  00262  10K 10Q,T001T00262,NAICS,4411,,,USA,,UDS 4.0,2025-03-31,USD,Thousands,Consolidated,US GAAP,Audited,Annual,430300.0,,5749000.0,,,,,23480200.0,,,,,6616700.0,,,,,5795800.0,,36804700.0,,,,251700.0,,1076000.0,534900.0,,,,867800.0,
LITHIA AUTOMOTIVE  00262  10K 10Q,T001T00262,NAICS,4411,,,USA,,UDS 4.0,2024-03-31,USD,Thousands,Consolidated,US GAAP,Audited,Annual,,,,,,,,,,,,,,,,,,,,32630300.0,,,,,,1226000.0,,,,,,
TOYOTA OF TRI CITIES  46112,T001T46112,NAICS,4411,,,USA,WA,UDS 4.0,2025-03-31,USD,Thousands,Consolidated,US GAAP,Audited,Annual,2423.586,,7238.322,,,,,49517.896,,,,,9353.445,,,,,6747.333,,125028.3,,,,492.508,,4673.432,813.622,,,,8553.867,
TOYOTA OF TRI CITIES  46112,T001T46112,NAICS,4411,,,USA,WA,UDS 4.0,2024-03-31,USD,Thousands,Consolidated,US GAAP,Audited,Annual,,,,,,,,,,,,,,,,,,,,114080.849,,,,,,4504.759,,,,,,
PREMIER TOYOTA  26023,T001T26023,NAICS,4411,,,USA,NE,UDS 4.0,2025-03-31,USD,Thousands,Consolidated,US GAAP,Audited,Annual,1877.757,,1702.471,,,,,4572.459,,,,,486.532,,,,,3673.758,,12794.641,,,,67.503,,247.796,51.684,,,,298.751,
PREMIER TOYOTA  26023,T001T26023,NAICS,4411,,,USA,NE,UDS 4.0,2024-03-31,USD,Thousands,Consolidated,US GAAP,Audited,Annual,,,,,,,,,,,,,,,,,,,,12867.275,,,,,,381.249,,,,,,
WILSONVILLE SUBARU  36511,T001T36511,NAICS,4411,,,USA,OR,UDS 4.0,2023-07-31,USD,Thousands,Consolidated,US GAAP,Audited,Annual,-134.842,,5048.672,,,,,61965.088,,,,,6552.265,,,,,24556.631,,104509.826,,,,309.231,,7313.748,126.476,,,,7602.324,
WILSONVILLE SUBARU  36511,T001T36511,NAICS,4411,,,USA,OR,UDS 4.0,2022-07-31,USD,Thousands,Consolidated,US GAAP,Audited,Annual,,,,,,,,,,,,,,,,,,,,88147.572,,,,,,6904.91,,,,,,
MILEONE AUTOGROUP  00527  10K 10Q,T001T00527,NAICS,4411,,,USA,TX,UDS 4.0,2024-09-30,USD,Thousands,Consolidated,US GAAP,Audited,Annual,51051.0,,522200.0,,,,,1495844.0,,,,,768505.0,,,,,251200.0,,3826435.0,,,,10404.0,,145448.0,41274.0,,,,165591.0,
MILEONE AUTOGROUP  00527  10K 10Q,T001T00527,NAICS,4411,,,USA,TX,UDS 4.0,2023-09-30,USD,Thousands,Consolidated,US GAAP,Audited,Annual,,,,,,,,,,,,,,,,,,,,4047800.0,,,,,,209843.0,,,,,,
COPELAND TOYOTA  20051,T001T20051,NAICS,4411,,,USA,MA,UDS 4.0,2025-03-31,USD,Thousands,Consolidated,US GAAP,Audited,Annual,694.619,,6515.454,,,,,13093.49,,,,,6774.724,,,,,17801.655,,107647.02,,,,719.614,,1106.961,72.045,,,,2695.847,
COPELAND TOYOTA  20051,T001T20051,NAICS,4411,,,USA,MA,UDS 4.0,2024-03-31,USD,Thousands,Consolidated,US GAAP,Audited,Annual,,,,,,,,,,,,,,,,,,,,112627.245,,,,,,3303.986,,,,,,
CHESTER BERG TOYOTA,T001T22017,NAICS,4411,,,USA,MN,UDS 4.0,2025-03-31,USD,Thousands,Consolidated,US GAAP,Audited,Annual,785.206,,842.133,,,,,4614.56,,,,,297.934,,,,,1941.619,,15490.027,,,,38.315,,322.594,5.004,,,,514.826,
CHESTER BERG TOYOTA,T001T22017,NAICS,4411,,,USA,MN,UDS 4.0,2024-03-31,USD,Thousands,Consolidated,US GAAP,Audited,Annual,,,,,,,,,,,,,,,,,,,,16445.144,,,,,,408.644,,,,,,
TOYOTA OF HATTIESBURG  23035,T001T23035,NAICS,4411,,,USA,MS,UDS 4.0,2025-03-31,USD,Thousands,Consolidated,US GAAP,Audited,Annual,5518.948,,7376.666,,,,,16682.671,,,,,2692.363,,,,,35782.024,,88454.539,,,,416.965,,2151.441,406.049,,,,4312.274,
TOYOTA OF HATTIESBURG  23035,T001T23035,NAICS,4411,,,USA,MS,UDS 4.0,2024-03-31,USD,Thousands,Consolidated,US GAAP,Audited,Annual,,,,,,,,,,,,,,,,,,,,86359.579,,,,,,2488.706,,,,,,
SOUTH BAY LEXUS  60414,T001T60414,NAICS,4411,,,USA,CA,UDS 4.0,2025-03-31,USD,Thousands,Consolidated,US GAAP,Audited,Annual,2575.005,,5138.221,,,,,25768.866,,,,,12896.688,,,,,-1158.364,,155817.393,,,,192.773,,-566.803,1079.22,,,,7271.141,
SOUTH BAY LEXUS  60414,T001T60414,NAICS,4411,,,USA,CA,UDS 4.0,2024-03-31,USD,Thousands,Consolidated,US GAAP,Audited,Annual,,,,,,,,,,,,,,,,,,,,152051.001,,,,,,-9.803,,,,,,
RYBURN TOYOTA  03049    TRMNTD,T001T03049,NAICS,4411,,,USA,AR,UDS 4.0,2025-03-31,USD,Thousands,Consolidated,US GAAP,Audited,Annual,4282.697,,5804.471,,,,,13734.691,,,,,3725.358,,,,,14540.116,,42066.977,,,,0.0,,974.435,73.913,,,,1614.073,
RYBURN TOYOTA  03049    TRMNTD,T001T03049,NAICS,4411,,,USA,AR,UDS 4.0,2024-03-31,USD,Thousands,Consolidated,US GAAP,Audited,Annual,,,,,,,,,,,,,,,,,,,,43424.527,,,,,,1077.618,,,,,,
HELLMAN TOYOTA  INC  05057,T001T05057,NAICS,4411,,,USA,CO,UDS 4.0,2025-03-31,USD,Thousands,Consolidated,US GAAP,Audited,Annual,108.01,,2777.913,,,,,4334.28,,,,,914.477,,,,,3268.371,,27261.122,,,,21.368,,283.542,160.958,,,,347.303,
HELLMAN TOYOTA  INC  05057,T001T05057,NAICS,4411,,,USA,CO,UDS 4.0,2024-03-31,USD,Thousands,Consolidated,US GAAP,Audited,Annual,,,,,,,,,,,,,,,,,,,,26506.276,,,,,,500.949,,,,,,
GROOVE TOYOTA  05078,T001T05078,NAICS,4411,,,USA,CO,UDS 4.0,2025-03-31,USD,Thousands,Consolidated,US GAAP,Audited,Annual,6770.659,,14484.719,,,,,235357.132,,,,,17632.473,,,,,483.186,,293504.168,,,,1269.48,,9352.476,1104.888,,,,16965.892,
VOLVO MARIN  54373 TERMINATED 071123,T001T54373,NAICS,4411,,,USA,CA,UDS 4.0,2024-10-31,USD,Thousands,Consolidated,US GAAP,Audited,Annual,2429.173,,8787.326,,,,,19268.984,,,,,9915.555,,,,,3185.073,,55882.985,,,,367.855,,293.277,484.361,,,,1619.635,
VOLVO MARIN  54373 TERMINATED 071123,T001T54373,NAICS,4411,,,USA,CA,UDS 4.0,2023-10-31,USD,Thousands,Consolidated,US GAAP,Audited,Annual,,,,,,,,,,,,,,,,,,,,52673.232,,,,,,751.393,,,,,,
LEADCAR TOYOTA WAUSAU  48059,T001T48059,NAICS,4411,,,USA,WI,UDS 4.0,2025-03-31,USD,Thousands,Consolidated,US GAAP,Audited,Annual,159.738,,3156.035,,,,,13450.341,,,,,4748.617,,,,,1018.013,,47303.5,,,,175.849,,651.944,206.073,,,,1213.721,
LEADCAR TOYOTA WAUSAU  48059,T001T48059,NAICS,4411,,,USA,WI,UDS 4.0,2024-03-31,USD,Thousands,Consolidated,US GAAP,Audited,Annual,,,,,,,,,,,,,,,,,,,,51692.973,,,,,,1490.488,,,,,,
BAXTER TOYOTA OF LA VISTA  26021,T001T26021,NAICS,4411,,,USA,NE,UDS 4.0,2025-03-31,USD,Thousands,Consolidated,US GAAP,Audited,Annual,724.129,,7296.351,,,,,22150.899,,,,,8274.237,,,,,9107.567,,142624.953,,,,793.003,,2694.528,508.953,,,,4144.066,
BAXTER TOYOTA OF LA VISTA  26021,T001T26021,NAICS,4411,,,USA,NE,UDS 4.0,2024-03-31,USD,Thousands,Consolidated,US GAAP,Audited,Annual,,,,,,,,,,,,,,,,,,,,123966.328,,,,,,2124.085,,,,,,
MAGNESS TOYOTA,T001T03024,NAICS,4411,,,USA,AR,UDS 4.0,2025-03-31,USD,Thousands,Consolidated,US GAAP,Audited,Annual,734.028,,3029.155,,,,,4982.642,,,,,973.808,,,,,3929.897,,20279.053,,,,19.218,,1.028,61.882,,,,161.781,
MAGNESS TOYOTA,T001T03024,NAICS,4411,,,USA,AR,UDS 4.0,2024-03-31,USD,Thousands,Consolidated,US GAAP,Audited,Annual,,,,,,,,,,,,,,,,,,,,22475.214,,,,,,347.477,,,,,,
CRABTREE NISSAN  06847,T001T06847,NAICS,4411,,,USA,CT,UDS 4.0,2025-03-31,USD,Thousands,Consolidated,US GAAP,Audited,Annual,198.246,,6851.062,,,,,10462.555,,,,,9650.62,,,,,-2274.028,,44852.054,,,,0.0,,-2931.561,331.158,,,,0.0,
CRABTREE NISSAN  06847,T001T06847,NAICS,4411,,,USA,CT,UDS 4.0,2024-03-31,USD,Thousands,Consolidated,US GAAP,Audited,Annual,,,,,,,,,,,,,,,,,,,,50309.609,,,,,,-2141.771,,,,,,
QUALITY TOYOTA  15034,T001T15034,NAICS,4411,,,USA,KS,UDS 4.0,2025-03-31,USD,Thousands,Consolidated,US GAAP,Audited,Annual,2704.75,,1101.979,,,,,5604.723,,,,,1116.79,,,,,1251.03,,19485.567,,,,67.029,,328.537,30.829,,,,574.136,
QUALITY TOYOTA  15034,T001T15034,NAICS,4411,,,USA,KS,UDS 4.0,2024-03-31,USD,Thousands,Consolidated,US GAAP,Audited,Annual,,,,,,,,,,,,,,,,,,,,18045.089,,,,,,473.443,,,,,,
ROYAL VOLVO  13847,T001T13847,NAICS,4411,,,USA,IN,UDS 4.0,2025-03-31,USD,Thousands,Consolidated,US GAAP,Audited,Annual,246.875,,1582.322,,,,,2342.204,,,,,564.354,,,,,2356.416,,11777.667,,,,43.075,,140.441,35.457,,,,386.328,
ROYAL VOLVO  13847,T001T13847,NAICS,4411,,,USA,IN,UDS 4.0,2024-03-31,USD,Thousands,Consolidated,US GAAP,Audited,Annual,,,,,,,,,,,,,,,,,,,,9487.834,,,,,,116.255,,,,,,
HOMETOWN TOYOTA  36084,T001T36084,NAICS,4411,,,USA,OR,UDS 4.0,2025-03-31,USD,Thousands,Consolidated,US GAAP,Audited,Annual,7479.066,,7074.278,,,,,21208.542,,,,,7862.846,,,,,17818.218,,73964.132,,,,294.793,,1421.945,231.12,,,,3031.801,
HOMETOWN TOYOTA  36084,T001T36084,NAICS,4411,,,USA,OR,UDS 4.0,2024-03-31,USD,Thousands,Consolidated,US GAAP,Audited,Annual,,,,,,,,,,,,,,,,,,,,64076.919,,,,,,1231.51,,,,,,
CITY LIMITS SUBARU  42493,T001T42493,NAICS,4411,,,USA,TX,UDS 4.0,2025-03-31,USD,Thousands,Consolidated,US GAAP,Audited,Annual,2156.985,,8188.64,,,,,20858.22,,,,,13023.217,,,,,-2605.344,,105565.58,,,,1463.809,,-4266.68,262.249,,,,0.0,
CITY LIMITS SUBARU  42493,T001T42493,NAICS,4411,,,USA,TX,UDS 4.0,2024-03-31,USD,Thousands,Consolidated,US GAAP,Audited,Annual,,,,,,,,,,,,,,,,,,,,108758.56,,,,,,-6118.448,,,,,,
MOTOR INN TOYOTA CARROLL  14053,T001T14053,NAICS,4411,,,USA,IA,UDS 4.0,2025-03-31,USD,Thousands,Consolidated,US GAAP,Audited,Annual,230.509,,4154.947,,,,,5189.974,,,,,2628.936,,,,,-321.394,,23555.023,,,,123.636,,570.79,89.291,,,,850.711,
MOTOR INN TOYOTA CARROLL  14053,T001T14053,NAICS,4411,,,USA,IA,UDS 4.0,2024-03-31,USD,Thousands,Consolidated,US GAAP,Audited,Annual,,,,,,,,,,,,,,,,,,,,29610.119,,,,,,1355.614,,,,,,
VALENTI TOYOTA  38025,T001T38025,NAICS,4411,,,USA,RI,UDS 4.0,2025-03-31,USD,Thousands,Consolidated,US GAAP,Audited,Annual,5936.709,,5086.181,,,,,13024.425,,,,,2347.382,,,,,10983.228,,51563.973,,,,202.402,,595.374,139.682,,,,2058.337,
VALENTI TOYOTA  38025,T001T38025,NAICS,4411,,,USA,RI,UDS 4.0,2024-03-31,USD,Thousands,Consolidated,US GAAP,Audited,Annual,,,,,,,,,,,,,,,,,,,,48516.545,,,,,,1070.485,,,,,,
BERGERON TOYOTA  21032,T001T21032,NAICS,4411,,,USA,MI,UDS 4.0,2025-03-31,USD,Thousands,Consolidated,US GAAP,Audited,Annual,1104.359,,1196.185,,,,,3272.728,,,,,1077.95,,,,,1963.224,,10294.145,,,,27.901,,-161.476,4.406,,,,23.043,
BERGERON TOYOTA  21032,T001T21032,NAICS,4411,,,USA,MI,UDS 4.0,2024-03-31,USD,Thousands,Consolidated,US GAAP,Audited,Annual,,,,,,,,,,,,,,,,,,,,12832.947,,,,,,272.812,,,,,,
JOSEPH TOYOTA CINCINNATI  34089,T001T34089,NAICS,4411,,,USA,OH,UDS 4.0,2025-03-31,USD,Thousands,Consolidated,US GAAP,Audited,Annual,7648.205,,6077.974,,,,,47041.587,,,,,9626.874,,,,,35651.612,,130417.416,,,,1152.814,,1927.353,507.519,,,,5296.303,
JOSEPH TOYOTA CINCINNATI  34089,T001T34089,NAICS,4411,,,USA,OH,UDS 4.0,2024-03-31,USD,Thousands,Consolidated,US GAAP,Audited,Annual,,,,,,,,,,,,,,,,,,,,127238.206,,,,,,3197.168,,,,,,
LAFONTAINE HONDA  21947,T001T21947,NAICS,4411,,,USA,MI,UDS 4.0,2025-03-31,USD,Thousands,Consolidated,US GAAP,Audited,Annual,443.499,,6935.67,,,,,15332.676,,,,,9203.316,,,,,4036.94,,56021.552,,,,45.18,,304.712,109.541,,,,263.085,
LAFONTAINE HONDA  21947,T001T21947,NAICS,4411,,,USA,MI,UDS 4.0,2024-03-31,USD,Thousands,Consolidated,US GAAP,Audited,Annual,,,,,,,,,,,,,,,,,,,,59845.587,,,,,,1106.044,,,,,,
JIM HUDSON LEXUS  AUGUSTA  61006,T001T61006,NAICS,4411,,,USA,GA,UDS 4.0,2025-03-31,USD,Thousands,Consolidated,US GAAP,Audited,Annual,8731.141,,7445.291,,,,,27026.068,,,,,17118.647,,,,,4709.925,,128279.365,,,,1248.299,,5585.695,830.898,,,,7577.287,
JIM HUDSON LEXUS  AUGUSTA  61006,T001T61006,NAICS,4411,,,USA,GA,UDS 4.0,2024-03-31,USD,Thousands,Consolidated,US GAAP,Audited,Annual,,,,,,,,,,,,,,,,,,,,118775.013,,,,,,4463.042,,,,,,
SUBARU WORLD OF NEWTON  29699,T001T29699,NAICS,4411,,,USA,NJ,UDS 4.0,2025-03-31,USD,Thousands,Consolidated,US GAAP,Audited,Annual,3645.136,,2230.841,,,,,16736.019,,,,,3298.862,,,,,1663.154,,28961.98,,,,46.666,,594.54,27.073,,,,1627.552,
SUBARU WORLD OF NEWTON  29699,T001T29699,NAICS,4411,,,USA,NJ,UDS 4.0,2024-03-31,USD,Thousands,Consolidated,US GAAP,Audited,Annual,,,,,,,,,,,,,,,,,,,,28059.189,,,,,,949.136,,,,,,
HARVEY LEXUS OF GRAND RAPIDS  62102,T001T62102,NAICS,4411,,,USA,MI,UDS 4.0,2025-03-31,USD,Thousands,Consolidated,US GAAP,Audited,Annual,1555.407,,2955.362,,,,,11879.454,,,,,4709.464,,,,,6387.297,,44662.538,,,,483.823,,-87.467,361.25,,,,1519.551,
HARVEY LEXUS OF GRAND RAPIDS  62102,T001T62102,NAICS,4411,,,USA,MI,UDS 4.0,2024-03-31,USD,Thousands,Consolidated,US GAAP,Audited,Annual,,,,,,,,,,,,,,,,,,,,41165.988,,,,,,-226.053,,,,,,
BRAUN JORDAN TOYOTA  MANUAL ENTRY   13978,T001T13978,NAICS,4411,,,USA,IN,UDS 4.0,2025-03-31,USD,Thousands,Consolidated,US GAAP,Audited,Annual,31758.737,,217711.793,,,,,722841.17,,,,,269101.911,,,,,-67747.953,,974569.629,,,,37113.473,,41630.261,4797.446,,,,34995.522,
BRAUN JORDAN TOYOTA  MANUAL ENTRY   13978,T001T13978,NAICS,4411,,,USA,IN,UDS 4.0,2024-03-31,USD,Thousands,Consolidated,US GAAP,Audited,Annual,,,,,,,,,,,,,,,,,,,,1006555.84,,,,,,39343.918,,,,,,
SEVENTY SEVEN SUBARU  02765,T001T02765,NAICS,4411,,,USA,AZ,UDS 4.0,2025-03-31,USD,Thousands,Consolidated,US GAAP,Audited,Annual,1903.325,,4681.318,,,,,11081.916,,,,,4060.673,,,,,1558.201,,29777.379,,,,0.0,,1176.529,114.121,,,,1770.686,
SEVENTY SEVEN SUBARU  02765,T001T02765,NAICS,4411,,,USA,AZ,UDS 4.0,2024-03-31,USD,Thousands,Consolidated,US GAAP,Audited,Annual,,,,,,,,,,,,,,,,,,,,23457.866,,,,,,349.061,,,,,,
HERRIN GEAR CHEVROLET  23802,T001T23802,NAICS,4411,,,USA,MS,UDS 4.0,2024-02-29,USD,Thousands,Consolidated,US GAAP,Audited,Annual,2694.086,,7678.439,,,,,26627.911,,,,,6611.645,,,,,12840.468,,55919.713,,,,371.493,,-1047.313,113.197,,,,1461.576,
HERRIN GEAR CHEVROLET  23802,T001T23802,NAICS,4411,,,USA,MS,UDS 4.0,2023-02-28,USD,Thousands,Consolidated,US GAAP,Audited,Annual,,,,,,,,,,,,,,,,,,,,64688.084,,,,,,1054.959,,,,,,
WESTBORO TOYOTA  INC   20058,T001T20058,NAICS,4411,,,USA,MA,UDS 4.0,2025-03-31,USD,Thousands,Consolidated,US GAAP,Audited,Annual,1291.035,,6976.253,,,,,13072.242,,,,,3615.143,,,,,6308.177,,66296.814,,,,578.955,,-686.604,95.382,,,,3202.404,
WESTBORO TOYOTA  INC   20058,T001T20058,NAICS,4411,,,USA,MA,UDS 4.0,2024-03-31,USD,Thousands,Consolidated,US GAAP,Audited,Annual,,,,,,,,,,,,,,,,,,,,69471.114,,,,,,612.394,,,,,,
MILLER TOYOTA  45040,T001T45040,NAICS,4411,,,USA,VA,UDS 4.0,2025-03-31,USD,Thousands,Consolidated,US GAAP,Audited,Annual,9622.228,,4218.987,,,,,17093.177,,,,,6478.725,,,,,11513.81,,80269.738,,,,430.506,,974.567,146.331,,,,3539.898,
MILLER TOYOTA  45040,T001T45040,NAICS,4411,,,USA,VA,UDS 4.0,2024-03-31,USD,Thousands,Consolidated,US GAAP,Audited,Annual,,,,,,,,,,,,,,,,,,,,81111.416,,,,,,882.223,,,,,,
HADDAD SUBARU  20804,T001T20804,NAICS,4411,,,USA,MA,UDS 4.0,2025-03-31,USD,Thousands,Consolidated,US GAAP,Audited,Annual,2439.467,,3446.593,,,,,9392.558,,,,,2140.059,,,,,0.001,,46207.87,,,,236.424,,1389.84,97.878,,,,1948.453,
HADDAD SUBARU  20804,T001T20804,NAICS,4411,,,USA,MA,UDS 4.0,2024-03-31,USD,Thousands,Consolidated,US GAAP,Audited,Annual,,,,,,,,,,,,,,,,,,,,43037.447,,,,,,1954.234,,,,,,
ROUTE 44 TOYOTA  20125,T001T20125,NAICS,4411,,,USA,MA,UDS 4.0,2025-03-31,USD,Thousands,Consolidated,US GAAP,Audited,Annual,6378.249,,5348.089,,,,,17926.461,,,,,6686.718,,,,,12987.773,,84410.115,,,,91.207,,1620.784,35.656,,,,3325.228,
ROUTE 44 TOYOTA  20125,T001T20125,NAICS,4411,,,USA,MA,UDS 4.0,2024-03-31,USD,Thousands,Consolidated,US GAAP,Audited,Annual,,,,,,,,,,,,,,,,,,,,78765.679,,,,,,1734.135,,,,,,
MICHAEL KIA  06936,T001T06936,NAICS,4411,,,USA,CT,UDS 4.0,2021-10-31,USD,Thousands,Consolidated,US GAAP,Audited,Annual,342.887,,754.157,,,,,2257.412,,,,,106.567,,,,,-6184.172,,8121.916,,,,19.469,,-318.962,8.217,,,,0.0,
MICHAEL KIA  06936,T001T06936,NAICS,4411,,,USA,CT,UDS 4.0,2020-10-31,USD,Thousands,Consolidated,US GAAP,Audited,Annual,,,,,,,,,,,,,,,,,,,,9293.612,,,,,,-630.569,,,,,,
FLETCHER JONES AUTOMOTIVE GROUP  00709  10K 10Q,T001T00709,NAICS,4411,,,USA,TX,UDS 4.0,2023-12-31,USD,Thousands,Consolidated,US GAAP,Audited,Annual,92342.411,,476339.219,,,,,1072304.785,,,,,521236.574,,,,,205473.22,,3220302.306,,,,15431.0,,-14342.249,17684.0,,,,77482.223,
FLETCHER JONES AUTOMOTIVE GROUP  00709  10K 10Q,T001T00709,NAICS,4411,,,USA,TX,UDS 4.0,2022-12-31,USD,Thousands,Consolidated,US GAAP,Audited,Annual,,,,,,,,,,,,,,,,,,,,2807186.054,,,,,,138724.282,,,,,,
HERB CHAMBERS LEXUS  62004  LEXUS OF HINGHAM  62030,T001T62004,NAICS,4411,,,USA,MA,UDS 4.0,2025-03-31,USD,Thousands,Consolidated,US GAAP,Audited,Annual,12138.887,,13472.638,,,,,79679.907,,,,,20648.077,,,,,25144.391,,298783.245,,,,3125.713,,9541.843,2814.982,,,,18668.999,
HERB CHAMBERS LEXUS  62004  LEXUS OF HINGHAM  62030,T001T62004,NAICS,4411,,,USA,MA,UDS 4.0,2024-03-31,USD,Thousands,Consolidated,US GAAP,Audited,Annual,,,,,,,,,,,,,,,,,,,,286978.329,,,,,,9430.567,,,,,,
SEWELL LEXUS OF FT  WORTH  64211,T001T64211,NAICS,4411,,,USA,TX,UDS 4.0,2025-03-31,USD,Thousands,Consolidated,US GAAP,Audited,Annual,8002.5,,8636.171,,,,,80007.967,,,,,21705.864,,,,,52867.908,,266334.804,,,,3016.844,,14292.105,2372.712,,,,14518.679,
SEWELL LEXUS OF FT  WORTH  64211,T001T64211,NAICS,4411,,,USA,TX,UDS 4.0,2024-03-31,USD,Thousands,Consolidated,US GAAP,Audited,Annual,,,,,,,,,,,,,,,,,,,,244346.295,,,,,,12427.868,,,,,,
PREFERRED CHRYS DOD JEEP  21902,T001T21902,NAICS,4411,,,USA,MI,UDS 4.0,2023-09-30,USD,Thousands,Consolidated,US GAAP,Audited,Annual,2526.183,,5488.989,,,,,11832.044,,,,,6187.144,,,,,2645.675,,34537.011,,,,35.388,,-738.467,273.494,,,,39.964,
PREFERRED CHRYS DOD JEEP  21902,T001T21902,NAICS,4411,,,USA,MI,UDS 4.0,2022-09-30,USD,Thousands,Consolidated,US GAAP,Audited,Annual,,,,,,,,,,,,,,,,,,,,40253.7,,,,,,461.681,,,,,,
WAITE TOYOTA  31019,T001T31019,NAICS,4411,,,USA,NY,UDS 4.0,2025-03-31,USD,Thousands,Consolidated,US GAAP,Audited,Annual,6766.717,,3874.727,,,,,14172.754,,,,,3392.921,,,,,10194.128,,51284.684,,,,111.751,,1807.8,119.214,,,,2842.263,
WAITE TOYOTA  31019,T001T31019,NAICS,4411,,,USA,NY,UDS 4.0,2024-03-31,USD,Thousands,Consolidated,US GAAP,Audited,Annual,,,,,,,,,,,,,,,,,,,,58766.521,,,,,,2324.003,,,,,,
JIM BAGAN TOYOTA  04151,T001T04151,NAICS,4411,,,USA,CA,UDS 4.0,2025-03-31,USD,Thousands,Consolidated,US GAAP,Audited,Annual,2110.643,,2201.433,,,,,8425.232,,,,,3617.547,,,,,1299.809,,26366.197,,,,145.472,,-335.032,98.074,,,,70.928,
JIM BAGAN TOYOTA  04151,T001T04151,NAICS,4411,,,USA,CA,UDS 4.0,2024-03-31,USD,Thousands,Consolidated,US GAAP,Audited,Annual,,,,,,,,,,,,,,,,,,,,27492.308,,,,,,-113.866,,,,,,
CANNON TOYOTA OF MOSS POINT  23084,T001T23084,NAICS,4411,,,USA,MS,UDS 4.0,2025-03-31,USD,Thousands,Consolidated,US GAAP,Audited,Annual,481.942,,4542.539,,,,,38380.518,,,,,15693.816,,,,,-1611.95,,71077.877,,,,55.661,,542.125,52.196,,,,1970.469,
CANNON TOYOTA OF MOSS POINT  23084,T001T23084,NAICS,4411,,,USA,MS,UDS 4.0,2024-03-31,USD,Thousands,Consolidated,US GAAP,Audited,Annual,,,,,,,,,,,,,,,,,,,,63937.766,,,,,,194.274,,,,,,
LEXUS OF BELLEVUE  64602  TACOMA AT FIFE  64630,T001T64602,NAICS,4411,,,USA,WA,UDS 4.0,2025-03-31,USD,Thousands,Consolidated,US GAAP,Audited,Annual,5223.461,,9413.905,,,,,35007.309,,,,,17816.018,,,,,4492.109,,383515.212,,,,3818.164,,12080.922,2441.359,,,,28446.867,
LEXUS OF BELLEVUE  64602  TACOMA AT FIFE  64630,T001T64602,NAICS,4411,,,USA,WA,UDS 4.0,2024-03-31,USD,Thousands,Consolidated,US GAAP,Audited,Annual,,,,,,,,,,,,,,,,,,,,344594.098,,,,,,12420.699,,,,,,
TOYOTA OF DANVILLE  12148,T001T12148,NAICS,4411,,,USA,IL,UDS 4.0,2025-03-31,USD,Thousands,Consolidated,US GAAP,Audited,Annual,457.448,,3795.842,,,,,5275.715,,,,,2607.892,,,,,3685.229,,38357.722,,,,54.699,,784.527,20.18,,,,1503.426,
TOYOTA OF DANVILLE  12148,T001T12148,NAICS,4411,,,USA,IL,UDS 4.0,2024-03-31,USD,Thousands,Consolidated,US GAAP,Audited,Annual,,,,,,,,,,,,,,,,,,,,36168.662,,,,,,805.181,,,,,,
LANGWAY TOYOTA OF NEWPORT  38031,T001T38031,NAICS,4411,,,USA,RI,UDS 4.0,2025-03-31,USD,Thousands,Consolidated,US GAAP,Audited,Annual,689.603,,2208.725,,,,,8809.794,,,,,3124.379,,,,,8499.242,,37307.915,,,,42.358,,1778.609,38.758,,,,2665.683,
LANGWAY TOYOTA OF NEWPORT  38031,T001T38031,NAICS,4411,,,USA,RI,UDS 4.0,2024-03-31,USD,Thousands,Consolidated,US GAAP,Audited,Annual,,,,,,,,,,,,,,,,,,,,37192.298,,,,,,2841.064,,,,,,
CAPITOL NISSAN OF SALEM  36530,T001T36530,NAICS,4411,,,USA,OR,UDS 4.0,2025-03-31,USD,Thousands,Consolidated,US GAAP,Audited,Annual,172.655,,4755.298,,,,,7261.027,,,,,5222.627,,,,,-1171.314,,22924.892,,,,98.008,,-1816.644,158.716,,,,0.0,
TOYOTA OF GRAND RAPIDS  21065,T001T21065,NAICS,4411,,,USA,MI,UDS 4.0,2025-03-31,USD,Thousands,Consolidated,US GAAP,Audited,Annual,4925.416,,5545.214,,,,,16503.598,,,,,8666.549,,,,,3124.191,,100559.721,,,,9.816,,2493.172,27.349,,,,3987.82,
TOYOTA OF GRAND RAPIDS  21065,T001T21065,NAICS,4411,,,USA,MI,UDS 4.0,2024-03-31,USD,Thousands,Consolidated,US GAAP,Audited,Annual,,,,,,,,,,,,,,,,,,,,106449.329,,,,,,2664.571,,,,,,
LEADCAR TOYOTA LA CROSSE  48060,T001T48060,NAICS,4411,,,USA,WI,UDS 4.0,2025-03-31,USD,Thousands,Consolidated,US GAAP,Audited,Annual,168.411,,3608.026,,,,,11803.406,,,,,4872.38,,,,,1190.694,,56411.657,,,,230.987,,2064.827,191.521,,,,1992.611,
LEADCAR TOYOTA LA CROSSE  48060,T001T48060,NAICS,4411,,,USA,WI,UDS 4.0,2024-03-31,USD,Thousands,Consolidated,US GAAP,Audited,Annual,,,,,,,,,,,,,,,,,,,,52014.436,,,,,,2359.041,,,,,,
MARK MILLER TOYOTA  43020,T001T43020,NAICS,4411,,,USA,UT,UDS 4.0,2025-03-31,USD,Thousands,Consolidated,US GAAP,Audited,Annual,1970.459,,8743.442,,,,,23278.101,,,,,10758.217,,,,,8115.725,,215299.403,,,,808.189,,2970.346,808.189,,,,8278.387,
MARK MILLER TOYOTA  43020,T001T43020,NAICS,4411,,,USA,UT,UDS 4.0,2024-03-31,USD,Thousands,Consolidated,US GAAP,Audited,Annual,,,,,,,,,,,,,,,,,,,,223898.221,,,,,,4191.071,,,,,,
MORGAN CITY TOYOTA,T001T17077,NAICS,4411,,,USA,LA,UDS 4.0,2024-11-30,USD,Thousands,Consolidated,US GAAP,Audited,Annual,299.801,,2929.496,,,,,4145.785,,,,,3847.696,,,,,422.919,,28516.171636364,,,,52.504363636,,-1932.12,66.989454545,,,,0.0,
MORGAN CITY TOYOTA,T001T17077,NAICS,4411,,,USA,LA,UDS 4.0,2023-11-30,USD,Thousands,Consolidated,US GAAP,Audited,Annual,,,,,,,,,,,,,,,,,,,,35350.732,,,,,,-1284.855,,,,,,
MATICK TOYOTA  21117,T001T21117,NAICS,4411,,,USA,MI,UDS 4.0,2025-03-31,USD,Thousands,Consolidated,US GAAP,Audited,Annual,925.181,,2233.327,,,,,4937.571,,,,,3129.822,,,,,-390.18,,51986.434,,,,155.758,,106.619,98.829,,,,1215.265,
MATICK TOYOTA  21117,T001T21117,NAICS,4411,,,USA,MI,UDS 4.0,2024-03-31,USD,Thousands,Consolidated,US GAAP,Audited,Annual,,,,,,,,,,,,,,,,,,,,47447.397,,,,,,663.087,,,,,,
MCDONOUGH TOYOTA  45030,T001T45030,NAICS,4411,,,USA,VA,UDS 4.0,2025-03-31,USD,Thousands,Consolidated,US GAAP,Audited,Annual,2526.618,,4946.366,,,,,13742.081,,,,,5344.409,,,,,9477.885,,44417.4,,,,160.474,,1095.121,82.703,,,,1689.867,
MCDONOUGH TOYOTA  45030,T001T45030,NAICS,4411,,,USA,VA,UDS 4.0,2024-03-31,USD,Thousands,Consolidated,US GAAP,Audited,Annual,,,,,,,,,,,,,,,,,,,,48071.001,,,,,,1415.798,,,,,,
DALTON TOYOTA NATIONAL CITY  04844,T001T04844,NAICS,4411,,,USA,CA,UDS 4.0,2025-03-31,USD,Thousands,Consolidated,US GAAP,Audited,Annual,1079.28,,4722.423,,,,,68573.838,,,,,7824.793,,,,,2648.949,,130519.581,,,,1070.236,,2631.775,655.14,,,,5760.094,
DALTON TOYOTA NATIONAL CITY  04844,T001T04844,NAICS,4411,,,USA,CA,UDS 4.0,2024-03-31,USD,Thousands,Consolidated,US GAAP,Audited,Annual,,,,,,,,,,,,,,,,,,,,140296.543,,,,,,4550.041,,,,,,
KARL MALONE TOYOTA OF RUSTON  17076,T001T17076,NAICS,4411,,,USA,LA,UDS 4.0,2025-03-31,USD,Thousands,Consolidated,US GAAP,Audited,Annual,1292.341,,3576.897,,,,,7965.476,,,,,4638.13,,,,,2265.248,,42570.802,,,,63.703,,-229.896,21.627,,,,630.544,
KARL MALONE TOYOTA OF RUSTON  17076,T001T17076,NAICS,4411,,,USA,LA,UDS 4.0,2024-03-31,USD,Thousands,Consolidated,US GAAP,Audited,Annual,,,,,,,,,,,,,,,,,,,,40306.68,,,,,,-146.218,,,,,,
TOYOTA OF BRAINTREE  20122,T001T20122,NAICS,4411,,,USA,MA,UDS 4.0,2025-03-31,USD,Thousands,Consolidated,US GAAP,Audited,Annual,13909.174,,8787.736,,,,,25492.493,,,,,8767.395,,,,,21144.428,,102502.567,,,,505.845,,1493.23,460.351,,,,3563.057,
TOYOTA OF BRAINTREE  20122,T001T20122,NAICS,4411,,,USA,MA,UDS 4.0,2024-03-31,USD,Thousands,Consolidated,US GAAP,Audited,Annual,,,,,,,,,,,,,,,,,,,,108783.762,,,,,,4088.742,,,,,,
BUCKHANNON TOYOTA  47027,T001T47027,NAICS,4411,,,USA,WV,UDS 4.0,2025-03-31,USD,Thousands,Consolidated,US GAAP,Audited,Annual,2127.805,,6870.334,,,,,10388.358,,,,,6307.307,,,,,8583.868,,71036.403,,,,209.954,,89.637,78.211,,,,2343.694,
BUCKHANNON TOYOTA  47027,T001T47027,NAICS,4411,,,USA,WV,UDS 4.0,2024-03-31,USD,Thousands,Consolidated,US GAAP,Audited,Annual,,,,,,,,,,,,,,,,,,,,77135.312,,,,,,1698.512,,,,,,
TOYOTA CHULA VISTA  04353,T001T04353,NAICS,4411,,,USA,CA,UDS 4.0,2025-03-31,USD,Thousands,Consolidated,US GAAP,Audited,Annual,7353.016,,4787.489,,,,,16597.454,,,,,12045.28,,,,,1348.189,,132901.549,,,,472.867,,4349.173,347.538,,,,6664.466,
TOYOTA CHULA VISTA  04353,T001T04353,NAICS,4411,,,USA,CA,UDS 4.0,2024-03-31,USD,Thousands,Consolidated,US GAAP,Audited,Annual,,,,,,,,,,,,,,,,,,,,122340.66,,,,,,4657.619,,,,,,
HONDA OF STATEN ISLAND  31478,T001T31478,NAICS,4411,,,USA,NY,UDS 4.0,2025-03-31,USD,Thousands,Consolidated,US GAAP,Audited,Annual,1585.351,,8189.728,,,,,22710.59,,,,,6724.564,,,,,0.0,,100657.333,,,,394.106,,3769.714,183.371,,,,4589.04,
HONDA OF STATEN ISLAND  31478,T001T31478,NAICS,4411,,,USA,NY,UDS 4.0,2024-03-31,USD,Thousands,Consolidated,US GAAP,Audited,Annual,,,,,,,,,,,,,,,,,,,,93121.199,,,,,,5605.418,,,,,,
TOYOTA OF LAREDO  42025,T001T42025,NAICS,4411,,,USA,TX,UDS 4.0,2025-03-31,USD,Thousands,Consolidated,US GAAP,Audited,Annual,4250.316,,5495.284,,,,,14444.584,,,,,6687.109,,,,,13057.139,,87393.607,,,,7.303,,333.317,6.122,,,,1658.493,
TOYOTA OF LAREDO  42025,T001T42025,NAICS,4411,,,USA,TX,UDS 4.0,2024-03-31,USD,Thousands,Consolidated,US GAAP,Audited,Annual,,,,,,,,,,,,,,,,,,,,84144.821,,,,,,777.563,,,,,,
DUBLIN TOYOTA  04362,T001T04362,NAICS,4411,,,USA,CA,UDS 4.0,2025-03-31,USD,Thousands,Consolidated,US GAAP,Audited,Annual,3258.947,,8253.228,,,,,49283.874,,,,,12620.402,,,,,14190.036,,178453.82,,,,842.932,,2779.13,532.888,,,,4986.501,
DUBLIN TOYOTA  04362,T001T04362,NAICS,4411,,,USA,CA,UDS 4.0,2024-03-31,USD,Thousands,Consolidated,US GAAP,Audited,Annual,,,,,,,,,,,,,,,,,,,,167889.758,,,,,,3771.956,,,,,,
MCGRATH LEXUS OF CHICAGO  61230,T001T61230,NAICS,4411,,,USA,IL,UDS 4.0,2025-03-31,USD,Thousands,Consolidated,US GAAP,Audited,Annual,6130.675,,4779.997,,,,,21977.647,,,,,8970.962,,,,,15573.073,,140780.594,,,,1528.785,,324.846,1435.717,,,,5632.381,
MCGRATH LEXUS OF CHICAGO  61230,T001T61230,NAICS,4411,,,USA,IL,UDS 4.0,2024-03-31,USD,Thousands,Consolidated,US GAAP,Audited,Annual,,,,,,,,,,,,,,,,,,,,126744.432,,,,,,1235.422,,,,,,
PURDY AUTOS OF CLEBURN  42502,T001T42502,NAICS,4411,,,USA,TX,UDS 4.0,2023-08-31,USD,Thousands,Consolidated,US GAAP,Audited,Annual,477.749,,0.0,,,,,524.838,,,,,573.237,,,,,501.64,,2684.0415,,,,36.525,,-924.531,29.442,,,,0.0,
LUTHER AUTO GROUP  00249  10K 10Q,T001T00249,NAICS,4411,,,USA,TN,UDS 4.0,2024-09-30,USD,Thousands,Consolidated,US GAAP,Audited,Annual,44587.0,,493880.0,,,,,1519508.0,,,,,528654.0,,,,,692942.0,,4230082.0,,,,49469.0,,148675.0,13870.0,,,,89771.0,
LUTHER AUTO GROUP  00249  10K 10Q,T001T00249,NAICS,4411,,,USA,TN,UDS 4.0,2023-09-30,USD,Thousands,Consolidated,US GAAP,Audited,Annual,,,,,,,,,,,,,,,,,,,,4277367.0,,,,,,185209.0,,,,,,
WILDE EAST TOWNE HONDA  48993,T001T48993,NAICS,4411,,,USA,WI,UDS 4.0,2022-08-31,USD,Thousands,Consolidated,US GAAP,Audited,Annual,9676.409,,3486.206,,,,,14994.528,,,,,2434.852,,,,,9262.321,,83250.56,,,,381.858,,3386.436,373.947,,,,4479.839,
WILDE EAST TOWNE HONDA  48993,T001T48993,NAICS,4411,,,USA,WI,UDS 4.0,2021-08-31,USD,Thousands,Consolidated,US GAAP,Audited,Annual,,,,,,,,,,,,,,,,,,,,97037.324,,,,,,3085.322,,,,,,
FAMILY TOYOTA OF BURLESON  42327,T001T42327,NAICS,4411,,,USA,TX,UDS 4.0,2025-03-31,USD,Thousands,Consolidated,US GAAP,Audited,Annual,10670.302,,23953.421,,,,,68697.569,,,,,35322.677,,,,,92163.988,,373454.727,,,,558.692,,3886.712,255.259,,,,16397.45,
FAMILY TOYOTA OF BURLESON  42327,T001T42327,NAICS,4411,,,USA,TX,UDS 4.0,2024-03-31,USD,Thousands,Consolidated,US GAAP,Audited,Annual,,,,,,,,,,,,,,,,,,,,310129.478,,,,,,6454.899,,,,,,
LEXUS OF HUNTSVILLE,T001T60106,NAICS,4411,,,USA,AL,UDS 4.0,2024-04-30,USD,Thousands,Consolidated,US GAAP,Audited,Annual,8618.307,,6788.59,,,,,25689.1,,,,,9357.9,,,,,16678.961,,79227.654,,,,618.096,,1439.853,466.626,,,,4360.878,
LEXUS OF HUNTSVILLE,T001T60106,NAICS,4411,,,USA,AL,UDS 4.0,2023-04-30,USD,Thousands,Consolidated,US GAAP,Audited,Annual,,,,,,,,,,,,,,,,,,,,65531.341,,,,,,1373.846,,,,,,
OURISMAN CHANTILLY TOYOTA  45079,T001T45079,NAICS,4411,,,USA,VA,UDS 4.0,2025-03-31,USD,Thousands,Consolidated,US GAAP,Audited,Annual,7766.163,,6922.486,,,,,30780.087,,,,,10088.342,,,,,14991.361,,148162.894,,,,809.802,,7476.639,613.842,,,,10442.67,
OURISMAN CHANTILLY TOYOTA  45079,T001T45079,NAICS,4411,,,USA,VA,UDS 4.0,2024-03-31,USD,Thousands,Consolidated,US GAAP,Audited,Annual,,,,,,,,,,,,,,,,,,,,128609.689,,,,,,8189.332,,,,,,
LEXUS OF MANCHESTER  62803,T001T62803,NAICS,4411,,,USA,NH,UDS 4.0,2025-03-31,USD,Thousands,Consolidated,US GAAP,Audited,Annual,3802.755,,3347.473,,,,,57853.693,,,,,3938.272,,,,,2420.547,,84331.628,,,,684.944,,-150.584,1171.028,,,,3011.84,
STRAATMANN TOYOTA  24052,T001T24052,NAICS,4411,,,USA,MO,UDS 4.0,2025-03-31,USD,Thousands,Consolidated,US GAAP,Audited,Annual,1683.317,,1626.956,,,,,3636.47,,,,,1079.32,,,,,2505.785,,14585.382,,,,186.0,,-627.715,19.659,,,,59.826,
STRAATMANN TOYOTA  24052,T001T24052,NAICS,4411,,,USA,MO,UDS 4.0,2024-03-31,USD,Thousands,Consolidated,US GAAP,Audited,Annual,,,,,,,,,,,,,,,,,,,,15824.179,,,,,,-414.146,,,,,,
PEPPERS FORD  41831   SEPARATE LEGAL ENTITY FROM 41890 AS OF FEB  2023,T001T41831,NAICS,4411,,,USA,TN,UDS 4.0,2025-03-31,USD,Thousands,Consolidated,US GAAP,Audited,Annual,636.835,,1915.277,,,,,2885.96,,,,,1721.753,,,,,746.328,,15460.991,,,,0.0,,-157.681,70.67,,,,67.342,
PEPPERS FORD  41831   SEPARATE LEGAL ENTITY FROM 41890 AS OF FEB  2023,T001T41831,NAICS,4411,,,USA,TN,UDS 4.0,2024-03-31,USD,Thousands,Consolidated,US GAAP,Audited,Annual,,,,,,,,,,,,,,,,,,,,15823.265,,,,,,-142.076,,,,,,
FINDLAY TOYOTA  27020,T001T27020,NAICS,4411,,,USA,NV,UDS 4.0,2025-03-31,USD,Thousands,Consolidated,US GAAP,Audited,Annual,19614.658,,18580.136,,,,,61377.334,,,,,11026.806,,,,,122832.879,,413395.108,,,,2869.552,,12530.454,2091.04,,,,23971.517,
FINDLAY TOYOTA  27020,T001T27020,NAICS,4411,,,USA,NV,UDS 4.0,2024-03-31,USD,Thousands,Consolidated,US GAAP,Audited,Annual,,,,,,,,,,,,,,,,,,,,404313.157,,,,,,19918.921,,,,,,
AWESOME CHEVROLET  46502,T001T46502,NAICS,4411,,,USA,WA,UDS 4.0,2025-03-31,USD,Thousands,Consolidated,US GAAP,Audited,Annual,669.234,,3780.691,,,,,7245.91459,,,,,3647.064,,,,,2518.606,,32637.596,,,,244.754,,41.676,129.754,,,,541.44,
AWESOME CHEVROLET  46502,T001T46502,NAICS,4411,,,USA,WA,UDS 4.0,2024-03-31,USD,Thousands,Consolidated,US GAAP,Audited,Annual,,,,,,,,,,,,,,,,,,,,32220.762,,,,,,117.537,,,,,,
HANOVER NISSAN  37678,T001T37678,NAICS,4411,,,USA,PA,UDS 4.0,2025-03-31,USD,Thousands,Consolidated,US GAAP,Audited,Annual,187.316,,2062.148,,,,,3194.26,,,,,2787.422,,,,,-1698.398,,17266.719,,,,11.648,,-542.552,95.853,,,,0.0,
HANOVER NISSAN  37678,T001T37678,NAICS,4411,,,USA,PA,UDS 4.0,2024-03-31,USD,Thousands,Consolidated,US GAAP,Audited,Annual,,,,,,,,,,,,,,,,,,,,14065.54,,,,,,-750.563,,,,,,
EMPIRE SUBARU HUNTINGTON  31485,T001T31485,NAICS,4411,,,USA,NY,UDS 4.0,2025-03-31,USD,Thousands,Consolidated,US GAAP,Audited,Annual,3086.368,,3900.767,,,,,14686.919,,,,,5948.48,,,,,162.57,,44377.392,,,,31.449,,-1576.175,249.671,,,,86.231,
EMPIRE SUBARU HUNTINGTON  31485,T001T31485,NAICS,4411,,,USA,NY,UDS 4.0,2024-03-31,USD,Thousands,Consolidated,US GAAP,Audited,Annual,,,,,,,,,,,,,,,,,,,,54863.065,,,,,,-1410.524,,,,,,
AUTOGERMANA BMW  59858,T001T59858,NAICS,4411,,,USA,,UDS 4.0,2025-03-31,USD,Thousands,Consolidated,US GAAP,Audited,Annual,13773.092,,33565.73,,,,,143765.625,,,,,73568.642,,,,,58943.332,,375180.592,,,,830.654,,10167.946,2405.617,,,,13472.556,
AUTOGERMANA BMW  59858,T001T59858,NAICS,4411,,,USA,,UDS 4.0,2024-03-31,USD,Thousands,Consolidated,US GAAP,Audited,Annual,,,,,,,,,,,,,,,,,,,,323386.853,,,,,,8793.101,,,,,,
TOYOTA OF MUSKEGON  21104  MY AUTO AUDI  21785  VW  21787  NISSAN  21790,T001T21104,NAICS,4411,,,USA,MI,UDS 4.0,2025-03-31,USD,Thousands,Consolidated,US GAAP,Audited,Annual,824.175,,11427.701,,,,,19005.283,,,,,11796.386,,,,,9248.195,,139240.812,,,,227.831,,-398.012,593.116,,,,1973.27,
TOYOTA OF MUSKEGON  21104  MY AUTO AUDI  21785  VW  21787  NISSAN  21790,T001T21104,NAICS,4411,,,USA,MI,UDS 4.0,2024-03-31,USD,Thousands,Consolidated,US GAAP,Audited,Annual,,,,,,,,,,,,,,,,,,,,133107.826,,,,,,1571.583,,,,,,
KALISPELL TOYOTA  25064,T001T25064,NAICS,4411,,,USA,MT,UDS 4.0,2025-03-31,USD,Thousands,Consolidated,US GAAP,Audited,Annual,2237.597,,7570.788,,,,,26112.88,,,,,8032.375,,,,,10158.161,,117955.945,,,,550.669,,4074.293,137.73,,,,5893.928,
KALISPELL TOYOTA  25064,T001T25064,NAICS,4411,,,USA,MT,UDS 4.0,2024-03-31,USD,Thousands,Consolidated,US GAAP,Audited,Annual,,,,,,,,,,,,,,,,,,,,107396.732,,,,,,4301.905,,,,,,
YOUNGER TOYOTA  19028,T001T19028,NAICS,4411,,,USA,MD,UDS 4.0,2025-03-31,USD,Thousands,Consolidated,US GAAP,Audited,Annual,3868.854,,11420.883,,,,,21853.904,,,,,7189.201,,,,,10860.977,,95093.414,,,,714.265,,77.953,456.592,,,,3617.412,
YOUNGER TOYOTA  19028,T001T19028,NAICS,4411,,,USA,MD,UDS 4.0,2024-03-31,USD,Thousands,Consolidated,US GAAP,Audited,Annual,,,,,,,,,,,,,,,,,,,,98854.732,,,,,,1108.761,,,,,,
ANTIOCH NISSAN  54100,T001T54100,NAICS,4411,,,USA,CA,UDS 4.0,2024-11-30,USD,Thousands,Consolidated,US GAAP,Audited,Annual,1690.199,,5199.046,,,,,7611.716,,,,,5030.134,,,,,4429.889,,27337.634,,,,9.657,,-1702.571,126.243,,,,0.0,
ANTIOCH NISSAN  54100,T001T54100,NAICS,4411,,,USA,CA,UDS 4.0,2023-11-30,USD,Thousands,Consolidated,US GAAP,Audited,Annual,,,,,,,,,,,,,,,,,,,,31559.921,,,,,,-405.593,,,,,,
BENNETT JAGUAR LAND ROVER  37757,T001T37757,NAICS,4411,,,USA,PA,UDS 4.0,2025-03-31,USD,Thousands,Consolidated,US GAAP,Audited,Annual,198.017,,10464.881,,,,,25232.004,,,,,10016.494,,,,,11327.488,,43005.084,,,,24.659,,-3344.895,607.936,,,,0.0,
BENNETT JAGUAR LAND ROVER  37757,T001T37757,NAICS,4411,,,USA,PA,UDS 4.0,2024-03-31,USD,Thousands,Consolidated,US GAAP,Audited,Annual,,,,,,,,,,,,,,,,,,,,35648.032,,,,,,-1919.121,,,,,,
SANSONE KIA  29917,T001T29917,NAICS,4411,,,USA,NJ,UDS 4.0,2025-03-31,USD,Thousands,Consolidated,US GAAP,Audited,Annual,6950.607,,6865.417,,,,,15962.098,,,,,6337.553,,,,,9568.86,,48826.259,,,,84.865,,-900.69,385.511,,,,1707.349,
SANSONE KIA  29917,T001T29917,NAICS,4411,,,USA,NJ,UDS 4.0,2024-03-31,USD,Thousands,Consolidated,US GAAP,Audited,Annual,,,,,,,,,,,,,,,,,,,,53549.936,,,,,,214.523,,,,,,
SHARP CHEVROLET TOYOTA  40017,T001T40017,NAICS,4411,,,USA,SD,UDS 4.0,2025-03-31,USD,Thousands,Consolidated,US GAAP,Audited,Annual,351.097,,11267.247,,,,,18561.383,,,,,10002.434,,,,,6504.121,,93501.103,,,,227.593,,1732.608,173.807,,,,2272.156,
SHARP CHEVROLET TOYOTA  40017,T001T40017,NAICS,4411,,,USA,SD,UDS 4.0,2024-03-31,USD,Thousands,Consolidated,US GAAP,Audited,Annual,,,,,,,,,,,,,,,,,,,,96968.284,,,,,,2862.705,,,,,,
MCGEE CDJR OF BRATTLEBORO  44802,T001T44802,NAICS,4411,,,USA,VT,UDS 4.0,2024-08-31,USD,Thousands,Consolidated,US GAAP,Audited,Annual,271.687,,6170.123,,,,,9696.606,,,,,6320.391,,,,,-1606.894,,19566.756,,,,15.081,,-750.143,422.252,,,,0.0,
MCGEE CDJR OF BRATTLEBORO  44802,T001T44802,NAICS,4411,,,USA,VT,UDS 4.0,2023-08-31,USD,Thousands,Consolidated,US GAAP,Audited,Annual,,,,,,,,,,,,,,,,,,,,29944.647,,,,,,-450.213,,,,,,
RED RIVER TOYOTA  03075,T001T03075,NAICS,4411,,,USA,AR,UDS 4.0,2025-03-31,USD,Thousands,Consolidated,US GAAP,Audited,Annual,1010.759,,7772.45,,,,,10704.638,,,,,4637.994,,,,,9363.12,,54737.377,,,,24.067,,-247.905,114.355,,,,660.91,
RED RIVER TOYOTA  03075,T001T03075,NAICS,4411,,,USA,AR,UDS 4.0,2024-03-31,USD,Thousands,Consolidated,US GAAP,Audited,Annual,,,,,,,,,,,,,,,,,,,,54511.229,,,,,,404.368,,,,,,
LEXUS OF MERRILLVILLE,T001T61306,NAICS,4411,,,USA,IN,UDS 4.0,2025-03-31,USD,Thousands,Consolidated,US GAAP,Audited,Annual,3258.001,,3478.258,,,,,12718.343,,,,,3657.425,,,,,16306.807,,48381.313,,,,471.236,,780.928,386.836,,,,2539.562,
LEXUS OF MERRILLVILLE,T001T61306,NAICS,4411,,,USA,IN,UDS 4.0,2024-03-31,USD,Thousands,Consolidated,US GAAP,Audited,Annual,,,,,,,,,,,,,,,,,,,,48527.507,,,,,,798.614,,,,,,
CLASSIC TOYOTA  12137,T001T12137,NAICS,4411,,,USA,IL,UDS 4.0,2025-03-31,USD,Thousands,Consolidated,US GAAP,Audited,Annual,468.583,,2302.239,,,,,21707.764,,,,,3658.256,,,,,3600.183,,47691.473,,,,110.097,,-536.684,100.8,,,,956.409,
CLASSIC TOYOTA  12137,T001T12137,NAICS,4411,,,USA,IL,UDS 4.0,2024-03-31,USD,Thousands,Consolidated,US GAAP,Audited,Annual,,,,,,,,,,,,,,,,,,,,52766.309,,,,,,194.746,,,,,,
AUTONATION  00255  10K 10Q,T001T00255,NAICS,4411,,,USA,WI,UDS 4.0,2025-03-31,USD,Thousands,Consolidated,US GAAP,Audited,Annual,70500.0,,3231600.0,,,,,13325600.0,,,,,5881400.0,,,,,5327000.0,,26970100.0,,,,244200.0,,877100.0,393400.0,,,,677600.0,
AUTONATION  00255  10K 10Q,T001T00255,NAICS,4411,,,USA,WI,UDS 4.0,2024-03-31,USD,Thousands,Consolidated,US GAAP,Audited,Annual,,,,,,,,,,,,,,,,,,,,27035900.0,,,,,,1201500.0,,,,,,
LEXUS OF WOODLAND HILLS  60458,T001T60458,NAICS,4411,,,USA,CA,UDS 4.0,2025-03-31,USD,Thousands,Consolidated,US GAAP,Audited,Annual,5335.667,,2935.88,,,,,37116.942,,,,,12594.505,,,,,9734.519,,158278.656,,,,1870.857,,-3849.451,1359.392,,,,4217.804,
LEXUS OF WOODLAND HILLS  60458,T001T60458,NAICS,4411,,,USA,CA,UDS 4.0,2024-03-31,USD,Thousands,Consolidated,US GAAP,Audited,Annual,,,,,,,,,,,,,,,,,,,,146440.917,,,,,,-4701.411,,,,,,
TOYOTA SOUTH  16049,T001T16049,NAICS,4411,,,USA,KY,UDS 4.0,2025-03-31,USD,Thousands,Consolidated,US GAAP,Audited,Annual,11765.747,,4769.046,,,,,30457.32,,,,,7828.253,,,,,24843.982,,101934.433,,,,526.863,,3327.017,341.334,,,,6930.975,
TOYOTA SOUTH  16049,T001T16049,NAICS,4411,,,USA,KY,UDS 4.0,2024-03-31,USD,Thousands,Consolidated,US GAAP,Audited,Annual,,,,,,,,,,,,,,,,,,,,97299.736,,,,,,3834.081,,,,,,
LEXUS OF COLORADO SPRINGS  60505,T001T60505,NAICS,4411,,,USA,CO,UDS 4.0,2025-03-31,USD,Thousands,Consolidated,US GAAP,Audited,Annual,318.526,,6068.563,,,,,37941.373,,,,,12353.835,,,,,2590.47,,80317.226,,,,780.524,,-1666.957,477.613,,,,898.433,
LEXUS OF COLORADO SPRINGS  60505,T001T60505,NAICS,4411,,,USA,CO,UDS 4.0,2024-03-31,USD,Thousands,Consolidated,US GAAP,Audited,Annual,,,,,,,,,,,,,,,,,,,,70093.264,,,,,,-198.89,,,,,,
SPARTAN TOYOTA,T001T21067,NAICS,4411,,,USA,MI,UDS 4.0,2022-10-31,USD,Thousands,Consolidated,US GAAP,Audited,Annual,6667.431,,1036.322,,,,,11385.138,,,,,1859.191,,,,,9482.11,,103102.4964,,,,939.1152,,2381.4864,847.7568,,,,4812.0048,
SPARTAN TOYOTA,T001T21067,NAICS,4411,,,USA,MI,UDS 4.0,2021-10-31,USD,Thousands,Consolidated,US GAAP,Audited,Annual,,,,,,,,,,,,,,,,,,,,102118.275,,,,,,2231.548,,,,,,
ZEIGLER AUTOMOTIVE GROUP   00627  10K 10Q,T001T00627,NAICS,4411,,,USA,TX,UDS 4.0,2024-12-31,USD,Thousands,Consolidated,US GAAP,Audited,Annual,37358.471,,338569.129,,,,,746967.696,,,,,366075.882,,,,,264042.678,,2170796.824,,,,9665.414,,42070.596,7189.39,,,,49037.136,
ZEIGLER AUTOMOTIVE GROUP   00627  10K 10Q,T001T00627,NAICS,4411,,,USA,TX,UDS 4.0,2023-12-31,USD,Thousands,Consolidated,US GAAP,Audited,Annual,,,,,,,,,,,,,,,,,,,,2087910.464,,,,,,58269.241,,,,,,
STOLER LEXUS  63112  LEXUS OF FREEPORT  63138,T001T63112,NAICS,4411,,,USA,NY,UDS 4.0,2025-03-31,USD,Thousands,Consolidated,US GAAP,Audited,Annual,19765.445,,21522.062,,,,,141030.117,,,,,31525.833,,,,,30295.97,,379239.988,,,,3350.171,,1296.256,2169.296,,,,19541.036,
STOLER LEXUS  63112  LEXUS OF FREEPORT  63138,T001T63112,NAICS,4411,,,USA,NY,UDS 4.0,2024-03-31,USD,Thousands,Consolidated,US GAAP,Audited,Annual,,,,,,,,,,,,,,,,,,,,334574.227,,,,,,1904.059,,,,,,
THOMPSON TOYOTA,T001T19050,NAICS,4411,,,USA,MD,UDS 4.0,2022-07-31,USD,Thousands,Consolidated,US GAAP,Audited,Annual,27060.132,,0.0,,,,,28260.204,,,,,766.743,,,,,3897.919,,104810.370857143,,,,548.689714286,,-171.672,279.337714286,,,,2007.404571429,
THOMPSON TOYOTA,T001T19050,NAICS,4411,,,USA,MD,UDS 4.0,2021-07-31,USD,Thousands,Consolidated,US GAAP,Audited,Annual,,,,,,,,,,,,,,,,,,,,99104.527,,,,,,-729.446,,,,,,
TANSKY SAWMILL TOYOTA  34025,T001T34025,NAICS,4411,,,USA,OH,UDS 4.0,2025-03-31,USD,Thousands,Consolidated,US GAAP,Audited,Annual,4260.014,,5854.008,,,,,24598.577,,,,,4473.054,,,,,17986.595,,109433.068,,,,437.963,,66.517,34.017,,,,2310.083,
TANSKY SAWMILL TOYOTA  34025,T001T34025,NAICS,4411,,,USA,OH,UDS 4.0,2024-03-31,USD,Thousands,Consolidated,US GAAP,Audited,Annual,,,,,,,,,,,,,,,,,,,,107512.485,,,,,,209.71,,,,,,
CITY WORLD HYUNDAI  31484,T001T31484,NAICS,4411,,,USA,NY,UDS 4.0,2025-03-31,USD,Thousands,Consolidated,US GAAP,Audited,Annual,3501.074,,11713.137,,,,,16982.119,,,,,13351.185,,,,,2380.195,,60704.371,,,,26.597,,-1743.831,0.441,,,,795.603,
CITY WORLD HYUNDAI  31484,T001T31484,NAICS,4411,,,USA,NY,UDS 4.0,2024-03-31,USD,Thousands,Consolidated,US GAAP,Audited,Annual,,,,,,,,,,,,,,,,,,,,52097.176,,,,,,-856.457,,,,,,
ZANESVILLE HONDA  34706,T001T34706,NAICS,4411,,,USA,OH,UDS 4.0,2024-10-31,USD,Thousands,Consolidated,US GAAP,Audited,Annual,-43.45,,7023.888,,,,,11342.906,,,,,6103.138,,,,,0.0,,56629.634,,,,125.327,,10.428,111.676,,,,2214.607,
ZANESVILLE HONDA  34706,T001T34706,NAICS,4411,,,USA,OH,UDS 4.0,2023-10-31,USD,Thousands,Consolidated,US GAAP,Audited,Annual,,,,,,,,,,,,,,,,,,,,50080.1988,,,,,,1616.3016,,,,,,
LOYALTY TOYOTA  45082,T001T45082,NAICS,4411,,,USA,VA,UDS 4.0,2025-03-31,USD,Thousands,Consolidated,US GAAP,Audited,Annual,2569.132,,4747.358,,,,,60065.746,,,,,5628.855,,,,,27080.138,,116063.011,,,,992.841,,2684.42,68.482,,,,5596.888,
LOYALTY TOYOTA  45082,T001T45082,NAICS,4411,,,USA,VA,UDS 4.0,2024-03-31,USD,Thousands,Consolidated,US GAAP,Audited,Annual,,,,,,,,,,,,,,,,,,,,109800.49,,,,,,2769.582,,,,,,
BRILLIANCE HONDA  12742,T001T12742,NAICS,4411,,,USA,IL,UDS 4.0,2025-03-31,USD,Thousands,Consolidated,US GAAP,Audited,Annual,8254.609,,8747.832,,,,,23401.165,,,,,11250.242,,,,,12865.998,,92173.815,,,,439.845,,1653.641,339.159,,,,2763.642,
BRILLIANCE HONDA  12742,T001T12742,NAICS,4411,,,USA,IL,UDS 4.0,2024-03-31,USD,Thousands,Consolidated,US GAAP,Audited,Annual,,,,,,,,,,,,,,,,,,,,86428.78,,,,,,3363.983,,,,,,
EMPIRE CHEVROLET OF HICKSVILLE  31445,T001T31445,NAICS,4411,,,USA,NY,UDS 4.0,2025-03-31,USD,Thousands,Consolidated,US GAAP,Audited,Annual,1642.909,,10830.722,,,,,24650.95,,,,,13129.545,,,,,-50.788,,73200.544,,,,22.975,,-2740.161,409.973,,,,0.0,
EMPIRE CHEVROLET OF HICKSVILLE  31445,T001T31445,NAICS,4411,,,USA,NY,UDS 4.0,2024-03-31,USD,Thousands,Consolidated,US GAAP,Audited,Annual,,,,,,,,,,,,,,,,,,,,79706.481,,,,,,-1347.516,,,,,,
TOYOTA OF VINELAND,T001T29086,NAICS,4411,,,USA,NJ,UDS 4.0,2025-03-31,USD,Thousands,Consolidated,US GAAP,Audited,Annual,1247.303,,4110.042,,,,,6954.156,,,,,3246.767,,,,,4709.111,,44845.591,,,,124.051,,343.06,152.229,,,,1193.49,
TOYOTA OF VINELAND,T001T29086,NAICS,4411,,,USA,NJ,UDS 4.0,2024-03-31,USD,Thousands,Consolidated,US GAAP,Audited,Annual,,,,,,,,,,,,,,,,,,,,42011.471,,,,,,737.844,,,,,,
CHATHAM PARKWAY SUBARU  10931,T001T10931,NAICS,4411,,,USA,GA,UDS 4.0,2023-12-31,USD,Thousands,Consolidated,US GAAP,Audited,Annual,667.719,,4509.425,,,,,8637.048,,,,,6068.24,,,,,1403.756,,50008.713,,,,54.017,,-224.623,35.521,,,,593.083,
CHATHAM PARKWAY SUBARU  10931,T001T10931,NAICS,4411,,,USA,GA,UDS 4.0,2022-12-31,USD,Thousands,Consolidated,US GAAP,Audited,Annual,,,,,,,,,,,,,,,,,,,,38361.931,,,,,,192.271,,,,,,
FUCCILLO TOYOTA  31168,T001T31168,NAICS,4411,,,USA,NY,UDS 4.0,2022-09-30,USD,Thousands,Consolidated,US GAAP,Audited,Annual,333.731,,2654.958,,,,,6380.641,,,,,1768.696,,,,,761.867,,28651.54,,,,113.679,,347.382,71.68,,,,677.763,
FUCCILLO TOYOTA  31168,T001T31168,NAICS,4411,,,USA,NY,UDS 4.0,2021-09-30,USD,Thousands,Consolidated,US GAAP,Audited,Annual,,,,,,,,,,,,,,,,,,,,29242.092,,,,,,-8.991,,,,,,
NASHVILLE TOYOTA NORTH  41041,T001T41041,NAICS,4411,,,USA,TN,UDS 4.0,2025-03-31,USD,Thousands,Consolidated,US GAAP,Audited,Annual,3893.543,,3239.207,,,,,9409.691,,,,,2638.305,,,,,6028.246,,76809.533,,,,96.198,,-986.885,94.323,,,,2039.143,
NASHVILLE TOYOTA NORTH  41041,T001T41041,NAICS,4411,,,USA,TN,UDS 4.0,2024-03-31,USD,Thousands,Consolidated,US GAAP,Audited,Annual,,,,,,,,,,,,,,,,,,,,100926.798,,,,,,600.844,,,,,,
BENNETT TOYOTA  37067,T001T37067,NAICS,4411,,,USA,PA,UDS 4.0,2025-03-31,USD,Thousands,Consolidated,US GAAP,Audited,Annual,1590.301,,5751.735,,,,,20121.655,,,,,7780.746,,,,,14813.251,,98878.103,,,,254.395,,739.02,90.329,,,,2936.599,
BENNETT TOYOTA  37067,T001T37067,NAICS,4411,,,USA,PA,UDS 4.0,2024-03-31,USD,Thousands,Consolidated,US GAAP,Audited,Annual,,,,,,,,,,,,,,,,,,,,99925.062,,,,,,2509.967,,,,,,
HANLEES FAIRFIELD NISSAN  54510,T001T54510,NAICS,4411,,,USA,CA,UDS 4.0,2022-12-31,USD,Thousands,Consolidated,US GAAP,Audited,Annual,1669.065,,1882.23,,,,,6171.094,,,,,2682.792,,,,,-693.111,,12025.22,,,,150.01,,392.316,91.983,,,,733.825,
HANLEES FAIRFIELD NISSAN  54510,T001T54510,NAICS,4411,,,USA,CA,UDS 4.0,2021-12-31,USD,Thousands,Consolidated,US GAAP,Audited,Annual,,,,,,,,,,,,,,,,,,,,8467.04,,,,,,-639.975,,,,,,
YOUNG HONDA OF LOGAN  43999,T001T43999,NAICS,4411,,,USA,UT,UDS 4.0,2025-03-31,USD,Thousands,Consolidated,US GAAP,Audited,Annual,116.768,,3120.02,,,,,14266.641,,,,,4254.667,,,,,0.0,,33576.985,,,,81.707,,466.114,20.608,,,,748.676,
YOUNG HONDA OF LOGAN  43999,T001T43999,NAICS,4411,,,USA,UT,UDS 4.0,2024-03-31,USD,Thousands,Consolidated,US GAAP,Audited,Annual,,,,,,,,,,,,,,,,,,,,29960.484,,,,,,227.497,,,,,,
CDJR CITY  06594,T001T06594,NAICS,4411,,,USA,CT,UDS 4.0,2025-03-31,USD,Thousands,Consolidated,US GAAP,Audited,Annual,308.57,,9327.472,,,,,26214.832,,,,,10914.475,,,,,-2918.06,,36301.271,,,,15.302,,-4123.313,1404.625,,,,0.0,
CDJR CITY  06594,T001T06594,NAICS,4411,,,USA,CT,UDS 4.0,2024-03-31,USD,Thousands,Consolidated,US GAAP,Audited,Annual,,,,,,,,,,,,,,,,,,,,41521.512,,,,,,-2686.868,,,,,,
SEEGER TOYOTA  24022,T001T24022,NAICS,4411,,,USA,MO,UDS 4.0,2025-03-31,USD,Thousands,Consolidated,US GAAP,Audited,Annual,330.819,,5264.99,,,,,10561.064,,,,,4104.145,,,,,6151.945,,74916.126,,,,394.13,,686.792,160.098,,,,1022.335,
SEEGER TOYOTA  24022,T001T24022,NAICS,4411,,,USA,MO,UDS 4.0,2024-03-31,USD,Thousands,Consolidated,US GAAP,Audited,Annual,,,,,,,,,,,,,,,,,,,,72759.937,,,,,,624.115,,,,,,
VICTORY TOYOTA OF MIDTOWN  12166,T001T12166,NAICS,4411,,,USA,IL,UDS 4.0,2025-03-31,USD,Thousands,Consolidated,US GAAP,Audited,Annual,4349.486,,5608.692,,,,,21048.41,,,,,10257.661,,,,,8024.107,,90165.317,,,,42.054,,276.022,36.175,,,,1456.619,
VICTORY TOYOTA OF MIDTOWN  12166,T001T12166,NAICS,4411,,,USA,IL,UDS 4.0,2024-03-31,USD,Thousands,Consolidated,US GAAP,Audited,Annual,,,,,,,,,,,,,,,,,,,,79682.283,,,,,,1057.996,,,,,,
TOYOTA OF WHITTIER  04197,T001T04197,NAICS,4411,,,USA,CA,UDS 4.0,2025-03-31,USD,Thousands,Consolidated,US GAAP,Audited,Annual,908.44,,5761.631,,,,,41246.572,,,,,8980.781,,,,,1915.287,,142486.372,,,,919.906,,4577.102,190.68,,,,7008.515,
TOYOTA OF WHITTIER  04197,T001T04197,NAICS,4411,,,USA,CA,UDS 4.0,2024-03-31,USD,Thousands,Consolidated,US GAAP,Audited,Annual,,,,,,,,,,,,,,,,,,,,155700.478,,,,,,7698.899,,,,,,
PALMIERO TOYOTA  37109,T001T37109,NAICS,4411,,,USA,PA,UDS 4.0,2025-03-31,USD,Thousands,Consolidated,US GAAP,Audited,Annual,524.677,,3825.594,,,,,11183.161,,,,,2944.136,,,,,970.919,,51765.154,,,,373.574,,238.388,28.555,,,,1171.97,
PALMIERO TOYOTA  37109,T001T37109,NAICS,4411,,,USA,PA,UDS 4.0,2024-03-31,USD,Thousands,Consolidated,US GAAP,Audited,Annual,,,,,,,,,,,,,,,,,,,,53838.107,,,,,,865.347,,,,,,
PARKWAY TOYOTA  29008,T001T29008,NAICS,4411,,,USA,NJ,UDS 4.0,2025-03-31,USD,Thousands,Consolidated,US GAAP,Audited,Annual,3596.462,,5497.822,,,,,15423.605,,,,,5063.317,,,,,10764.244,,71245.255,,,,405.838,,1466.558,158.854,,,,3236.009,
PARKWAY TOYOTA  29008,T001T29008,NAICS,4411,,,USA,NJ,UDS 4.0,2024-03-31,USD,Thousands,Consolidated,US GAAP,Audited,Annual,,,,,,,,,,,,,,,,,,,,62793.501,,,,,,1449.285,,,,,,
FOLSOM LAKE CHRYSLER DODGE JEEP RAM  54819,T001T54819,NAICS,4411,,,USA,CA,UDS 4.0,2024-02-29,USD,Thousands,Consolidated,US GAAP,Audited,Annual,-2988.237,,21367.254,,,,,35174.397,,,,,20292.325,,,,,7490.377,,83210.05,,,,196.108,,566.664,442.723,,,,542.295,
FOLSOM LAKE CHRYSLER DODGE JEEP RAM  54819,T001T54819,NAICS,4411,,,USA,CA,UDS 4.0,2023-02-28,USD,Thousands,Consolidated,US GAAP,Audited,Annual,,,,,,,,,,,,,,,,,,,,75845.469,,,,,,2359.383,,,,,,
EAST COAST TOYOTA  29103,T001T29103,NAICS,4411,,,USA,NJ,UDS 4.0,2025-03-31,USD,Thousands,Consolidated,US GAAP,Audited,Annual,6418.707,,8999.248,,,,,58040.585,,,,,9343.573,,,,,31503.075,,118217.088,,,,538.116,,-824.355,434.468,,,,3677.813,
EAST COAST TOYOTA  29103,T001T29103,NAICS,4411,,,USA,NJ,UDS 4.0,2024-03-31,USD,Thousands,Consolidated,US GAAP,Audited,Annual,,,,,,,,,,,,,,,,,,,,140399.345,,,,,,2754.843,,,,,,
SANTA CRUZ TOYOTA  04221,T001T04221,NAICS,4411,,,USA,CA,UDS 4.0,2025-03-31,USD,Thousands,Consolidated,US GAAP,Audited,Annual,5877.699,,5768.46,,,,,27868.282,,,,,9657.395,,,,,4670.181,,127459.701,,,,748.687,,3212.106,327.97,,,,5820.515,
SANTA CRUZ TOYOTA  04221,T001T04221,NAICS,4411,,,USA,CA,UDS 4.0,2024-03-31,USD,Thousands,Consolidated,US GAAP,Audited,Annual,,,,,,,,,,,,,,,,,,,,138520.347,,,,,,4982.241,,,,,,
VOLVO CARS BELLEVUE  46688,T001T46688,NAICS,4411,,,USA,WA,UDS 4.0,2025-03-31,USD,Thousands,Consolidated,US GAAP,Audited,Annual,50.849,,18379.296,,,,,24399.218,,,,,16057.605,,,,,5645.335,,78671.602,,,,71.053,,-3012.005,627.406,,,,745.101,
VOLVO CARS BELLEVUE  46688,T001T46688,NAICS,4411,,,USA,WA,UDS 4.0,2024-03-31,USD,Thousands,Consolidated,US GAAP,Audited,Annual,,,,,,,,,,,,,,,,,,,,63606.514,,,,,,-2092.494,,,,,,
JIM HUDSON ACURA  10778,T001T10778,NAICS,4411,,,USA,GA,UDS 4.0,2025-03-31,USD,Thousands,Consolidated,US GAAP,Audited,Annual,1240.845,,4327.697,,,,,9457.825,,,,,3624.766,,,,,2025.999,,41100.338,,,,251.471,,-380.362,21.487,,,,934.993,
JIM HUDSON ACURA  10778,T001T10778,NAICS,4411,,,USA,GA,UDS 4.0,2024-03-31,USD,Thousands,Consolidated,US GAAP,Audited,Annual,,,,,,,,,,,,,,,,,,,,37711.592,,,,,,-618.464,,,,,,
SUNRISE TOYOTA NORTH  31190,T001T31190,NAICS,4411,,,USA,NY,UDS 4.0,2025-03-31,USD,Thousands,Consolidated,US GAAP,Audited,Annual,3352.546,,3646.287,,,,,13803.935,,,,,4649.944,,,,,10071.183,,54990.58,,,,227.928,,1432.551,227.928,,,,2407.468,
SUNRISE TOYOTA NORTH  31190,T001T31190,NAICS,4411,,,USA,NY,UDS 4.0,2024-03-31,USD,Thousands,Consolidated,US GAAP,Audited,Annual,,,,,,,,,,,,,,,,,,,,47454.789,,,,,,1229.434,,,,,,
DAN HECHT CHEVY TOYOTA,T001T12126,NAICS,4411,,,USA,IL,UDS 4.0,2025-03-31,USD,Thousands,Consolidated,US GAAP,Audited,Annual,99.689,,5992.359,,,,,14152.889,,,,,4879.0,,,,,800.643,,39646.222,,,,90.91,,378.306,277.037,,,,1157.295,
DAN HECHT CHEVY TOYOTA,T001T12126,NAICS,4411,,,USA,IL,UDS 4.0,2024-03-31,USD,Thousands,Consolidated,US GAAP,Audited,Annual,,,,,,,,,,,,,,,,,,,,43136.749,,,,,,900.462,,,,,,
CAPISTRANO VALLEY TOYOTA  04279,T001T04279,NAICS,4411,,,USA,CA,UDS 4.0,2025-03-31,USD,Thousands,Consolidated,US GAAP,Audited,Annual,1239.979,,6587.129,,,,,32197.962,,,,,15079.86,,,,,-0.013,,143139.125,,,,783.873,,1453.257,344.416,,,,3726.283,
CAPISTRANO VALLEY TOYOTA  04279,T001T04279,NAICS,4411,,,USA,CA,UDS 4.0,2024-03-31,USD,Thousands,Consolidated,US GAAP,Audited,Annual,,,,,,,,,,,,,,,,,,,,109919.887,,,,,,1347.03,,,,,,
HELENA HONDA  25990,T001T25990,NAICS,4411,,,USA,MT,UDS 4.0,2022-06-30,USD,Thousands,Consolidated,US GAAP,Audited,Annual,195.229,,1524.854,,,,,3041.348,,,,,267.214,,,,,676.804,,14780.263,,,,140.171,,750.088,47.616,,,,803.677,
HELENA HONDA  25990,T001T25990,NAICS,4411,,,USA,MT,UDS 4.0,2021-06-30,USD,Thousands,Consolidated,US GAAP,Audited,Annual,,,,,,,,,,,,,,,,,,,,0.0,,,,,,410.934,,,,,,
WALLA WALLA TOYOTA  46107,T001T46107,NAICS,4411,,,USA,WA,UDS 4.0,2025-03-31,USD,Thousands,Consolidated,US GAAP,Audited,Annual,100.317,,4603.665,,,,,11478.181,,,,,4207.159,,,,,803.458,,52582.108,,,,218.032,,-47.815,35.086,,,,647.71,
WALLA WALLA TOYOTA  46107,T001T46107,NAICS,4411,,,USA,WA,UDS 4.0,2024-03-31,USD,Thousands,Consolidated,US GAAP,Audited,Annual,,,,,,,,,,,,,,,,,,,,52116.886,,,,,,35.907,,,,,,
CHUCK HUTTON TOYOTA  41070,T001T41070,NAICS,4411,,,USA,TN,UDS 4.0,2025-03-31,USD,Thousands,Consolidated,US GAAP,Audited,Annual,6535.849,,17747.613,,,,,42589.599,,,,,25438.7,,,,,8785.687,,161502.069,,,,144.905,,-1393.122,619.657,,,,5381.107,
CHUCK HUTTON TOYOTA  41070,T001T41070,NAICS,4411,,,USA,TN,UDS 4.0,2024-03-31,USD,Thousands,Consolidated,US GAAP,Audited,Annual,,,,,,,,,,,,,,,,,,,,149126.634,,,,,,871.785,,,,,,
TOYOTA OF BRISTOL  41087,T001T41087,NAICS,4411,,,USA,TN,UDS 4.0,2025-03-31,USD,Thousands,Consolidated,US GAAP,Audited,Annual,1808.019,,4734.956,,,,,24862.361,,,,,6878.802,,,,,10279.422,,84902.415,,,,412.958,,1704.25,132.998,,,,2412.952,
TOYOTA OF BRISTOL  41087,T001T41087,NAICS,4411,,,USA,TN,UDS 4.0,2024-03-31,USD,Thousands,Consolidated,US GAAP,Audited,Annual,,,,,,,,,,,,,,,,,,,,90211.086,,,,,,3551.892,,,,,,
NOVATO TOYOTA  04073,T001T04073,NAICS,4411,,,USA,CA,UDS 4.0,2025-03-31,USD,Thousands,Consolidated,US GAAP,Audited,Annual,2280.685,,2756.685,,,,,16909.006,,,,,3107.151,,,,,1361.61,,61047.71,,,,945.377,,1333.292,289.687,,,,2004.466,
NOVATO TOYOTA  04073,T001T04073,NAICS,4411,,,USA,CA,UDS 4.0,2024-03-31,USD,Thousands,Consolidated,US GAAP,Audited,Annual,,,,,,,,,,,,,,,,,,,,49679.256,,,,,,974.752,,,,,,
CEDRIC THEEL TOYOTA  33025,T001T33025,NAICS,4411,,,USA,ND,UDS 4.0,2025-03-31,USD,Thousands,Consolidated,US GAAP,Audited,Annual,1000.684,,2420.61,,,,,4432.597,,,,,769.467,,,,,4910.193,,58553.485,,,,220.391,,1222.263,169.47,,,,2445.492,
CEDRIC THEEL TOYOTA  33025,T001T33025,NAICS,4411,,,USA,ND,UDS 4.0,2024-03-31,USD,Thousands,Consolidated,US GAAP,Audited,Annual,,,,,,,,,,,,,,,,,,,,60203.523,,,,,,1952.706,,,,,,
CITY TOYOTA  04143,T001T04143,NAICS,4411,,,USA,CA,UDS 4.0,2025-03-31,USD,Thousands,Consolidated,US GAAP,Audited,Annual,5199.464,,11878.168,,,,,32769.824,,,,,17083.344,,,,,147908.993,,275020.457,,,,1738.146,,11517.166,1415.303,,,,18130.763,
CITY TOYOTA  04143,T001T04143,NAICS,4411,,,USA,CA,UDS 4.0,2024-03-31,USD,Thousands,Consolidated,US GAAP,Audited,Annual,,,,,,,,,,,,,,,,,,,,272279.738,,,,,,14196.776,,,,,,
TOWN FORD  46720  LINCOLN MERCURY  46737  TERMINATED,T001T46720,NAICS,4411,,,USA,WA,UDS 4.0,2015-05-31,USD,Thousands,Consolidated,US GAAP,Audited,Annual,321.78,,5770.954,,,,,7041.391,,,,,4347.529,,,,,-295.072,,26892.027,,,,79.682,,131.444,171.923,,,,876.274,
TOWN FORD  46720  LINCOLN MERCURY  46737  TERMINATED,T001T46720,NAICS,4411,,,USA,WA,UDS 4.0,2014-05-31,USD,Thousands,Consolidated,US GAAP,Audited,Annual,,,,,,,,,,,,,,,,,,,,28260.236,,,,,,126.133,,,,,,
O BRIEN TOYOTA OF PEORIA,T001T12163,NAICS,4411,,,USA,IL,UDS 4.0,2023-03-31,USD,Thousands,Consolidated,US GAAP,Audited,Annual,3946.007,,1474.544,,,,,12582.638,,,,,5571.137,,,,,3655.847,,49053.46,,,,309.212,,570.42,23.636,,,,2052.064,
O BRIEN TOYOTA OF PEORIA,T001T12163,NAICS,4411,,,USA,IL,UDS 4.0,2022-03-31,USD,Thousands,Consolidated,US GAAP,Audited,Annual,,,,,,,,,,,,,,,,,,,,68248.672,,,,,,2171.685,,,,,,
TOYOTA OF GLADSTONE  36106,T001T36106,NAICS,4411,,,USA,OR,UDS 4.0,2025-03-31,USD,Thousands,Consolidated,US GAAP,Audited,Annual,5066.309,,14458.458,,,,,54914.488,,,,,16903.019,,,,,36593.144,,243529.043,,,,1088.699,,-500.806,25.147,,,,9539.316,
TOYOTA OF GLADSTONE  36106,T001T36106,NAICS,4411,,,USA,OR,UDS 4.0,2024-03-31,USD,Thousands,Consolidated,US GAAP,Audited,Annual,,,,,,,,,,,,,,,,,,,,237124.464,,,,,,1104.017,,,,,,
TOM DOLAN S RENO MAZDA  27841  KIA  27840,T001T27841,NAICS,4411,,,USA,NV,UDS 4.0,2020-12-31,USD,Thousands,Consolidated,US GAAP,Audited,Annual,2524.863,,5859.655,,,,,10394.063,,,,,5726.489,,,,,316.961,,38523.068,,,,114.72,,-96.002,99.519,,,,2081.722,
TOM DOLAN S RENO MAZDA  27841  KIA  27840,T001T27841,NAICS,4411,,,USA,NV,UDS 4.0,2019-12-31,USD,Thousands,Consolidated,US GAAP,Audited,Annual,,,,,,,,,,,,,,,,,,,,38202.068,,,,,,-1066.359,,,,,,
TOYOTA OF DEL RIO  42254,T001T42254,NAICS,4411,,,USA,TX,UDS 4.0,2025-03-31,USD,Thousands,Consolidated,US GAAP,Audited,Annual,6.179,,6650.246,,,,,11165.103,,,,,8348.141,,,,,798.673,,74968.883,,,,58.264,,-1536.033,103.061,,,,258.241,
TOYOTA OF DEL RIO  42254,T001T42254,NAICS,4411,,,USA,TX,UDS 4.0,2024-03-31,USD,Thousands,Consolidated,US GAAP,Audited,Annual,,,,,,,,,,,,,,,,,,,,70080.491,,,,,,-1421.866,,,,,,
WILSON TOYOTA  14046,T001T14046,NAICS,4411,,,USA,IA,UDS 4.0,2025-03-31,USD,Thousands,Consolidated,US GAAP,Audited,Annual,1686.188,,8596.826,,,,,16688.419,,,,,6119.732,,,,,32541.854,,104481.976,,,,690.123,,2552.973,196.704,,,,4620.415,
WILSON TOYOTA  14046,T001T14046,NAICS,4411,,,USA,IA,UDS 4.0,2024-03-31,USD,Thousands,Consolidated,US GAAP,Audited,Annual,,,,,,,,,,,,,,,,,,,,94361.433,,,,,,2291.913,,,,,,
OXMOOR TOYOTA  16051,T001T16051,NAICS,4411,,,USA,KY,UDS 4.0,2025-03-31,USD,Thousands,Consolidated,US GAAP,Audited,Annual,5184.31,,9452.825,,,,,20905.558,,,,,9240.663,,,,,13194.887,,193922.103,,,,789.737,,6298.007,522.599,,,,5792.213,
OXMOOR TOYOTA  16051,T001T16051,NAICS,4411,,,USA,KY,UDS 4.0,2024-03-31,USD,Thousands,Consolidated,US GAAP,Audited,Annual,,,,,,,,,,,,,,,,,,,,200418.917,,,,,,7681.956,,,,,,
BEECHMONT VOLVO  34686  PORSCHE  34682  MASERATI  34684  AUDI  34685  ALFA ROMEO  34691,T001T34686,NAICS,4411,,,USA,OH,UDS 4.0,2025-03-31,USD,Thousands,Consolidated,US GAAP,Audited,Annual,6478.72,,43809.345,,,,,73588.847,,,,,36297.071,,,,,30958.517,,117521.396,,,,177.146,,-1109.614,1369.954,,,,1996.685,
BEECHMONT VOLVO  34686  PORSCHE  34682  MASERATI  34684  AUDI  34685  ALFA ROMEO  34691,T001T34686,NAICS,4411,,,USA,OH,UDS 4.0,2024-03-31,USD,Thousands,Consolidated,US GAAP,Audited,Annual,,,,,,,,,,,,,,,,,,,,122874.042,,,,,,-791.282,,,,,,
UMANSKY TOY CHARLOTTESVLE,T001T45093,NAICS,4411,,,USA,VA,UDS 4.0,2023-04-30,USD,Thousands,Consolidated,US GAAP,Audited,Annual,110.649,,2239.218,,,,,19438.093,,,,,1660.615,,,,,9567.818,,49210.512,,,,158.184,,1540.824,22.269,,,,3185.361,
UMANSKY TOY CHARLOTTESVLE,T001T45093,NAICS,4411,,,USA,VA,UDS 4.0,2022-04-30,USD,Thousands,Consolidated,US GAAP,Audited,Annual,,,,,,,,,,,,,,,,,,,,55015.523,,,,,,2307.194,,,,,,
VICTORY TOYOTA OF ASHTABULA COUNTY  34136,T001T34136,NAICS,4411,,,USA,OH,UDS 4.0,2025-03-31,USD,Thousands,Consolidated,US GAAP,Audited,Annual,22.826,,4232.614,,,,,9072.423,,,,,5794.351,,,,,117.324,,36878.917,,,,17.536,,-190.864,8.992,,,,83.162,
VICTORY TOYOTA OF ASHTABULA COUNTY  34136,T001T34136,NAICS,4411,,,USA,OH,UDS 4.0,2024-03-31,USD,Thousands,Consolidated,US GAAP,Audited,Annual,,,,,,,,,,,,,,,,,,,,31834.484,,,,,,12.083,,,,,,
WEBB TOYOTA  30032,T001T30032,NAICS,4411,,,USA,NM,UDS 4.0,2025-03-31,USD,Thousands,Consolidated,US GAAP,Audited,Annual,46.376,,1816.962,,,,,3691.114,,,,,2193.955,,,,,145.687,,31673.855,,,,231.47,,578.514,75.465,,,,133.32,
WEBB TOYOTA  30032,T001T30032,NAICS,4411,,,USA,NM,UDS 4.0,2024-03-31,USD,Thousands,Consolidated,US GAAP,Audited,Annual,,,,,,,,,,,,,,,,,,,,61079.507,,,,,,2007.211,,,,,,
VOLKSWAGEN OF KIRKLAND  46668,T001T46668,NAICS,4411,,,USA,WA,UDS 4.0,2025-03-31,USD,Thousands,Consolidated,US GAAP,Audited,Annual,466.218,,4696.354,,,,,7284.938,,,,,5001.45,,,,,84.813,,39240.947,,,,43.522,,-981.434,289.211,,,,1820.464,
VOLKSWAGEN OF KIRKLAND  46668,T001T46668,NAICS,4411,,,USA,WA,UDS 4.0,2024-03-31,USD,Thousands,Consolidated,US GAAP,Audited,Annual,,,,,,,,,,,,,,,,,,,,42959.263,,,,,,-1364.739,,,,,,
PEPPERS CHEVROLET  41846  GMC  41768,T001T41846,NAICS,4411,,,USA,TN,UDS 4.0,2025-03-31,USD,Thousands,Consolidated,US GAAP,Audited,Annual,1110.991,,3919.198,,,,,6099.167,,,,,3468.443,,,,,1805.974,,25186.806,,,,43.543,,-47.018,44.063,,,,313.684,
PEPPERS CHEVROLET  41846  GMC  41768,T001T41846,NAICS,4411,,,USA,TN,UDS 4.0,2024-03-31,USD,Thousands,Consolidated,US GAAP,Audited,Annual,,,,,,,,,,,,,,,,,,,,25146.066,,,,,,264.206,,,,,,
CITY WORLD TOYOTA  31161  FLEET  31974,T001T31161,NAICS,4411,,,USA,NY,UDS 4.0,2025-03-31,USD,Thousands,Consolidated,US GAAP,Audited,Annual,2058.508,,9226.551,,,,,21218.341,,,,,9943.677,,,,,17441.961,,87829.385,,,,229.248,,3269.824,55.01,,,,5287.359,
CITY WORLD TOYOTA  31161  FLEET  31974,T001T31161,NAICS,4411,,,USA,NY,UDS 4.0,2024-03-31,USD,Thousands,Consolidated,US GAAP,Audited,Annual,,,,,,,,,,,,,,,,,,,,100985.806,,,,,,7937.604,,,,,,
MCGRATH LEXUS OF WESTMONT  61207,T001T61207,NAICS,4411,,,USA,IL,UDS 4.0,2025-03-31,USD,Thousands,Consolidated,US GAAP,Audited,Annual,6563.968,,6287.373,,,,,30546.008,,,,,10707.997,,,,,19728.094,,164354.092,,,,1612.101,,2739.845,1497.919,,,,8698.632,
MCGRATH LEXUS OF WESTMONT  61207,T001T61207,NAICS,4411,,,USA,IL,UDS 4.0,2024-03-31,USD,Thousands,Consolidated,US GAAP,Audited,Annual,,,,,,,,,,,,,,,,,,,,137432.661,,,,,,2777.497,,,,,,
SOUTH TOYOTA,T001T42329,NAICS,4411,,,USA,TX,UDS 4.0,2024-05-31,USD,Thousands,Consolidated,US GAAP,Audited,Annual,5376.785,,102.611,,,,,44556.501,,,,,861.779,,,,,6099.655,,87622.8,,,,518.6928,,-3433.8312,87.6192,,,,102.1632,
SOUTH TOYOTA,T001T42329,NAICS,4411,,,USA,TX,UDS 4.0,2023-05-31,USD,Thousands,Consolidated,US GAAP,Audited,Annual,,,,,,,,,,,,,,,,,,,,92478.75,,,,,,-50.702,,,,,,
WEST HERR TOY WILLIAMSVLE  31175,T001T31175,NAICS,4411,,,USA,NY,UDS 4.0,2025-03-31,USD,Thousands,Consolidated,US GAAP,Audited,Annual,2710.586,,5780.086,,,,,16141.881,,,,,5654.05,,,,,4093.074,,148416.006,,,,1384.07,,4095.926,374.882,,,,5941.749,
WEST HERR TOY WILLIAMSVLE  31175,T001T31175,NAICS,4411,,,USA,NY,UDS 4.0,2024-03-31,USD,Thousands,Consolidated,US GAAP,Audited,Annual,,,,,,,,,,,,,,,,,,,,154972.416,,,,,,5210.479,,,,,,
KIRK TOYOTA,T001T23057,NAICS,4411,,,USA,MS,UDS 4.0,2025-03-31,USD,Thousands,Consolidated,US GAAP,Audited,Annual,2454.838,,3341.751,,,,,19183.579,,,,,5393.34,,,,,12232.492,,44607.054,,,,110.739,,956.759,44.461,,,,1795.012,
KIRK TOYOTA,T001T23057,NAICS,4411,,,USA,MS,UDS 4.0,2024-03-31,USD,Thousands,Consolidated,US GAAP,Audited,Annual,,,,,,,,,,,,,,,,,,,,48010.405,,,,,,1061.201,,,,,,
CUMBERLAND TOYOTA  41050,T001T41050,NAICS,4411,,,USA,TN,UDS 4.0,2025-03-31,USD,Thousands,Consolidated,US GAAP,Audited,Annual,2044.013,,3529.728,,,,,9039.016,,,,,4502.08,,,,,19042.903,,74792.435,,,,406.075,,1480.698,305.545,,,,3494.329,
CUMBERLAND TOYOTA  41050,T001T41050,NAICS,4411,,,USA,TN,UDS 4.0,2024-03-31,USD,Thousands,Consolidated,US GAAP,Audited,Annual,,,,,,,,,,,,,,,,,,,,76622.5,,,,,,2500.524,,,,,,
TOYOTA ON WESTERN,T001T12013,NAICS,4411,,,USA,IL,UDS 4.0,2024-01-31,USD,Thousands,Consolidated,US GAAP,Audited,Annual,4874.434,,1992.909,,,,,10002.671,,,,,3722.594,,,,,13743.833,,47255.576,,,,136.031,,1042.979,372.537,,,,2317.187,
TOYOTA ON WESTERN,T001T12013,NAICS,4411,,,USA,IL,UDS 4.0,2023-01-31,USD,Thousands,Consolidated,US GAAP,Audited,Annual,,,,,,,,,,,,,,,,,,,,49998.292,,,,,,3164.128,,,,,,
STEWART TOYOTA  42215,T001T42215,NAICS,4411,,,USA,TX,UDS 4.0,2025-03-31,USD,Thousands,Consolidated,US GAAP,Audited,Annual,5362.74,,4636.877,,,,,17944.743,,,,,4156.674,,,,,13003.57,,39678.806,,,,0.0,,839.035,178.581,,,,982.949,
STEWART TOYOTA  42215,T001T42215,NAICS,4411,,,USA,TX,UDS 4.0,2024-03-31,USD,Thousands,Consolidated,US GAAP,Audited,Annual,,,,,,,,,,,,,,,,,,,,42415.402,,,,,,1499.671,,,,,,
TOYOTA OF SO  MARYLAND  19059  TEAM HYUNDAI  19910,T001T19059,NAICS,4411,,,USA,MD,UDS 4.0,2025-03-31,USD,Thousands,Consolidated,US GAAP,Audited,Annual,691.626,,7978.861,,,,,12691.594,,,,,6197.397,,,,,3554.606,,64217.026,,,,153.912,,1713.82,125.085,,,,3292.34,
TOYOTA OF SO  MARYLAND  19059  TEAM HYUNDAI  19910,T001T19059,NAICS,4411,,,USA,MD,UDS 4.0,2024-03-31,USD,Thousands,Consolidated,US GAAP,Audited,Annual,,,,,,,,,,,,,,,,,,,,71638.109,,,,,,3808.952,,,,,,
MCGEE CHEVROLET OF MIDDLEBURY  44892,T001T44892,NAICS,4411,,,USA,VT,UDS 4.0,2024-12-31,USD,Thousands,Consolidated,US GAAP,Audited,Annual,372.472,,5194.962,,,,,10226.285,,,,,5324.846,,,,,2024.657,,33894.473,,,,43.443,,339.264,126.309,,,,1018.343,
MCGEE CHEVROLET OF MIDDLEBURY  44892,T001T44892,NAICS,4411,,,USA,VT,UDS 4.0,2023-12-31,USD,Thousands,Consolidated,US GAAP,Audited,Annual,,,,,,,,,,,,,,,,,,,,744.77,,,,,,-131.886,,,,,,
COPELAND VOLKSWAGEN BROCKTON  20765,T001T20765,NAICS,4411,,,USA,MA,UDS 4.0,2021-08-31,USD,Thousands,Consolidated,US GAAP,Audited,Annual,528.258,,1750.397,,,,,4214.212,,,,,2400.424,,,,,-134.672,,20403.94,,,,124.867,,220.505,96.97,,,,201.959,
COPELAND VOLKSWAGEN BROCKTON  20765,T001T20765,NAICS,4411,,,USA,MA,UDS 4.0,2020-08-31,USD,Thousands,Consolidated,US GAAP,Audited,Annual,,,,,,,,,,,,,,,,,,,,11987.699,,,,,,-190.848,,,,,,
MASERATI OF BERGEN COUNTY  29630,T001T29630,NAICS,4411,,,USA,NJ,UDS 4.0,2025-03-31,USD,Thousands,Consolidated,US GAAP,Audited,Annual,1346.857,,14701.617,,,,,19677.889,,,,,14681.517,,,,,1379.566,,22681.448,,,,0.0,,-2464.636,593.944,,,,162.4,
CIOCCA TOY WILLIAMSPORT  37191,T001T37191,NAICS,4411,,,USA,PA,UDS 4.0,2025-03-31,USD,Thousands,Consolidated,US GAAP,Audited,Annual,2024.166,,3863.271,,,,,13641.245,,,,,7483.548,,,,,2360.461,,45815.847,,,,139.111,,522.816,16.899,,,,884.318,
CIOCCA TOY WILLIAMSPORT  37191,T001T37191,NAICS,4411,,,USA,PA,UDS 4.0,2024-03-31,USD,Thousands,Consolidated,US GAAP,Audited,Annual,,,,,,,,,,,,,,,,,,,,47347.946,,,,,,607.768,,,,,,
TREASURE COAST LEXUS  60918,T001T60918,NAICS,4411,,,USA,FL,UDS 4.0,2025-03-31,USD,Thousands,Consolidated,US GAAP,Audited,Annual,11258.229,,2970.221,,,,,20964.445,,,,,4078.105,,,,,0.0,,95654.01,,,,1089.604,,-75.111,956.859,,,,4357.686,
TREASURE COAST LEXUS  60918,T001T60918,NAICS,4411,,,USA,FL,UDS 4.0,2024-03-31,USD,Thousands,Consolidated,US GAAP,Audited,Annual,,,,,,,,,,,,,,,,,,,,97789.634,,,,,,330.546,,,,,,
STEET TOYOTA  31142  JOHNSTOWN GLOVERSVILLE  31174   MANUAL ENTRY,T001T31142,NAICS,4411,,,USA,NY,UDS 4.0,2025-03-31,USD,Thousands,Consolidated,US GAAP,Audited,Annual,4996.097,,5499.61,,,,,14452.056,,,,,4820.169,,,,,10238.32,,82714.919,,,,323.195,,2566.05,216.32,,,,2660.868,
STEET TOYOTA  31142  JOHNSTOWN GLOVERSVILLE  31174   MANUAL ENTRY,T001T31142,NAICS,4411,,,USA,NY,UDS 4.0,2024-03-31,USD,Thousands,Consolidated,US GAAP,Audited,Annual,,,,,,,,,,,,,,,,,,,,130440.601,,,,,,5252.116,,,,,,
VOLVO CARS OF SEATTLE  46683,T001T46683,NAICS,4411,,,USA,WA,UDS 4.0,2025-03-31,USD,Thousands,Consolidated,US GAAP,Audited,Annual,-98.182,,11483.133,,,,,15704.311,,,,,8183.334,,,,,1174.856,,57538.159,,,,56.406,,-2486.305,348.338,,,,853.705,
VOLVO CARS OF SEATTLE  46683,T001T46683,NAICS,4411,,,USA,WA,UDS 4.0,2024-03-31,USD,Thousands,Consolidated,US GAAP,Audited,Annual,,,,,,,,,,,,,,,,,,,,46169.352,,,,,,-2566.855,,,,,,
MOSES FORD LINCOLN  47927  MOSES BMW  47928  MOSES FACTORY OUTLET TEAYS VALLE  47929,T001T47927,NAICS,4411,,,USA,WV,UDS 4.0,2025-03-31,USD,Thousands,Consolidated,US GAAP,Audited,Annual,5059.157,,24577.067,,,,,34723.638,,,,,21780.166,,,,,1425.065,,128644.004,,,,161.64,,-3610.849,1146.226,,,,1087.864,
MOSES FORD LINCOLN  47927  MOSES BMW  47928  MOSES FACTORY OUTLET TEAYS VALLE  47929,T001T47927,NAICS,4411,,,USA,WV,UDS 4.0,2024-03-31,USD,Thousands,Consolidated,US GAAP,Audited,Annual,,,,,,,,,,,,,,,,,,,,107332.67,,,,,,-4524.568,,,,,,
TOYOTA OF LONGVIEW  42352,T001T42352,NAICS,4411,,,USA,TX,UDS 4.0,2025-03-31,USD,Thousands,Consolidated,US GAAP,Audited,Annual,2666.239,,4635.203,,,,,21600.034,,,,,4433.198,,,,,22695.413,,56345.822,,,,148.313,,715.97,159.97,,,,2461.648,
TOYOTA OF LONGVIEW  42352,T001T42352,NAICS,4411,,,USA,TX,UDS 4.0,2024-03-31,USD,Thousands,Consolidated,US GAAP,Audited,Annual,,,,,,,,,,,,,,,,,,,,76318.667,,,,,,2187.186,,,,,,
TOYOTA OF KILLEEN,T001T42228,NAICS,4411,,,USA,TX,UDS 4.0,2025-03-31,USD,Thousands,Consolidated,US GAAP,Audited,Annual,2491.013,,5495.039,,,,,14614.684,,,,,5941.916,,,,,13870.776,,78862.578,,,,542.775,,2342.783,196.288,,,,3578.225,
TOYOTA OF KILLEEN,T001T42228,NAICS,4411,,,USA,TX,UDS 4.0,2024-03-31,USD,Thousands,Consolidated,US GAAP,Audited,Annual,,,,,,,,,,,,,,,,,,,,76341.488,,,,,,2952.614,,,,,,
GATES FORD LINCOLN  16819,T001T16819,NAICS,4411,,,USA,KY,UDS 4.0,2025-03-31,USD,Thousands,Consolidated,US GAAP,Audited,Annual,1841.181,,12681.802,,,,,20089.732,,,,,13299.801,,,,,1896.42,,62066.043,,,,78.252,,1424.366,237.777,,,,1972.239,
GATES FORD LINCOLN  16819,T001T16819,NAICS,4411,,,USA,KY,UDS 4.0,2024-03-31,USD,Thousands,Consolidated,US GAAP,Audited,Annual,,,,,,,,,,,,,,,,,,,,42501.564,,,,,,-25.153,,,,,,
VICTORY TOYOTA OF ST  LOUIS  24088,T001T24088,NAICS,4411,,,USA,MO,UDS 4.0,2025-03-31,USD,Thousands,Consolidated,US GAAP,Audited,Annual,1712.15,,7283.214,,,,,42762.46,,,,,9333.948,,,,,376.343,,96509.304,,,,0.0,,1342.108,921.832,,,,2035.756,
OBX CHEVROLET BUICK  32767,T001T32767,NAICS,4411,,,USA,NC,UDS 4.0,2025-03-31,USD,Thousands,Consolidated,US GAAP,Audited,Annual,4706.075,,4442.605,,,,,12170.011,,,,,4546.143,,,,,2683.862,,32574.147,,,,141.568,,-84.047,22.795,,,,494.07,
OBX CHEVROLET BUICK  32767,T001T32767,NAICS,4411,,,USA,NC,UDS 4.0,2024-03-31,USD,Thousands,Consolidated,US GAAP,Audited,Annual,,,,,,,,,,,,,,,,,,,,32886.528,,,,,,41.411,,,,,,
HAMILTON TOYOTA  30046,T001T30046,NAICS,4411,,,USA,NM,UDS 4.0,2025-03-31,USD,Thousands,Consolidated,US GAAP,Audited,Annual,189.549,,2743.995,,,,,5669.063,,,,,2573.614,,,,,1432.022,,17752.103,,,,58.607,,118.745,7.259,,,,209.576,
HAMILTON TOYOTA  30046,T001T30046,NAICS,4411,,,USA,NM,UDS 4.0,2024-03-31,USD,Thousands,Consolidated,US GAAP,Audited,Annual,,,,,,,,,,,,,,,,,,,,16510.251,,,,,,271.343,,,,,,
LEXUS MONTEREY PENINSULA  60425,T001T60425,NAICS,4411,,,USA,CA,UDS 4.0,2025-03-31,USD,Thousands,Consolidated,US GAAP,Audited,Annual,6201.85,,2048.665,,,,,17567.775,,,,,6206.386,,,,,8227.77,,50451.592,,,,54.241,,1284.727,0.196,,,,2382.82,
LEXUS MONTEREY PENINSULA  60425,T001T60425,NAICS,4411,,,USA,CA,UDS 4.0,2024-03-31,USD,Thousands,Consolidated,US GAAP,Audited,Annual,,,,,,,,,,,,,,,,,,,,46751.969,,,,,,1040.801,,,,,,
CALDWELL TOYOTA  03068,T001T03068,NAICS,4411,,,USA,AR,UDS 4.0,2025-03-31,USD,Thousands,Consolidated,US GAAP,Audited,Annual,2517.209,,5644.843,,,,,10214.168,,,,,5501.712,,,,,2620.502,,83500.556,,,,3.897,,1650.11,25.41,,,,3296.394,
CALDWELL TOYOTA  03068,T001T03068,NAICS,4411,,,USA,AR,UDS 4.0,2024-03-31,USD,Thousands,Consolidated,US GAAP,Audited,Annual,,,,,,,,,,,,,,,,,,,,84051.358,,,,,,2566.728,,,,,,
CARLSON TOYOTA  22046,T001T22046,NAICS,4411,,,USA,MN,UDS 4.0,2025-03-31,USD,Thousands,Consolidated,US GAAP,Audited,Annual,11341.335,,8187.685,,,,,34921.475,,,,,9779.927,,,,,27190.697,,134340.465,,,,682.086,,6083.359,514.558,,,,8815.204,
CARLSON TOYOTA  22046,T001T22046,NAICS,4411,,,USA,MN,UDS 4.0,2024-03-31,USD,Thousands,Consolidated,US GAAP,Audited,Annual,,,,,,,,,,,,,,,,,,,,112684.049,,,,,,7159.107,,,,,,
SIERRA HONDA OF MONROVIA  54804,T001T54804,NAICS,4411,,,USA,CA,UDS 4.0,2025-03-31,USD,Thousands,Consolidated,US GAAP,Audited,Annual,1264.495,,9446.378,,,,,28186.916,,,,,13941.069,,,,,10453.277,,82114.589,,,,163.589,,-1960.197,31.727,,,,1534.537,
SIERRA HONDA OF MONROVIA  54804,T001T54804,NAICS,4411,,,USA,CA,UDS 4.0,2024-03-31,USD,Thousands,Consolidated,US GAAP,Audited,Annual,,,,,,,,,,,,,,,,,,,,87831.262,,,,,,-157.523,,,,,,
MCGEE CHRYSLER DODGE JEEP RAM OF BARRE  44527,T001T44527,NAICS,4411,,,USA,VT,UDS 4.0,2025-03-31,USD,Thousands,Consolidated,US GAAP,Audited,Annual,-90.173,,2318.398,,,,,4686.328,,,,,2595.984,,,,,-868.3,,21621.486,,,,0.0,,-773.265,447.477,,,,0.0,
MCGEE CHRYSLER DODGE JEEP RAM OF BARRE  44527,T001T44527,NAICS,4411,,,USA,VT,UDS 4.0,2024-03-31,USD,Thousands,Consolidated,US GAAP,Audited,Annual,,,,,,,,,,,,,,,,,,,,31458.982,,,,,,-277.535,,,,,,
SONIC AUTOMOTIVE  00264  10K 10Q,T001T00264,NAICS,4411,,,USA,NJ,UDS 4.0,2025-03-31,USD,Thousands,Consolidated,US GAAP,Audited,Annual,64600.0,,1691000.0,,,,,5875700.0,,,,,2626700.0,,,,,1403000.0,,14491600.0,,,,153800.0,,296600.0,203200.0,,,,244600.0,
SONIC AUTOMOTIVE  00264  10K 10Q,T001T00264,NAICS,4411,,,USA,NJ,UDS 4.0,2024-03-31,USD,Thousands,Consolidated,US GAAP,Audited,Annual,,,,,,,,,,,,,,,,,,,,14265200.0,,,,,,235800.0,,,,,,
RP AUTOMOTIVE  INC   00457  10K 10Q,T001T00457,NAICS,4411,,,USA,TX,UDS 4.0,2024-12-31,USD,Thousands,Consolidated,US GAAP,Audited,Annual,25559.129,,39720.301,,,,,124748.236,,,,,38648.352,,,,,65283.05,,285460.072,,,,1574.149,,2587.674,1044.184,,,,9539.741,
RP AUTOMOTIVE  INC   00457  10K 10Q,T001T00457,NAICS,4411,,,USA,TX,UDS 4.0,2023-12-31,USD,Thousands,Consolidated,US GAAP,Audited,Annual,,,,,,,,,,,,,,,,,,,,286865.161,,,,,,5733.572,,,,,,
TOYOTA OF SANTA BARBARA  04118,T001T04118,NAICS,4411,,,USA,CA,UDS 4.0,2025-03-31,USD,Thousands,Consolidated,US GAAP,Audited,Annual,1354.313,,3851.716,,,,,28096.559,,,,,4735.786,,,,,6672.685,,74312.958,,,,259.821,,-1084.705,205.671,,,,1618.078,
TOYOTA OF SANTA BARBARA  04118,T001T04118,NAICS,4411,,,USA,CA,UDS 4.0,2024-03-31,USD,Thousands,Consolidated,US GAAP,Audited,Annual,,,,,,,,,,,,,,,,,,,,72821.993,,,,,,152.312,,,,,,
PREMIER TOYOTA OF AMHERST  34142,T001T34142,NAICS,4411,,,USA,OH,UDS 4.0,2025-03-31,USD,Thousands,Consolidated,US GAAP,Audited,Annual,1045.242,,3417.799,,,,,28044.429,,,,,3327.173,,,,,-53.828,,49953.332,,,,327.552,,-159.372,386.844,,,,1029.1,
TOYOTA OF WHITTIER,T001T04096,NAICS,4411,,,USA,CA,UDS 4.0,2021-10-31,USD,Thousands,Consolidated,US GAAP,Audited,Annual,11688.215,,1977.524,,,,,23429.335,,,,,3052.904,,,,,-81.916,,74469.5124,,,,0.0,,5494.7016,1.116,,,,5467.914,
TOYOTA OF WHITTIER,T001T04096,NAICS,4411,,,USA,CA,UDS 4.0,2020-10-31,USD,Thousands,Consolidated,US GAAP,Audited,Annual,,,,,,,,,,,,,,,,,,,,67697.634,,,,,,2587.916,,,,,,
PLATINUM HONDA OF TEXOMA  42482,T001T42482,NAICS,4411,,,USA,TX,UDS 4.0,2025-03-31,USD,Thousands,Consolidated,US GAAP,Audited,Annual,1002.397,,4025.379,,,,,5900.477,,,,,4260.278,,,,,-373.318,,33803.344,,,,13.346,,-1443.995,383.339,,,,0.0,
PLATINUM HONDA OF TEXOMA  42482,T001T42482,NAICS,4411,,,USA,TX,UDS 4.0,2024-03-31,USD,Thousands,Consolidated,US GAAP,Audited,Annual,,,,,,,,,,,,,,,,,,,,29227.892,,,,,,-1758.68,,,,,,
LEXUS OF ANN ARBOR,T001T62104,NAICS,4411,,,USA,MI,UDS 4.0,2022-10-31,USD,Thousands,Consolidated,US GAAP,Audited,Annual,5627.368,,2841.109,,,,,16088.848,,,,,1928.959,,,,,11998.351,,51915.9912,,,,648.7404,,1263.27,601.4748,,,,2579.7636,
LEXUS OF ANN ARBOR,T001T62104,NAICS,4411,,,USA,MI,UDS 4.0,2021-10-31,USD,Thousands,Consolidated,US GAAP,Audited,Annual,,,,,,,,,,,,,,,,,,,,52079.858,,,,,,741.714,,,,,,
TOYOTA OF BATAVIA  31167,T001T31167,NAICS,4411,,,USA,NY,UDS 4.0,2025-03-31,USD,Thousands,Consolidated,US GAAP,Audited,Annual,2270.838,,5745.541,,,,,12052.432,,,,,5185.736,,,,,6511.067,,56376.563,,,,0.0,,1251.46,59.544,,,,1985.502,
TOYOTA OF BATAVIA  31167,T001T31167,NAICS,4411,,,USA,NY,UDS 4.0,2024-03-31,USD,Thousands,Consolidated,US GAAP,Audited,Annual,,,,,,,,,,,,,,,,,,,,50560.198,,,,,,1178.309,,,,,,
YORK TOYOTA  18031  FORD  18968,T001T18031,NAICS,4411,,,USA,ME,UDS 4.0,2025-03-31,USD,Thousands,Consolidated,US GAAP,Audited,Annual,81.879,,4865.202,,,,,7704.397,,,,,4109.215,,,,,3228.613,,37666.935,,,,81.675,,408.037,305.714,,,,43.671,
YORK TOYOTA  18031  FORD  18968,T001T18031,NAICS,4411,,,USA,ME,UDS 4.0,2024-03-31,USD,Thousands,Consolidated,US GAAP,Audited,Annual,,,,,,,,,,,,,,,,,,,,36975.33,,,,,,636.117,,,,,,
KEN GANLEY AUTO GROUP  00649  10K 10Q,T001T00649,NAICS,4411,,,USA,TX,UDS 4.0,2024-12-31,USD,Thousands,Consolidated,US GAAP,Audited,Annual,69117.329,,422922.383,,,,,998919.901,,,,,475908.501,,,,,125657.681,,2540527.588,,,,11264.076,,53050.953,26836.18,,,,63388.559,
KEN GANLEY AUTO GROUP  00649  10K 10Q,T001T00649,NAICS,4411,,,USA,TX,UDS 4.0,2023-12-31,USD,Thousands,Consolidated,US GAAP,Audited,Annual,,,,,,,,,,,,,,,,,,,,2603265.377,,,,,,50338.006,,,,,,
TOYOTA OF KNOXVILLE  41060  LEXUS OF KNOXVILLE  64106,T001T41060,NAICS,4411,,,USA,TN,UDS 4.0,2025-03-31,USD,Thousands,Consolidated,US GAAP,Audited,Annual,11397.71,,10558.024,,,,,35338.024,,,,,17825.636,,,,,10724.548,,279285.419,,,,2401.179,,12656.164,1570.152,,,,22570.361,
TOYOTA OF KNOXVILLE  41060  LEXUS OF KNOXVILLE  64106,T001T41060,NAICS,4411,,,USA,TN,UDS 4.0,2024-03-31,USD,Thousands,Consolidated,US GAAP,Audited,Annual,,,,,,,,,,,,,,,,,,,,261958.633,,,,,,12640.734,,,,,,
MUSIC CITY HONDA  41807,T001T41807,NAICS,4411,,,USA,TN,UDS 4.0,2023-01-31,USD,Thousands,Consolidated,US GAAP,Audited,Annual,1888.024,,2462.491,,,,,14885.98,,,,,4370.215,,,,,0.0,,61454.482,,,,175.559,,1619.006,134.255,,,,2901.778,
MUSIC CITY HONDA  41807,T001T41807,NAICS,4411,,,USA,TN,UDS 4.0,2022-01-31,USD,Thousands,Consolidated,US GAAP,Audited,Annual,,,,,,,,,,,,,,,,,,,,62538.125,,,,,,1711.794,,,,,,
FREMONT TOY  OF SHERIDAN  49030,T001T49030,NAICS,4411,,,USA,WY,UDS 4.0,2025-03-31,USD,Thousands,Consolidated,US GAAP,Audited,Annual,4116.066,,3471.477,,,,,10693.26,,,,,2679.118,,,,,5887.787,,34618.768,,,,66.962,,1237.384,62.413,,,,1809.404,
FREMONT TOY  OF SHERIDAN  49030,T001T49030,NAICS,4411,,,USA,WY,UDS 4.0,2024-03-31,USD,Thousands,Consolidated,US GAAP,Audited,Annual,,,,,,,,,,,,,,,,,,,,40131.609,,,,,,1404.176,,,,,,
DURANGO TOYOTA  05070,T001T05070,NAICS,4411,,,USA,CO,UDS 4.0,2025-03-31,USD,Thousands,Consolidated,US GAAP,Audited,Annual,684.577,,19004.78,,,,,48504.662,,,,,22367.211,,,,,12459.764,,154039.671,,,,1215.222,,2695.257,406.244,,,,4436.431,
DURANGO TOYOTA  05070,T001T05070,NAICS,4411,,,USA,CO,UDS 4.0,2024-03-31,USD,Thousands,Consolidated,US GAAP,Audited,Annual,,,,,,,,,,,,,,,,,,,,134155.237,,,,,,3738.772,,,,,,
ADVANTAGE TOYOTA,T001T47028,NAICS,4411,,,USA,WV,UDS 4.0,2024-11-30,USD,Thousands,Consolidated,US GAAP,Audited,Annual,9725.525,,10634.507,,,,,22932.639,,,,,9725.417,,,,,6584.769,,91762.760727273,,,,255.702545455,,3145.2,173.164363636,,,,5803.581818182,
ADVANTAGE TOYOTA,T001T47028,NAICS,4411,,,USA,WV,UDS 4.0,2023-11-30,USD,Thousands,Consolidated,US GAAP,Audited,Annual,,,,,,,,,,,,,,,,,,,,122675.541,,,,,,5806.091,,,,,,
HARR CHRYS JEEP DODGE RAM  20921,T001T20921,NAICS,4411,,,USA,MA,UDS 4.0,2025-03-31,USD,Thousands,Consolidated,US GAAP,Audited,Annual,1948.482,,7180.734,,,,,19080.29,,,,,9752.141,,,,,1088.35,,63297.305,,,,273.992,,-2039.435,999.339,,,,355.631,
HARR CHRYS JEEP DODGE RAM  20921,T001T20921,NAICS,4411,,,USA,MA,UDS 4.0,2024-03-31,USD,Thousands,Consolidated,US GAAP,Audited,Annual,,,,,,,,,,,,,,,,,,,,72505.723,,,,,,-1247.712,,,,,,
PERFORMANCE MOTORS TOYOTA  37077  VOLVO  37737,T001T37077,NAICS,4411,,,USA,PA,UDS 4.0,2025-03-31,USD,Thousands,Consolidated,US GAAP,Audited,Annual,697.168,,10830.941,,,,,23502.045,,,,,10814.718,,,,,8646.244,,81067.499,,,,50.716,,-469.668,50.136,,,,836.09,
PERFORMANCE MOTORS TOYOTA  37077  VOLVO  37737,T001T37077,NAICS,4411,,,USA,PA,UDS 4.0,2024-03-31,USD,Thousands,Consolidated,US GAAP,Audited,Annual,,,,,,,,,,,,,,,,,,,,85262.611,,,,,,329.149,,,,,,
IG BURTON TOYOTA OF DOVER  07013,T001T07013,NAICS,4411,,,USA,DE,UDS 4.0,2025-03-31,USD,Thousands,Consolidated,US GAAP,Audited,Annual,1440.069,,2243.262,,,,,22338.846,,,,,2595.175,,,,,1571.144,,38436.388,,,,201.027,,778.325,258.702,,,,2032.764,
IG BURTON TOYOTA OF DOVER  07013,T001T07013,NAICS,4411,,,USA,DE,UDS 4.0,2024-03-31,USD,Thousands,Consolidated,US GAAP,Audited,Annual,,,,,,,,,,,,,,,,,,,,6346.496,,,,,,-226.756,,,,,,
BIG 2 TOYOTA CHANDLER  02016,T001T02016,NAICS,4411,,,USA,AZ,UDS 4.0,2025-03-31,USD,Thousands,Consolidated,US GAAP,Audited,Annual,13774.723,,8512.319,,,,,25221.572,,,,,8395.421,,,,,12791.567,,238018.45,,,,1322.946,,9136.971,1274.78,,,,15119.565,
BIG 2 TOYOTA CHANDLER  02016,T001T02016,NAICS,4411,,,USA,AZ,UDS 4.0,2024-03-31,USD,Thousands,Consolidated,US GAAP,Audited,Annual,,,,,,,,,,,,,,,,,,,,228616.145,,,,,,12307.011,,,,,,
SIERRA CHEVROLET OF MONROVIA  54803,T001T54803,NAICS,4411,,,USA,CA,UDS 4.0,2025-03-31,USD,Thousands,Consolidated,US GAAP,Audited,Annual,1153.894,,15706.548,,,,,28169.802,,,,,18992.308,,,,,8547.673,,75078.896,,,,172.879,,-1705.36,193.64,,,,761.462,
SIERRA CHEVROLET OF MONROVIA  54803,T001T54803,NAICS,4411,,,USA,CA,UDS 4.0,2024-03-31,USD,Thousands,Consolidated,US GAAP,Audited,Annual,,,,,,,,,,,,,,,,,,,,74546.095,,,,,,-1116.041,,,,,,
COPELAND CHEVROLET  20858,T001T20858,NAICS,4411,,,USA,MA,UDS 4.0,2025-03-31,USD,Thousands,Consolidated,US GAAP,Audited,Annual,589.23,,10687.742,,,,,17856.536,,,,,10938.736,,,,,7522.653,,65866.049,,,,137.526,,68.207,150.332,,,,1140.343,
COPELAND CHEVROLET  20858,T001T20858,NAICS,4411,,,USA,MA,UDS 4.0,2024-03-31,USD,Thousands,Consolidated,US GAAP,Audited,Annual,,,,,,,,,,,,,,,,,,,,65995.127,,,,,,494.968,,,,,,
FAMILY TOYOTA ARLINGTON  42343,T001T42343,NAICS,4411,,,USA,TX,UDS 4.0,2025-03-31,USD,Thousands,Consolidated,US GAAP,Audited,Annual,7238.422,,7635.906,,,,,59294.555,,,,,11960.462,,,,,43675.145,,160828.299,,,,355.917,,2378.416,3.515,,,,8978.855,
FAMILY TOYOTA ARLINGTON  42343,T001T42343,NAICS,4411,,,USA,TX,UDS 4.0,2024-03-31,USD,Thousands,Consolidated,US GAAP,Audited,Annual,,,,,,,,,,,,,,,,,,,,154745.507,,,,,,4567.244,,,,,,
GIUFFRE GROUP  00119  10K 10Q,T001T00119,NAICS,4411,,,USA,CA,UDS 4.0,2023-12-31,USD,Thousands,Consolidated,US GAAP,Audited,Annual,31203.575,,103294.741,,,,,210260.358,,,,,148787.925,,,,,-32598.065,,1192936.374,,,,2179.009,,74872.344,5905.696,,,,41644.937,
ROBINSON TOYOTA  41063,T001T41063,NAICS,4411,,,USA,TN,UDS 4.0,2025-03-31,USD,Thousands,Consolidated,US GAAP,Audited,Annual,762.898,,6275.18,,,,,10078.428,,,,,3841.142,,,,,8579.261,,77114.799,,,,301.874,,908.676,131.342,,,,2844.581,
ROBINSON TOYOTA  41063,T001T41063,NAICS,4411,,,USA,TN,UDS 4.0,2024-03-31,USD,Thousands,Consolidated,US GAAP,Audited,Annual,,,,,,,,,,,,,,,,,,,,75555.971,,,,,,984.966,,,,,,
LEXUS OF WATERTOWN  62002,T001T62002,NAICS,4411,,,USA,MA,UDS 4.0,2025-03-31,USD,Thousands,Consolidated,US GAAP,Audited,Annual,34826.72,,11703.644,,,,,61363.922,,,,,10586.407,,,,,45000.778,,245500.502,,,,3303.601,,3851.433,2763.077,,,,16685.759,
LEXUS OF WATERTOWN  62002,T001T62002,NAICS,4411,,,USA,MA,UDS 4.0,2024-03-31,USD,Thousands,Consolidated,US GAAP,Audited,Annual,,,,,,,,,,,,,,,,,,,,237225.833,,,,,,4807.492,,,,,,
KOCH 33 TOYOTA  37153,T001T37153,NAICS,4411,,,USA,PA,UDS 4.0,2025-03-31,USD,Thousands,Consolidated,US GAAP,Audited,Annual,1499.939,,23567.141,,,,,62370.12,,,,,23195.176,,,,,-34.671,,175877.563,,,,254.124,,2504.106,106.91,,,,5749.562,
KOCH 33 TOYOTA  37153,T001T37153,NAICS,4411,,,USA,PA,UDS 4.0,2024-03-31,USD,Thousands,Consolidated,US GAAP,Audited,Annual,,,,,,,,,,,,,,,,,,,,168093.853,,,,,,5136.188,,,,,,
HERITAGE TOYOTA  44014,T001T44014,NAICS,4411,,,USA,VT,UDS 4.0,2025-03-31,USD,Thousands,Consolidated,US GAAP,Audited,Annual,1.487,,6580.892,,,,,32188.213,,,,,10393.937,,,,,19288.495,,116757.356,,,,817.534,,2281.961,479.928,,,,3454.063,
HERITAGE TOYOTA  44014,T001T44014,NAICS,4411,,,USA,VT,UDS 4.0,2024-03-31,USD,Thousands,Consolidated,US GAAP,Audited,Annual,,,,,,,,,,,,,,,,,,,,118604.361,,,,,,3940.647,,,,,,
WILLIAMS TOYOTA OF SAYRE  37134,T001T37134,NAICS,4411,,,USA,PA,UDS 4.0,2025-03-31,USD,Thousands,Consolidated,US GAAP,Audited,Annual,1630.565,,2367.654,,,,,7260.34,,,,,3030.33,,,,,3652.837,,28214.33,,,,132.323,,-38.449,41.075,,,,642.739,
WILLIAMS TOYOTA OF SAYRE  37134,T001T37134,NAICS,4411,,,USA,PA,UDS 4.0,2024-03-31,USD,Thousands,Consolidated,US GAAP,Audited,Annual,,,,,,,,,,,,,,,,,,,,30731.14,,,,,,-14.143,,,,,,
LEXINGTON TOYOTA  20102,T001T20102,NAICS,4411,,,USA,MA,UDS 4.0,2025-03-31,USD,Thousands,Consolidated,US GAAP,Audited,Annual,3531.478,,3112.258,,,,,8783.719,,,,,2755.264,,,,,9395.255,,40814.652,,,,372.146,,614.554,106.372,,,,1308.161,
LEXINGTON TOYOTA  20102,T001T20102,NAICS,4411,,,USA,MA,UDS 4.0,2024-03-31,USD,Thousands,Consolidated,US GAAP,Audited,Annual,,,,,,,,,,,,,,,,,,,,40568.963,,,,,,1117.962,,,,,,
CRESTMONT TOYOTA  29081,T001T29081,NAICS,4411,,,USA,NJ,UDS 4.0,2025-03-31,USD,Thousands,Consolidated,US GAAP,Audited,Annual,14059.187,,6092.897,,,,,26338.896,,,,,8378.676,,,,,15134.176,,81613.793,,,,248.825,,164.108,51.31,,,,2444.876,
CRESTMONT TOYOTA  29081,T001T29081,NAICS,4411,,,USA,NJ,UDS 4.0,2024-03-31,USD,Thousands,Consolidated,US GAAP,Audited,Annual,,,,,,,,,,,,,,,,,,,,74422.536,,,,,,136.023,,,,,,
MAITA S TOYOTA SACRAMENTO  04364,T001T04364,NAICS,4411,,,USA,CA,UDS 4.0,2025-03-31,USD,Thousands,Consolidated,US GAAP,Audited,Annual,-519.813,,6197.623,,,,,66771.037,,,,,12441.504,,,,,50808.616,,147301.849,,,,940.912,,2451.709,568.926,,,,5129.413,
MAITA S TOYOTA SACRAMENTO  04364,T001T04364,NAICS,4411,,,USA,CA,UDS 4.0,2024-03-31,USD,Thousands,Consolidated,US GAAP,Audited,Annual,,,,,,,,,,,,,,,,,,,,151946.273,,,,,,5116.283,,,,,,
JACK SHERMAN TOYOTA  31131,T001T31131,NAICS,4411,,,USA,NY,UDS 4.0,2021-12-31,USD,Thousands,Consolidated,US GAAP,Audited,Annual,7028.619,,2640.23,,,,,10778.936,,,,,753.356,,,,,5379.61,,70732.862,,,,430.153,,4969.221,293.178,,,,7363.09,
JACK SHERMAN TOYOTA  31131,T001T31131,NAICS,4411,,,USA,NY,UDS 4.0,2020-12-31,USD,Thousands,Consolidated,US GAAP,Audited,Annual,,,,,,,,,,,,,,,,,,,,57364.913,,,,,,2245.695,,,,,,
FRANK SUBARU  54650 TERMINATED 051222,T001T54650,NAICS,4411,,,USA,CA,UDS 4.0,2022-10-31,USD,Thousands,Consolidated,US GAAP,Audited,Annual,3178.747,,3406.836,,,,,10212.144,,,,,5487.544,,,,,1091.573,,65856.878,,,,575.027,,2515.895,220.161,,,,2648.659,
FRANK SUBARU  54650 TERMINATED 051222,T001T54650,NAICS,4411,,,USA,CA,UDS 4.0,2021-10-31,USD,Thousands,Consolidated,US GAAP,Audited,Annual,,,,,,,,,,,,,,,,,,,,78100.055,,,,,,2207.159,,,,,,
HILTON HEAD LEXUS  63930,T001T63930,NAICS,4411,,,USA,SC,UDS 4.0,2025-03-31,USD,Thousands,Consolidated,US GAAP,Audited,Annual,4329.038,,5158.78,,,,,19082.807,,,,,6968.838,,,,,19030.86,,88398.011,,,,681.722,,2224.615,590.48,,,,6361.462,
HILTON HEAD LEXUS  63930,T001T63930,NAICS,4411,,,USA,SC,UDS 4.0,2024-03-31,USD,Thousands,Consolidated,US GAAP,Audited,Annual,,,,,,,,,,,,,,,,,,,,81944.744,,,,,,1176.338,,,,,,
RELIABLE TOYOTA  24071  LEXUS  62404,T001T24071,NAICS,4411,,,USA,MO,UDS 4.0,2025-03-31,USD,Thousands,Consolidated,US GAAP,Audited,Annual,7258.66,,7860.663,,,,,24681.742,,,,,17044.353,,,,,152312.138,,218254.61,,,,1128.253,,16521.398,726.047,,,,19568.595,
RELIABLE TOYOTA  24071  LEXUS  62404,T001T24071,NAICS,4411,,,USA,MO,UDS 4.0,2024-03-31,USD,Thousands,Consolidated,US GAAP,Audited,Annual,,,,,,,,,,,,,,,,,,,,204234.428,,,,,,16498.609,,,,,,
LANGWAY NISSAN OF NEWPORT  38889,T001T38889,NAICS,4411,,,USA,RI,UDS 4.0,2025-03-31,USD,Thousands,Consolidated,US GAAP,Audited,Annual,178.331,,823.319,,,,,1666.289,,,,,1174.028,,,,,-5128.889,,7282.005,,,,0.0,,-576.976,55.598,,,,0.0,
LANGWAY NISSAN OF NEWPORT  38889,T001T38889,NAICS,4411,,,USA,RI,UDS 4.0,2024-03-31,USD,Thousands,Consolidated,US GAAP,Audited,Annual,,,,,,,,,,,,,,,,,,,,4642.112,,,,,,-542.42,,,,,,
FRED BEANS NISSAN  29719,T001T29719,NAICS,4411,,,USA,NJ,UDS 4.0,2025-03-31,USD,Thousands,Consolidated,US GAAP,Audited,Annual,198.021,,7327.096,,,,,13873.877,,,,,6666.775,,,,,-7043.323,,41348.815,,,,184.468,,-1881.64,32.801,,,,0.0,
FRED BEANS NISSAN  29719,T001T29719,NAICS,4411,,,USA,NJ,UDS 4.0,2024-03-31,USD,Thousands,Consolidated,US GAAP,Audited,Annual,,,,,,,,,,,,,,,,,,,,39549.125,,,,,,-1327.03,,,,,,
PLAZA HONDA  TERMINATED,T001T31730,NAICS,4411,,,USA,NY,UDS 4.0,2010-06-30,USD,Thousands,Consolidated,US GAAP,Audited,Annual,1206.391,,10229.035,,,,,23553.547,,,,,15435.593,,,,,1852.607,,103552.786,,,,276.907,,2200.733,733.349,,,,2482.226,
PLAZA HONDA  TERMINATED,T001T31730,NAICS,4411,,,USA,NY,UDS 4.0,2009-06-30,USD,Thousands,Consolidated,US GAAP,Audited,Annual,,,,,,,,,,,,,,,,,,,,72686.606,,,,,,1043.832,,,,,,
EMERSON TOYOTA  18034,T001T18034,NAICS,4411,,,USA,ME,UDS 4.0,2025-03-31,USD,Thousands,Consolidated,US GAAP,Audited,Annual,2776.408,,3600.05,,,,,10159.762,,,,,4451.253,,,,,8154.801,,71438.79,,,,236.721,,1624.353,185.839,,,,2961.913,
EMERSON TOYOTA  18034,T001T18034,NAICS,4411,,,USA,ME,UDS 4.0,2024-03-31,USD,Thousands,Consolidated,US GAAP,Audited,Annual,,,,,,,,,,,,,,,,,,,,67702.299,,,,,,1815.628,,,,,,
SHOTTENKIRK TOYOTA  12147,T001T12147,NAICS,4411,,,USA,IL,UDS 4.0,2025-03-31,USD,Thousands,Consolidated,US GAAP,Audited,Annual,669.963,,3439.997,,,,,9658.408,,,,,3509.99,,,,,4062.162,,53799.676,,,,322.474,,1908.567,310.822,,,,2251.0,
SHOTTENKIRK TOYOTA  12147,T001T12147,NAICS,4411,,,USA,IL,UDS 4.0,2024-03-31,USD,Thousands,Consolidated,US GAAP,Audited,Annual,,,,,,,,,,,,,,,,,,,,63418.733,,,,,,2891.983,,,,,,
TEAM TOYOTA  37150,T001T37150,NAICS,4411,,,USA,PA,UDS 4.0,2025-03-31,USD,Thousands,Consolidated,US GAAP,Audited,Annual,3015.025,,10271.732,,,,,20022.263,,,,,8155.03,,,,,9648.059,,138501.054,,,,273.065,,3103.108,243.044,,,,5179.701,
TEAM TOYOTA  37150,T001T37150,NAICS,4411,,,USA,PA,UDS 4.0,2024-03-31,USD,Thousands,Consolidated,US GAAP,Audited,Annual,,,,,,,,,,,,,,,,,,,,132002.563,,,,,,4671.242,,,,,,
TOYOTA OF MURRAY  16046,T001T16046,NAICS,4411,,,USA,KY,UDS 4.0,2025-03-31,USD,Thousands,Consolidated,US GAAP,Audited,Annual,217.689,,2760.535,,,,,4035.338,,,,,1599.659,,,,,3937.92,,26909.478,,,,60.088,,689.008,51.481,,,,1305.587,
TOYOTA OF MURRAY  16046,T001T16046,NAICS,4411,,,USA,KY,UDS 4.0,2024-03-31,USD,Thousands,Consolidated,US GAAP,Audited,Annual,,,,,,,,,,,,,,,,,,,,24663.592,,,,,,692.987,,,,,,
INTERSTATE TOYOTA  31176,T001T31176,NAICS,4411,,,USA,NY,UDS 4.0,2025-03-31,USD,Thousands,Consolidated,US GAAP,Audited,Annual,3280.491,,7482.965,,,,,28717.307,,,,,6963.698,,,,,26868.191,,134584.318,,,,679.843,,3434.644,621.364,,,,6407.502,
INTERSTATE TOYOTA  31176,T001T31176,NAICS,4411,,,USA,NY,UDS 4.0,2024-03-31,USD,Thousands,Consolidated,US GAAP,Audited,Annual,,,,,,,,,,,,,,,,,,,,145542.522,,,,,,5527.145,,,,,,
FAULKNER TOYOTA  TREVOSE   37125,T001T37125,NAICS,4411,,,USA,PA,UDS 4.0,2025-03-31,USD,Thousands,Consolidated,US GAAP,Audited,Annual,2885.248,,7683.98,,,,,21278.095,,,,,9101.105,,,,,12330.458,,136915.158,,,,824.841,,3173.711,483.3,,,,6598.94,
FAULKNER TOYOTA  TREVOSE   37125,T001T37125,NAICS,4411,,,USA,PA,UDS 4.0,2024-03-31,USD,Thousands,Consolidated,US GAAP,Audited,Annual,,,,,,,,,,,,,,,,,,,,120295.548,,,,,,3140.685,,,,,,
GREGG ORR TOYOTA  03065,T001T03065,NAICS,4411,,,USA,AR,UDS 4.0,2025-03-31,USD,Thousands,Consolidated,US GAAP,Audited,Annual,2908.252,,3784.268,,,,,10414.406,,,,,7202.943,,,,,4355.055,,63028.818,,,,38.717,,1305.205,153.199,,,,1932.896,
GREGG ORR TOYOTA  03065,T001T03065,NAICS,4411,,,USA,AR,UDS 4.0,2024-03-31,USD,Thousands,Consolidated,US GAAP,Audited,Annual,,,,,,,,,,,,,,,,,,,,65445.847,,,,,,-708.694,,,,,,
TOYOTA OF RENTON  46101,T001T46101,NAICS,4411,,,USA,WA,UDS 4.0,2025-03-31,USD,Thousands,Consolidated,US GAAP,Audited,Annual,1305.679,,6575.708,,,,,20921.244,,,,,8524.52,,,,,5016.548,,124179.956,,,,879.827,,2517.404,267.768,,,,5337.649,
TOYOTA OF RENTON  46101,T001T46101,NAICS,4411,,,USA,WA,UDS 4.0,2024-03-31,USD,Thousands,Consolidated,US GAAP,Audited,Annual,,,,,,,,,,,,,,,,,,,,121752.691,,,,,,4035.224,,,,,,
TOYOTA DE AGUADILLA  59262,T001T59262,NAICS,4411,,,USA,,UDS 4.0,2025-03-31,USD,Thousands,Consolidated,US GAAP,Audited,Annual,8361.425,,4798.752,,,,,37865.121,,,,,9083.903,,,,,7127.748,,44689.842,,,,230.387,,2128.996,452.273,,,,1778.932,
TOYOTA DE AGUADILLA  59262,T001T59262,NAICS,4411,,,USA,,UDS 4.0,2024-03-31,USD,Thousands,Consolidated,US GAAP,Audited,Annual,,,,,,,,,,,,,,,,,,,,42620.528,,,,,,1918.952,,,,,,
AWESOME R V   46726,T001T46726,NAICS,4411,,,USA,WA,UDS 4.0,2025-03-31,USD,Thousands,Consolidated,US GAAP,Audited,Annual,212.994,,1673.82,,,,,7712.419,,,,,2465.637,,,,,5368.649,,9215.41,,,,66.553,,-847.055,36.008,,,,0.0,
AWESOME R V   46726,T001T46726,NAICS,4411,,,USA,WA,UDS 4.0,2024-03-31,USD,Thousands,Consolidated,US GAAP,Audited,Annual,,,,,,,,,,,,,,,,,,,,10682.803,,,,,,-584.567,,,,,,
MCGEE FAMILY USED CARS  44971,T001T44971,NAICS,4411,,,USA,VT,UDS 4.0,2022-09-30,USD,Thousands,Consolidated,US GAAP,Audited,Annual,90.206,,2030.388,,,,,2826.36,,,,,2467.508,,,,,314.628,,9745.244,,,,19.652,,-282.552,36.382,,,,0.0,
MCGEE FAMILY USED CARS  44971,T001T44971,NAICS,4411,,,USA,VT,UDS 4.0,2021-09-30,USD,Thousands,Consolidated,US GAAP,Audited,Annual,,,,,,,,,,,,,,,,,,,,12667.941,,,,,,-2.469,,,,,,
TOYOTA OF LARAMIE  49031,T001T49031,NAICS,4411,,,USA,WY,UDS 4.0,2025-03-31,USD,Thousands,Consolidated,US GAAP,Audited,Annual,2782.888,,6500.864,,,,,15087.615,,,,,4915.386,,,,,25193.747,,58557.74,,,,403.462,,1820.615,230.984,,,,3727.446,
TOYOTA OF LARAMIE  49031,T001T49031,NAICS,4411,,,USA,WY,UDS 4.0,2024-03-31,USD,Thousands,Consolidated,US GAAP,Audited,Annual,,,,,,,,,,,,,,,,,,,,65768.327,,,,,,2818.859,,,,,,
TEAM TOYOTA OF GLEN MILLS  37148,T001T37148,NAICS,4411,,,USA,PA,UDS 4.0,2025-03-31,USD,Thousands,Consolidated,US GAAP,Audited,Annual,4250.611,,7376.806,,,,,18402.722,,,,,5856.351,,,,,13339.509,,124887.854,,,,744.115,,3291.443,427.234,,,,6572.546,
TEAM TOYOTA OF GLEN MILLS  37148,T001T37148,NAICS,4411,,,USA,PA,UDS 4.0,2024-03-31,USD,Thousands,Consolidated,US GAAP,Audited,Annual,,,,,,,,,,,,,,,,,,,,128813.107,,,,,,4339.853,,,,,,
TOYOTA SAN LUIS OBISPO  04232,T001T04232,NAICS,4411,,,USA,CA,UDS 4.0,2025-03-31,USD,Thousands,Consolidated,US GAAP,Audited,Annual,1599.882,,3810.295,,,,,20690.212,,,,,4427.651,,,,,5638.955,,80096.512,,,,264.095,,1434.668,33.493,,,,3064.527,
TOYOTA SAN LUIS OBISPO  04232,T001T04232,NAICS,4411,,,USA,CA,UDS 4.0,2024-03-31,USD,Thousands,Consolidated,US GAAP,Audited,Annual,,,,,,,,,,,,,,,,,,,,75919.89,,,,,,1931.806,,,,,,
SHEEHY TOYOTA OF STAFFORD  45091,T001T45091,NAICS,4411,,,USA,VA,UDS 4.0,2025-03-31,USD,Thousands,Consolidated,US GAAP,Audited,Annual,4388.346,,4698.857,,,,,11940.843,,,,,5960.692,,,,,2727.088,,100658.589,,,,277.024,,1106.093,132.152,,,,3641.59,
SHEEHY TOYOTA OF STAFFORD  45091,T001T45091,NAICS,4411,,,USA,VA,UDS 4.0,2024-03-31,USD,Thousands,Consolidated,US GAAP,Audited,Annual,,,,,,,,,,,,,,,,,,,,92176.913,,,,,,1761.435,,,,,,
WILLIS LEXUS  61401,T001T61401,NAICS,4411,,,USA,IA,UDS 4.0,2025-03-31,USD,Thousands,Consolidated,US GAAP,Audited,Annual,0.4,,5486.642,,,,,23478.29,,,,,7257.144,,,,,4041.631,,94565.076,,,,1000.361,,1621.1,456.833,,,,4198.369,
WILLIS LEXUS  61401,T001T61401,NAICS,4411,,,USA,IA,UDS 4.0,2024-03-31,USD,Thousands,Consolidated,US GAAP,Audited,Annual,,,,,,,,,,,,,,,,,,,,85121.511,,,,,,1587.237,,,,,,
BILL WALSH TOYOTA  12085,T001T12085,NAICS,4411,,,USA,IL,UDS 4.0,2025-03-31,USD,Thousands,Consolidated,US GAAP,Audited,Annual,699.496,,1826.275,,,,,3180.23,,,,,2793.469,,,,,-102.7,,32275.657,,,,134.559,,-559.053,26.049,,,,92.667,
BILL WALSH TOYOTA  12085,T001T12085,NAICS,4411,,,USA,IL,UDS 4.0,2024-03-31,USD,Thousands,Consolidated,US GAAP,Audited,Annual,,,,,,,,,,,,,,,,,,,,32954.544,,,,,,209.95,,,,,,
MORRIES  00711  10K 10Q,T001T00711,NAICS,4411,,,USA,TX,UDS 4.0,2024-09-30,USD,Thousands,Consolidated,US GAAP,Audited,Annual,35179.674,,232194.549,,,,,574626.158,,,,,291825.297,,,,,90131.818,,1644056.084,,,,6582.562666667,,2846.446666667,26281.553333333,,,,19492.762666667,
TOYOTA OF PORTLAND ON BROADWAY  36097,T001T36097,NAICS,4411,,,USA,OR,UDS 4.0,2025-03-31,USD,Thousands,Consolidated,US GAAP,Audited,Annual,1045.64,,8166.557,,,,,43683.895,,,,,8216.196,,,,,22196.022,,112149.039,,,,998.439,,128.446,263.854,,,,2675.924,
TOYOTA OF PORTLAND ON BROADWAY  36097,T001T36097,NAICS,4411,,,USA,OR,UDS 4.0,2024-03-31,USD,Thousands,Consolidated,US GAAP,Audited,Annual,,,,,,,,,,,,,,,,,,,,125039.738,,,,,,1944.537,,,,,,
PRINCIPLE TOYOTA  41043,T001T41043,NAICS,4411,,,USA,TN,UDS 4.0,2025-03-31,USD,Thousands,Consolidated,US GAAP,Audited,Annual,4219.63,,6137.667,,,,,13299.826,,,,,5166.937,,,,,7865.759,,96312.903,,,,500.317,,676.576,236.227,,,,3787.655,
PRINCIPLE TOYOTA  41043,T001T41043,NAICS,4411,,,USA,TN,UDS 4.0,2024-03-31,USD,Thousands,Consolidated,US GAAP,Audited,Annual,,,,,,,,,,,,,,,,,,,,97619.859,,,,,,1459.772,,,,,,
AUTOFAIR TOYOTA OF TEWKSBURY  20151,T001T20151,NAICS,4411,,,USA,MA,UDS 4.0,2025-03-31,USD,Thousands,Consolidated,US GAAP,Audited,Annual,2128.544,,4610.221,,,,,34260.115,,,,,6553.704,,,,,976.988,,84480.481,,,,749.023,,515.813,362.61,,,,1857.206,
AUTOFAIR TOYOTA OF TEWKSBURY  20151,T001T20151,NAICS,4411,,,USA,MA,UDS 4.0,2024-03-31,USD,Thousands,Consolidated,US GAAP,Audited,Annual,,,,,,,,,,,,,,,,,,,,89644.437,,,,,,532.967,,,,,,
JAGUAR LAND ROVER TACOMA  46690  VOLVO  46691,T001T46690,NAICS,4411,,,USA,WA,UDS 4.0,2025-03-31,USD,Thousands,Consolidated,US GAAP,Audited,Annual,1512.035,,15309.194,,,,,25434.311,,,,,20107.585,,,,,1761.045,,92752.911,,,,102.751,,-3764.839,765.158,,,,2270.81,
JAGUAR LAND ROVER TACOMA  46690  VOLVO  46691,T001T46690,NAICS,4411,,,USA,WA,UDS 4.0,2024-03-31,USD,Thousands,Consolidated,US GAAP,Audited,Annual,,,,,,,,,,,,,,,,,,,,89332.532,,,,,,-3274.801,,,,,,
HUDSON AUTOMOTIVE GROUP  00413  10K 10Q,T001T00413,NAICS,4411,,,USA,TX,UDS 4.0,2024-09-30,USD,Thousands,Consolidated,US GAAP,Audited,Annual,149357.98,,544866.859,,,,,2658927.416,,,,,726167.273,,,,,511957.423,,4303345.323,,,,45336.617,,3529.659,104364.793,,,,173001.459,
HUDSON AUTOMOTIVE GROUP  00413  10K 10Q,T001T00413,NAICS,4411,,,USA,TX,UDS 4.0,2023-09-30,USD,Thousands,Consolidated,US GAAP,Audited,Annual,,,,,,,,,,,,,,,,,,,,4004717.671,,,,,,74913.419,,,,,,
TOYOTA OF SEATTLE  46086,T001T46086,NAICS,4411,,,USA,WA,UDS 4.0,2025-03-31,USD,Thousands,Consolidated,US GAAP,Audited,Annual,4047.474,,8849.576,,,,,17864.466,,,,,8742.337,,,,,7304.525,,139884.748,,,,839.669,,2915.418,592.11,,,,6637.788,
TOYOTA OF SEATTLE  46086,T001T46086,NAICS,4411,,,USA,WA,UDS 4.0,2024-03-31,USD,Thousands,Consolidated,US GAAP,Audited,Annual,,,,,,,,,,,,,,,,,,,,129300.934,,,,,,4093.512,,,,,,
HYUNDAI CITY OF BAY RIDGE  31465  SAME LEGAL ENT AS  31401 SEPARATE F S APRV  BY CAT ON 09 07 22,T001T31465,NAICS,4411,,,USA,NY,UDS 4.0,2025-03-31,USD,Thousands,Consolidated,US GAAP,Audited,Annual,588.675,,10271.595,,,,,18750.574,,,,,10096.338,,,,,1267.753,,64129.027,,,,22.367,,-4525.74,71.037,,,,0.0,
HYUNDAI CITY OF BAY RIDGE  31465  SAME LEGAL ENT AS  31401 SEPARATE F S APRV  BY CAT ON 09 07 22,T001T31465,NAICS,4411,,,USA,NY,UDS 4.0,2024-03-31,USD,Thousands,Consolidated,US GAAP,Audited,Annual,,,,,,,,,,,,,,,,,,,,57842.661,,,,,,-2980.283,,,,,,
TOYOTA OF MORRISTOWN  29059  SUBARU  29807,T001T29059,NAICS,4411,,,USA,NJ,UDS 4.0,2025-03-31,USD,Thousands,Consolidated,US GAAP,Audited,Annual,4402.627,,8690.083,,,,,24391.028,,,,,5158.273,,,,,13659.926,,138770.837,,,,1078.172,,2595.178,637.382,,,,4118.16,
TOYOTA OF MORRISTOWN  29059  SUBARU  29807,T001T29059,NAICS,4411,,,USA,NJ,UDS 4.0,2024-03-31,USD,Thousands,Consolidated,US GAAP,Audited,Annual,,,,,,,,,,,,,,,,,,,,140596.448,,,,,,3782.931,,,,,,
BOSAK TOYOTA CHESTERTON  13078,T001T13078,NAICS,4411,,,USA,IN,UDS 4.0,2025-03-31,USD,Thousands,Consolidated,US GAAP,Audited,Annual,1345.553,,1778.932,,,,,18955.493,,,,,2388.837,,,,,2878.364,,38881.562,,,,119.579,,-298.1,7.775,,,,597.648,
BOSAK TOYOTA CHESTERTON  13078,T001T13078,NAICS,4411,,,USA,IN,UDS 4.0,2024-03-31,USD,Thousands,Consolidated,US GAAP,Audited,Annual,,,,,,,,,,,,,,,,,,,,36431.411,,,,,,-87.734,,,,,,
MOSES HONDA  47923  MOSES VOLKSWAGEN  47924,T001T47923,NAICS,4411,,,USA,WV,UDS 4.0,2025-03-31,USD,Thousands,Consolidated,US GAAP,Audited,Annual,1843.654,,7598.818,,,,,11604.867,,,,,7343.768,,,,,1166.405,,57617.659,,,,258.743,,930.27,35.537,,,,1458.21,
MOSES HONDA  47923  MOSES VOLKSWAGEN  47924,T001T47923,NAICS,4411,,,USA,WV,UDS 4.0,2024-03-31,USD,Thousands,Consolidated,US GAAP,Audited,Annual,,,,,,,,,,,,,,,,,,,,47522.097,,,,,,575.169,,,,,,
CITY TOYOTA  25056,T001T25056,NAICS,4411,,,USA,MT,UDS 4.0,2025-03-31,USD,Thousands,Consolidated,US GAAP,Audited,Annual,1338.248,,6143.52,,,,,10831.292,,,,,8011.301,,,,,2542.726,,74203.233,,,,528.722,,1814.631,302.999,,,,2019.866,
CITY TOYOTA  25056,T001T25056,NAICS,4411,,,USA,MT,UDS 4.0,2024-03-31,USD,Thousands,Consolidated,US GAAP,Audited,Annual,,,,,,,,,,,,,,,,,,,,75257.121,,,,,,2039.018,,,,,,
MAGUIRE TOYOTA OF GRAND ISLAND  31203,T001T31203,NAICS,4411,,,USA,NY,UDS 4.0,2025-03-31,USD,Thousands,Consolidated,US GAAP,Audited,Annual,442.134,,2562.943,,,,,5418.06,,,,,2297.623,,,,,131.511,,30200.788,,,,91.843,,-960.697,140.233,,,,0.0,
MAGUIRE TOYOTA OF GRAND ISLAND  31203,T001T31203,NAICS,4411,,,USA,NY,UDS 4.0,2024-03-31,USD,Thousands,Consolidated,US GAAP,Audited,Annual,,,,,,,,,,,,,,,,,,,,38072.779,,,,,,-279.368,,,,,,
HARTFORD TOYOTA  06050,T001T06050,NAICS,4411,,,USA,CT,UDS 4.0,2025-03-31,USD,Thousands,Consolidated,US GAAP,Audited,Annual,7420.121,,4797.241,,,,,19454.067,,,,,7192.528,,,,,10863.506,,88984.19,,,,329.964,,3133.175,233.715,,,,5512.243,
HARTFORD TOYOTA  06050,T001T06050,NAICS,4411,,,USA,CT,UDS 4.0,2024-03-31,USD,Thousands,Consolidated,US GAAP,Audited,Annual,,,,,,,,,,,,,,,,,,,,89114.062,,,,,,3268.423,,,,,,
ROBBINS TOYOTA,T001T42026,NAICS,4411,,,USA,TX,UDS 4.0,2025-03-31,USD,Thousands,Consolidated,US GAAP,Audited,Annual,3516.147,,2982.424,,,,,8590.651,,,,,3337.142,,,,,2650.593,,51417.358,,,,372.187,,-143.458,193.77,,,,989.907,
ROBBINS TOYOTA,T001T42026,NAICS,4411,,,USA,TX,UDS 4.0,2024-03-31,USD,Thousands,Consolidated,US GAAP,Audited,Annual,,,,,,,,,,,,,,,,,,,,54275.975,,,,,,903.509,,,,,,
TOWN CHRYSLER DODGE  46713,T001T46713,NAICS,4411,,,USA,WA,UDS 4.0,2025-03-31,USD,Thousands,Consolidated,US GAAP,Audited,Annual,1223.507,,8845.091,,,,,10777.71,,,,,6421.598,,,,,1695.911,,27732.954,,,,100.034,,-176.697,458.791,,,,425.137,
TOWN CHRYSLER DODGE  46713,T001T46713,NAICS,4411,,,USA,WA,UDS 4.0,2024-03-31,USD,Thousands,Consolidated,US GAAP,Audited,Annual,,,,,,,,,,,,,,,,,,,,30181.433,,,,,,-153.178,,,,,,
TOYOTA OF BASTROP  17074,T001T17074,NAICS,4411,,,USA,LA,UDS 4.0,2022-10-31,USD,Thousands,Consolidated,US GAAP,Audited,Annual,606.236,,2177.185,,,,,3910.713,,,,,2163.045,,,,,-685.474,,15079.854,,,,40.498,,213.156,67.016,,,,523.895,
TOYOTA OF BASTROP  17074,T001T17074,NAICS,4411,,,USA,LA,UDS 4.0,2021-10-31,USD,Thousands,Consolidated,US GAAP,Audited,Annual,,,,,,,,,,,,,,,,,,,,15292.799,,,,,,-32.08,,,,,,
FOOTHILLS TOYOTA  46078,T001T46078,NAICS,4411,,,USA,WA,UDS 4.0,2025-03-31,USD,Thousands,Consolidated,US GAAP,Audited,Annual,4841.952,,4917.72,,,,,13328.19,,,,,5846.436,,,,,15582.967,,91110.115,,,,370.207,,4041.769,327.853,,,,6519.701,
FOOTHILLS TOYOTA  46078,T001T46078,NAICS,4411,,,USA,WA,UDS 4.0,2024-03-31,USD,Thousands,Consolidated,US GAAP,Audited,Annual,,,,,,,,,,,,,,,,,,,,92428.38,,,,,,4810.272,,,,,,
ISLAND TOYOTA  31186,T001T31186,NAICS,4411,,,USA,NY,UDS 4.0,2025-03-31,USD,Thousands,Consolidated,US GAAP,Audited,Annual,2559.956,,10823.321,,,,,33924.658,,,,,15219.905,,,,,1940.466,,83863.96,,,,145.447,,689.479,293.08,,,,1846.854,
ISLAND TOYOTA  31186,T001T31186,NAICS,4411,,,USA,NY,UDS 4.0,2024-03-31,USD,Thousands,Consolidated,US GAAP,Audited,Annual,,,,,,,,,,,,,,,,,,,,85075.305,,,,,,1257.025,,,,,,
BREWER AIRPORT TOYOTA  37194,T001T37194,NAICS,4411,,,USA,PA,UDS 4.0,2025-03-31,USD,Thousands,Consolidated,US GAAP,Audited,Annual,7174.463,,5560.134,,,,,28248.127,,,,,5004.566,,,,,17798.193,,85136.895,,,,493.018,,2016.72,121.45,,,,5141.646,
BREWER AIRPORT TOYOTA  37194,T001T37194,NAICS,4411,,,USA,PA,UDS 4.0,2024-03-31,USD,Thousands,Consolidated,US GAAP,Audited,Annual,,,,,,,,,,,,,,,,,,,,84388.472,,,,,,3036.273,,,,,,
SHEEHY TOY FREDERICKSBURG  45092,T001T45092,NAICS,4411,,,USA,VA,UDS 4.0,2025-03-31,USD,Thousands,Consolidated,US GAAP,Audited,Annual,13108.765,,7745.082,,,,,26740.761,,,,,12101.638,,,,,8587.627,,148422.102,,,,405.906,,5357.978,250.808,,,,8900.817,
SHEEHY TOY FREDERICKSBURG  45092,T001T45092,NAICS,4411,,,USA,VA,UDS 4.0,2024-03-31,USD,Thousands,Consolidated,US GAAP,Audited,Annual,,,,,,,,,,,,,,,,,,,,152179.662,,,,,,6015.733,,,,,,
WOODHOUSE TOYOTA  26033,T001T26033,NAICS,4411,,,USA,NE,UDS 4.0,2025-03-31,USD,Thousands,Consolidated,US GAAP,Audited,Annual,40.847,,5926.245,,,,,23835.332,,,,,4914.68,,,,,-161.399,,40193.744,,,,0.0,,-47.008,237.504,,,,255.86,
I 5 TOYOTA  46073,T001T46073,NAICS,4411,,,USA,WA,UDS 4.0,2025-03-31,USD,Thousands,Consolidated,US GAAP,Audited,Annual,1192.651,,5820.623,,,,,10480.847,,,,,5157.89,,,,,7786.621,,92514.133,,,,780.486,,568.813,360.46,,,,2294.462,
I 5 TOYOTA  46073,T001T46073,NAICS,4411,,,USA,WA,UDS 4.0,2024-03-31,USD,Thousands,Consolidated,US GAAP,Audited,Annual,,,,,,,,,,,,,,,,,,,,89923.231,,,,,,1588.546,,,,,,
ROYAL SOUTH TOYOTA  13045,T001T13045,NAICS,4411,,,USA,IN,UDS 4.0,2025-03-31,USD,Thousands,Consolidated,US GAAP,Audited,Annual,3162.944,,2196.35,,,,,6733.426,,,,,998.627,,,,,8980.243,,48751.192,,,,340.039,,3516.244,191.201,,,,4202.231,
ROYAL SOUTH TOYOTA  13045,T001T13045,NAICS,4411,,,USA,IN,UDS 4.0,2024-03-31,USD,Thousands,Consolidated,US GAAP,Audited,Annual,,,,,,,,,,,,,,,,,,,,52020.443,,,,,,3915.202,,,,,,
COOS BAY TOYOTA,T001T36057,NAICS,4411,,,USA,OR,UDS 4.0,2022-05-31,USD,Thousands,Consolidated,US GAAP,Audited,Annual,253.054,,3450.852,,,,,5477.762,,,,,1321.922,,,,,2494.451,,44720.9592,,,,209.676,,1892.664,123.1272,,,,2294.5368,
COOS BAY TOYOTA,T001T36057,NAICS,4411,,,USA,OR,UDS 4.0,2021-05-31,USD,Thousands,Consolidated,US GAAP,Audited,Annual,,,,,,,,,,,,,,,,,,,,37387.219,,,,,,1148.741,,,,,,
HARR TOYOTA  20101,T001T20101,NAICS,4411,,,USA,MA,UDS 4.0,2025-03-31,USD,Thousands,Consolidated,US GAAP,Audited,Annual,5250.923,,6247.958,,,,,18930.501,,,,,11824.371,,,,,19130.436,,111539.605,,,,646.196,,1754.815,158.922,,,,6054.996,
HARR TOYOTA  20101,T001T20101,NAICS,4411,,,USA,MA,UDS 4.0,2024-03-31,USD,Thousands,Consolidated,US GAAP,Audited,Annual,,,,,,,,,,,,,,,,,,,,120815.969,,,,,,3644.616,,,,,,
BALL TOYOTA OF CHARLESTON,T001T47032,NAICS,4411,,,USA,WV,UDS 4.0,2024-11-30,USD,Thousands,Consolidated,US GAAP,Audited,Annual,8730.186,,5896.462,,,,,15343.098,,,,,5604.0,,,,,6278.833,,53203.365818182,,,,105.601090909,,287.127272727,89.28,,,,2062.107272727,
BALL TOYOTA OF CHARLESTON,T001T47032,NAICS,4411,,,USA,WV,UDS 4.0,2023-11-30,USD,Thousands,Consolidated,US GAAP,Audited,Annual,,,,,,,,,,,,,,,,,,,,64093.093,,,,,,1875.925,,,,,,
COPELAND SUBARU HYANNIS  20770,T001T20770,NAICS,4411,,,USA,MA,UDS 4.0,2025-03-31,USD,Thousands,Consolidated,US GAAP,Audited,Annual,501.137,,2707.181,,,,,5821.741,,,,,3430.187,,,,,2547.008,,33824.575,,,,43.264,,-79.332,180.798,,,,257.109,
COPELAND SUBARU HYANNIS  20770,T001T20770,NAICS,4411,,,USA,MA,UDS 4.0,2024-03-31,USD,Thousands,Consolidated,US GAAP,Audited,Annual,,,,,,,,,,,,,,,,,,,,35267.357,,,,,,407.203,,,,,,
TRI CITIES CHRYSLER DODGE JEEP RAM  41726,T001T41726,NAICS,4411,,,USA,TN,UDS 4.0,2025-03-31,USD,Thousands,Consolidated,US GAAP,Audited,Annual,4077.439,,8191.9,,,,,15005.443,,,,,8975.964,,,,,6819.491,,50417.278,,,,89.668,,316.08,453.881,,,,670.996,
TRI CITIES CHRYSLER DODGE JEEP RAM  41726,T001T41726,NAICS,4411,,,USA,TN,UDS 4.0,2024-03-31,USD,Thousands,Consolidated,US GAAP,Audited,Annual,,,,,,,,,,,,,,,,,,,,49632.193,,,,,,692.065,,,,,,
LEXUS OF LEHIGH VALLEY  63704,T001T63704,NAICS,4411,,,USA,PA,UDS 4.0,2025-03-31,USD,Thousands,Consolidated,US GAAP,Audited,Annual,590.832,,8347.487,,,,,26334.302,,,,,14972.088,,,,,4099.273,,150257.218,,,,500.997,,1980.421,390.819,,,,6122.091,
LEXUS OF LEHIGH VALLEY  63704,T001T63704,NAICS,4411,,,USA,PA,UDS 4.0,2024-03-31,USD,Thousands,Consolidated,US GAAP,Audited,Annual,,,,,,,,,,,,,,,,,,,,118523.557,,,,,,967.239,,,,,,
WEST HERR TOYOTA OF ROCHESTER  31198,T001T31198,NAICS,4411,,,USA,NY,UDS 4.0,2025-03-31,USD,Thousands,Consolidated,US GAAP,Audited,Annual,1893.26,,4746.516,,,,,20674.332,,,,,5215.558,,,,,-1445.53,,115600.252,,,,632.971,,3108.497,198.673,,,,4712.129,
WEST HERR TOYOTA OF ROCHESTER  31198,T001T31198,NAICS,4411,,,USA,NY,UDS 4.0,2024-03-31,USD,Thousands,Consolidated,US GAAP,Audited,Annual,,,,,,,,,,,,,,,,,,,,120688.56,,,,,,4179.815,,,,,,
KENNY KENT TOYOTA  13067,T001T13067,NAICS,4411,,,USA,IN,UDS 4.0,2025-03-31,USD,Thousands,Consolidated,US GAAP,Audited,Annual,3782.862,,3047.76,,,,,25625.921,,,,,6752.527,,,,,60738.757,,133328.455,,,,462.353,,5822.936,401.858,,,,7751.908,
KENNY KENT TOYOTA  13067,T001T13067,NAICS,4411,,,USA,IN,UDS 4.0,2024-03-31,USD,Thousands,Consolidated,US GAAP,Audited,Annual,,,,,,,,,,,,,,,,,,,,128028.481,,,,,,7325.34,,,,,,
TOYOTA OF ANN ARBOR  21124,T001T21124,NAICS,4411,,,USA,MI,UDS 4.0,2025-03-31,USD,Thousands,Consolidated,US GAAP,Audited,Annual,785.137,,7874.911,,,,,40424.782,,,,,8314.05,,,,,11157.493,,148069.865,,,,626.079,,4173.8,75.034,,,,8454.212,
TOYOTA OF ANN ARBOR  21124,T001T21124,NAICS,4411,,,USA,MI,UDS 4.0,2024-03-31,USD,Thousands,Consolidated,US GAAP,Audited,Annual,,,,,,,,,,,,,,,,,,,,147310.736,,,,,,5850.036,,,,,,
MAGUIRE HYUNDAI OF GRAND ISLAND  31410,T001T31410,NAICS,4411,,,USA,NY,UDS 4.0,2024-12-31,USD,Thousands,Consolidated,US GAAP,Audited,Annual,-45.626,,3793.697,,,,,4742.721,,,,,3063.916,,,,,-430.337,,20217.399,,,,148.751,,-1205.109,99.43,,,,42.439,
MAGUIRE HYUNDAI OF GRAND ISLAND  31410,T001T31410,NAICS,4411,,,USA,NY,UDS 4.0,2023-12-31,USD,Thousands,Consolidated,US GAAP,Audited,Annual,,,,,,,,,,,,,,,,,,,,30579.063,,,,,,-891.311,,,,,,
SAN BERNARDINO SUBARU  54647  SPLIT FROM TOYOTA 032819,T001T54647,NAICS,4411,,,USA,CA,UDS 4.0,2025-03-31,USD,Thousands,Consolidated,US GAAP,Audited,Annual,12824.312,,8410.299,,,,,28470.065,,,,,11486.517,,,,,15372.116,,91982.509,,,,10.072,,-1638.837,207.545,,,,2272.676,
SAN BERNARDINO SUBARU  54647  SPLIT FROM TOYOTA 032819,T001T54647,NAICS,4411,,,USA,CA,UDS 4.0,2024-03-31,USD,Thousands,Consolidated,US GAAP,Audited,Annual,,,,,,,,,,,,,,,,,,,,85889.409,,,,,,-640.099,,,,,,
THURSTON TOYOTA  04386  CHEVROLET  54656,T001T04386,NAICS,4411,,,USA,CA,UDS 4.0,2025-03-31,USD,Thousands,Consolidated,US GAAP,Audited,Annual,9860.49,,6124.654,,,,,20170.268,,,,,3228.856,,,,,12568.621,,61798.077,,,,353.655,,1271.581,153.527,,,,1686.08,
THURSTON TOYOTA  04386  CHEVROLET  54656,T001T04386,NAICS,4411,,,USA,CA,UDS 4.0,2024-03-31,USD,Thousands,Consolidated,US GAAP,Audited,Annual,,,,,,,,,,,,,,,,,,,,65703.652,,,,,,1952.263,,,,,,
STEVEN KIA  45895,T001T45895,NAICS,4411,,,USA,VA,UDS 4.0,2025-03-31,USD,Thousands,Consolidated,US GAAP,Audited,Annual,1882.629,,4416.63,,,,,11586.297,,,,,3602.864,,,,,6769.576,,37819.875,,,,18.788,,-22.783,202.58,,,,1470.783,
STEVEN KIA  45895,T001T45895,NAICS,4411,,,USA,VA,UDS 4.0,2024-03-31,USD,Thousands,Consolidated,US GAAP,Audited,Annual,,,,,,,,,,,,,,,,,,,,38430.412,,,,,,563.868,,,,,,
SUNROAD AUTO GROUP  INTERNAL CONSOLIDATED   00638  10K 10Q,T001T00638,NAICS,4411,,,USA,TX,UDS 4.0,2024-09-30,USD,Thousands,Consolidated,US GAAP,Audited,Annual,32258.849,,142183.45,,,,,488826.76,,,,,201617.285,,,,,143052.174,,1127672.694,,,,10860.506,,16977.144,3435.677,,,,23070.056,
SUNROAD AUTO GROUP  INTERNAL CONSOLIDATED   00638  10K 10Q,T001T00638,NAICS,4411,,,USA,TX,UDS 4.0,2023-09-30,USD,Thousands,Consolidated,US GAAP,Audited,Annual,,,,,,,,,,,,,,,,,,,,986169.805,,,,,,32113.735,,,,,,
TEAGUE TOYOTA CHEVY OLDS  03052,T001T03052,NAICS,4411,,,USA,AR,UDS 4.0,2021-05-31,USD,Thousands,Consolidated,US GAAP,Audited,Annual,382.695,,2621.524,,,,,5178.33,,,,,1607.95,,,,,1876.612,,31071.269,,,,80.931,,1005.165,9.672,,,,1246.311,
TEAGUE TOYOTA CHEVY OLDS  03052,T001T03052,NAICS,4411,,,USA,AR,UDS 4.0,2020-05-31,USD,Thousands,Consolidated,US GAAP,Audited,Annual,,,,,,,,,,,,,,,,,,,,23888.628,,,,,,-205.011,,,,,,
RED MCCOMBS HYUNDAI NW  42680  GENESIS OF NW SAN ANTONIO  42520,T001T42680,NAICS,4411,,,USA,TX,UDS 4.0,2022-03-31,USD,Thousands,Consolidated,US GAAP,Audited,Annual,5912.954,,3419.461,,,,,11179.086,,,,,5367.44,,,,,0.0,,80398.077,,,,506.859,,5083.921,464.162,,,,5535.036,
RED MCCOMBS HYUNDAI NW  42680  GENESIS OF NW SAN ANTONIO  42520,T001T42680,NAICS,4411,,,USA,TX,UDS 4.0,2021-03-31,USD,Thousands,Consolidated,US GAAP,Audited,Annual,,,,,,,,,,,,,,,,,,,,57919.113,,,,,,1770.211,,,,,,
TOYOTA OF MERIDIAN  23085,T001T23085,NAICS,4411,,,USA,MS,UDS 4.0,2025-03-31,USD,Thousands,Consolidated,US GAAP,Audited,Annual,1585.831,,4182.277,,,,,22987.303,,,,,2987.245,,,,,490.464,,51128.836,,,,192.369,,-755.735,425.014,,,,499.269,
TOYOTA OF MERIDIAN  23085,T001T23085,NAICS,4411,,,USA,MS,UDS 4.0,2024-03-31,USD,Thousands,Consolidated,US GAAP,Audited,Annual,,,,,,,,,,,,,,,,,,,,56834.92,,,,,,-899.528,,,,,,
TOYOTA OF BOARDMAN  34122,T001T34122,NAICS,4411,,,USA,OH,UDS 4.0,2025-03-31,USD,Thousands,Consolidated,US GAAP,Audited,Annual,2470.987,,4948.277,,,,,12277.163,,,,,6864.326,,,,,2196.912,,87144.576,,,,351.353,,1141.137,198.571,,,,3337.169,
TOYOTA OF BOARDMAN  34122,T001T34122,NAICS,4411,,,USA,OH,UDS 4.0,2024-03-31,USD,Thousands,Consolidated,US GAAP,Audited,Annual,,,,,,,,,,,,,,,,,,,,92728.115,,,,,,1629.737,,,,,,
BRISTOL TOYOTA  INC   20140,T001T20140,NAICS,4411,,,USA,MA,UDS 4.0,2025-03-31,USD,Thousands,Consolidated,US GAAP,Audited,Annual,10124.956,,5669.01,,,,,20437.823,,,,,3043.391,,,,,26673.305,,97837.978,,,,646.212,,2328.315,499.614,,,,4901.722,
BRISTOL TOYOTA  INC   20140,T001T20140,NAICS,4411,,,USA,MA,UDS 4.0,2024-03-31,USD,Thousands,Consolidated,US GAAP,Audited,Annual,,,,,,,,,,,,,,,,,,,,94036.298,,,,,,3533.274,,,,,,
TOYOTA OF EL CAJON  04456,T001T04456,NAICS,4411,,,USA,CA,UDS 4.0,2025-03-31,USD,Thousands,Consolidated,US GAAP,Audited,Annual,9447.848,,10736.855,,,,,52635.429,,,,,12542.545,,,,,46937.862,,233530.417,,,,1544.373,,6809.164,1260.757,,,,10042.255,
TOYOTA OF EL CAJON  04456,T001T04456,NAICS,4411,,,USA,CA,UDS 4.0,2024-03-31,USD,Thousands,Consolidated,US GAAP,Audited,Annual,,,,,,,,,,,,,,,,,,,,225835.908,,,,,,8690.876,,,,,,
DELLA TOYOTA,T001T31180,NAICS,4411,,,USA,NY,UDS 4.0,2025-03-31,USD,Thousands,Consolidated,US GAAP,Audited,Annual,5111.52,,4553.938,,,,,11587.818,,,,,5963.983,,,,,4384.223,,51793.857,,,,58.902,,45.796,16.232,,,,810.873,
DELLA TOYOTA,T001T31180,NAICS,4411,,,USA,NY,UDS 4.0,2024-03-31,USD,Thousands,Consolidated,US GAAP,Audited,Annual,,,,,,,,,,,,,,,,,,,,54227.352,,,,,,960.259,,,,,,
TOWN NISSAN  46719,T001T46719,NAICS,4411,,,USA,WA,UDS 4.0,2025-03-31,USD,Thousands,Consolidated,US GAAP,Audited,Annual,14.439,,3056.527,,,,,3332.763,,,,,2573.264,,,,,-4350.004,,14050.281,,,,27.924,,-722.932,74.575,,,,0.0,
TOWN NISSAN  46719,T001T46719,NAICS,4411,,,USA,WA,UDS 4.0,2024-03-31,USD,Thousands,Consolidated,US GAAP,Audited,Annual,,,,,,,,,,,,,,,,,,,,14068.477,,,,,,-842.201,,,,,,
TROTTER TOYOTA  03058,T001T03058,NAICS,4411,,,USA,AR,UDS 4.0,2025-03-31,USD,Thousands,Consolidated,US GAAP,Audited,Annual,168.284,,2505.445,,,,,4066.583,,,,,1473.003,,,,,1356.302,,19341.277,,,,96.606,,-41.634,11.879,,,,0.0,
TROTTER TOYOTA  03058,T001T03058,NAICS,4411,,,USA,AR,UDS 4.0,2024-03-31,USD,Thousands,Consolidated,US GAAP,Audited,Annual,,,,,,,,,,,,,,,,,,,,18562.554,,,,,,-24.069,,,,,,
VOLVO CARS FARMINGTON HLS  21803,T001T21803,NAICS,4411,,,USA,MI,UDS 4.0,2025-03-31,USD,Thousands,Consolidated,US GAAP,Audited,Annual,643.199,,8865.982,,,,,16750.398,,,,,9999.154,,,,,5339.264,,36426.779,,,,107.159,,-874.771,614.295,,,,691.834,
VOLVO CARS FARMINGTON HLS  21803,T001T21803,NAICS,4411,,,USA,MI,UDS 4.0,2024-03-31,USD,Thousands,Consolidated,US GAAP,Audited,Annual,,,,,,,,,,,,,,,,,,,,38770.695,,,,,,-524.153,,,,,,
LIBERTY TOYOTA  29071,T001T29071,NAICS,4411,,,USA,NJ,UDS 4.0,2025-03-31,USD,Thousands,Consolidated,US GAAP,Audited,Annual,2073.741,,1868.683,,,,,8279.1,,,,,3372.663,,,,,2562.16,,58462.387,,,,186.69,,685.61,186.69,,,,1762.539,
LIBERTY TOYOTA  29071,T001T29071,NAICS,4411,,,USA,NJ,UDS 4.0,2024-03-31,USD,Thousands,Consolidated,US GAAP,Audited,Annual,,,,,,,,,,,,,,,,,,,,66827.793,,,,,,1931.212,,,,,,
OURISMAN TOYOTA 40  19077,T001T19077,NAICS,4411,,,USA,MD,UDS 4.0,2025-03-31,USD,Thousands,Consolidated,US GAAP,Audited,Annual,939.256,,7559.567,,,,,24120.36,,,,,10222.585,,,,,987.097,,98744.884,,,,577.936,,-4002.66,41.663,,,,1162.831,
OURISMAN TOYOTA 40  19077,T001T19077,NAICS,4411,,,USA,MD,UDS 4.0,2024-03-31,USD,Thousands,Consolidated,US GAAP,Audited,Annual,,,,,,,,,,,,,,,,,,,,96737.114,,,,,,-2137.158,,,,,,
DOLAN DODGE RAM FIAT  27914,T001T27914,NAICS,4411,,,USA,NV,UDS 4.0,2025-03-31,USD,Thousands,Consolidated,US GAAP,Audited,Annual,1492.328,,15218.67,,,,,29567.45,,,,,12415.563,,,,,4328.66,,81353.761,,,,186.825,,-2286.485,573.74,,,,1210.912,
DOLAN DODGE RAM FIAT  27914,T001T27914,NAICS,4411,,,USA,NV,UDS 4.0,2024-03-31,USD,Thousands,Consolidated,US GAAP,Audited,Annual,,,,,,,,,,,,,,,,,,,,85050.643,,,,,,-2764.188,,,,,,
J  PAULEY TOYOTA,T001T03050,NAICS,4411,,,USA,AR,UDS 4.0,2025-03-31,USD,Thousands,Consolidated,US GAAP,Audited,Annual,16059.68,,2365.766,,,,,20159.061,,,,,1493.492,,,,,17596.532,,51463.23,,,,317.952,,1696.529,215.569,,,,2536.6,
J  PAULEY TOYOTA,T001T03050,NAICS,4411,,,USA,AR,UDS 4.0,2024-03-31,USD,Thousands,Consolidated,US GAAP,Audited,Annual,,,,,,,,,,,,,,,,,,,,45596.127,,,,,,1716.769,,,,,,
LUV TOYOTA OF BRADFORD  37197,T001T37197,NAICS,4411,,,USA,PA,UDS 4.0,2025-03-31,USD,Thousands,Consolidated,US GAAP,Audited,Annual,148.35,,5283.877,,,,,11919.061,,,,,3777.561,,,,,1864.618,,38465.289,,,,178.575,,2274.488,382.211,,,,2922.233,
LUV TOYOTA OF BRADFORD  37197,T001T37197,NAICS,4411,,,USA,PA,UDS 4.0,2024-03-31,USD,Thousands,Consolidated,US GAAP,Audited,Annual,,,,,,,,,,,,,,,,,,,,43442.146,,,,,,2511.852,,,,,,
FLOW TOYOTA OF CHARLOTTESVILLE  45098,T001T45098,NAICS,4411,,,USA,VA,UDS 4.0,2025-03-31,USD,Thousands,Consolidated,US GAAP,Audited,Annual,1208.28,,5613.824,,,,,34601.728,,,,,7001.381,,,,,2766.013,,86820.831,,,,436.363,,1418.257,740.34,,,,3220.678,
FLOW TOYOTA OF CHARLOTTESVILLE  45098,T001T45098,NAICS,4411,,,USA,VA,UDS 4.0,2024-03-31,USD,Thousands,Consolidated,US GAAP,Audited,Annual,,,,,,,,,,,,,,,,,,,,71412.216,,,,,,179.704,,,,,,
MCLAREN SAN FRANCISCO  54652  VOLVO PALO ALTO  54691  POLESTAR SAN JOSE  54375,T001T54652,NAICS,4411,,,USA,CA,UDS 4.0,2025-03-31,USD,Thousands,Consolidated,US GAAP,Audited,Annual,1847.801,,27521.996,,,,,41113.478,,,,,32798.793,,,,,-7682.113,,127166.063,,,,666.883,,-1448.357,1197.53,,,,1627.595,
MCLAREN SAN FRANCISCO  54652  VOLVO PALO ALTO  54691  POLESTAR SAN JOSE  54375,T001T54652,NAICS,4411,,,USA,CA,UDS 4.0,2024-03-31,USD,Thousands,Consolidated,US GAAP,Audited,Annual,,,,,,,,,,,,,,,,,,,,93465.36,,,,,,-2854.456,,,,,,
CUMBERLAND CHRYSLER DODGE JEEP RAM FIAT  41858,T001T41858,NAICS,4411,,,USA,TN,UDS 4.0,2025-03-31,USD,Thousands,Consolidated,US GAAP,Audited,Annual,3200.064,,4990.612,,,,,10782.511,,,,,6101.869,,,,,5553.355,,33254.796,,,,34.23,,-408.294,443.434,,,,618.557,
CUMBERLAND CHRYSLER DODGE JEEP RAM FIAT  41858,T001T41858,NAICS,4411,,,USA,TN,UDS 4.0,2024-03-31,USD,Thousands,Consolidated,US GAAP,Audited,Annual,,,,,,,,,,,,,,,,,,,,32032.51,,,,,,-501.287,,,,,,
LEXUS OF FREMONT  60416,T001T60416,NAICS,4411,,,USA,CA,UDS 4.0,2025-03-31,USD,Thousands,Consolidated,US GAAP,Audited,Annual,51.165,,4852.48,,,,,28560.024,,,,,2161.108,,,,,15801.893,,162066.545,,,,1528.335,,-3612.716,907.136,,,,4244.219,
LEXUS OF FREMONT  60416,T001T60416,NAICS,4411,,,USA,CA,UDS 4.0,2024-03-31,USD,Thousands,Consolidated,US GAAP,Audited,Annual,,,,,,,,,,,,,,,,,,,,143987.532,,,,,,-4912.265,,,,,,
THOMPSONS TOY PLACERVILLE  04185,T001T04185,NAICS,4411,,,USA,CA,UDS 4.0,2025-03-31,USD,Thousands,Consolidated,US GAAP,Audited,Annual,3068.31,,3136.625,,,,,13328.714,,,,,3890.728,,,,,6722.032,,60682.35,,,,171.979,,1268.985,27.29,,,,2883.63,
THOMPSONS TOY PLACERVILLE  04185,T001T04185,NAICS,4411,,,USA,CA,UDS 4.0,2024-03-31,USD,Thousands,Consolidated,US GAAP,Audited,Annual,,,,,,,,,,,,,,,,,,,,62816.467,,,,,,1738.005,,,,,,
SPACE CITY TOYOTA  42413,T001T42413,NAICS,4411,,,USA,TX,UDS 4.0,2025-03-31,USD,Thousands,Consolidated,US GAAP,Audited,Annual,1102.477,,11837.527,,,,,83699.309,,,,,15992.563,,,,,1691.613,,179387.332,,,,425.76,,3698.364,149.44,,,,5266.212,
TOYOTA OF PASADENA  04283,T001T04283,NAICS,4411,,,USA,CA,UDS 4.0,2025-03-31,USD,Thousands,Consolidated,US GAAP,Audited,Annual,2826.041,,2521.212,,,,,14587.837,,,,,4725.183,,,,,1637.193,,87612.621,,,,591.518,,211.905,345.104,,,,2696.325,
TOYOTA OF PASADENA  04283,T001T04283,NAICS,4411,,,USA,CA,UDS 4.0,2024-03-31,USD,Thousands,Consolidated,US GAAP,Audited,Annual,,,,,,,,,,,,,,,,,,,,85548.553,,,,,,2351.742,,,,,,
L H  MILLER LEXUS SPOKANE  64607    SPLIT FROM  46099 EFF 01 2017,T001T64607,NAICS,4411,,,USA,WA,UDS 4.0,2021-11-30,USD,Thousands,Consolidated,US GAAP,Audited,Annual,,,1575.206,,,,,6561.468,,,,,1748.405,,,,,826.781,,57964.348,,,,662.78,,3189.715,585.539,,,,3119.014,
L H  MILLER LEXUS SPOKANE  64607    SPLIT FROM  46099 EFF 01 2017,T001T64607,NAICS,4411,,,USA,WA,UDS 4.0,2020-11-30,USD,Thousands,Consolidated,US GAAP,Audited,Annual,,,,,,,,,,,,,,,,,,,,44759.228,,,,,,1289.65,,,,,,
I 10 TOYOTA  04135,T001T04135,NAICS,4411,,,USA,CA,UDS 4.0,2025-03-31,USD,Thousands,Consolidated,US GAAP,Audited,Annual,13793.658,,4996.042,,,,,31564.975,,,,,7925.323,,,,,23930.237,,119253.816,,,,885.426,,1423.302,479.071,,,,6107.293,
I 10 TOYOTA  04135,T001T04135,NAICS,4411,,,USA,CA,UDS 4.0,2024-03-31,USD,Thousands,Consolidated,US GAAP,Audited,Annual,,,,,,,,,,,,,,,,,,,,114611.03,,,,,,3175.939,,,,,,
TOYOTA OF CORVALLIS  36094  TOYOTA OF NEWPORT  36098,T001T36094,NAICS,4411,,,USA,OR,UDS 4.0,2025-03-31,USD,Thousands,Consolidated,US GAAP,Audited,Annual,2756.969,,6570.283,,,,,20764.125,,,,,4238.513,,,,,14572.325,,100258.917,,,,379.436,,-113.134,217.453,,,,665.969,
TOYOTA OF CORVALLIS  36094  TOYOTA OF NEWPORT  36098,T001T36094,NAICS,4411,,,USA,OR,UDS 4.0,2024-03-31,USD,Thousands,Consolidated,US GAAP,Audited,Annual,,,,,,,,,,,,,,,,,,,,98882.585,,,,,,1051.853,,,,,,
SAN LEANDRO HONDA  54133,T001T54133,NAICS,4411,,,USA,CA,UDS 4.0,2025-03-31,USD,Thousands,Consolidated,US GAAP,Audited,Annual,11874.03,,6704.53,,,,,19755.298,,,,,7447.497,,,,,7693.706,,63443.278,,,,211.483,,1145.285,131.019,,,,1339.153,
SAN LEANDRO HONDA  54133,T001T54133,NAICS,4411,,,USA,CA,UDS 4.0,2024-03-31,USD,Thousands,Consolidated,US GAAP,Audited,Annual,,,,,,,,,,,,,,,,,,,,61935.29,,,,,,2790.799,,,,,,
ACTON TOYOTA OF LITTLETON  20146,T001T20146,NAICS,4411,,,USA,MA,UDS 4.0,2025-03-31,USD,Thousands,Consolidated,US GAAP,Audited,Annual,2092.231,,5082.746,,,,,34098.89,,,,,9214.896,,,,,8216.629,,117325.708,,,,213.269,,3773.936,55.661,,,,5516.02,
ACTON TOYOTA OF LITTLETON  20146,T001T20146,NAICS,4411,,,USA,MA,UDS 4.0,2024-03-31,USD,Thousands,Consolidated,US GAAP,Audited,Annual,,,,,,,,,,,,,,,,,,,,120458.054,,,,,,4988.004,,,,,,
COLVILLE TOYOTA  46106,T001T46106,NAICS,4411,,,USA,WA,UDS 4.0,2025-03-31,USD,Thousands,Consolidated,US GAAP,Audited,Annual,39.102,,2554.596,,,,,4300.643,,,,,2788.449,,,,,2891.188,,30553.53,,,,66.763,,-324.443,46.924,,,,238.319,
COLVILLE TOYOTA  46106,T001T46106,NAICS,4411,,,USA,WA,UDS 4.0,2024-03-31,USD,Thousands,Consolidated,US GAAP,Audited,Annual,,,,,,,,,,,,,,,,,,,,32674.228,,,,,,231.921,,,,,,
MARYSVILLE TOYOTA  46104,T001T46104,NAICS,4411,,,USA,WA,UDS 4.0,2025-03-31,USD,Thousands,Consolidated,US GAAP,Audited,Annual,4796.269,,11219.536,,,,,19099.915,,,,,12682.454,,,,,9768.452,,91667.478,,,,479.413,,326.332,104.365,,,,1618.088,
MARYSVILLE TOYOTA  46104,T001T46104,NAICS,4411,,,USA,WA,UDS 4.0,2024-03-31,USD,Thousands,Consolidated,US GAAP,Audited,Annual,,,,,,,,,,,,,,,,,,,,93103.153,,,,,,1442.338,,,,,,
JOHNSON VOLVO CARS CHARLOTTE  32865,T001T32865,NAICS,4411,,,USA,NC,UDS 4.0,2025-03-31,USD,Thousands,Consolidated,US GAAP,Audited,Annual,2375.53,,8475.722,,,,,15486.617,,,,,10538.301,,,,,419.556,,69196.536,,,,0.0,,-3186.433,633.379,,,,277.802,
JOHNSON VOLVO CARS CHARLOTTE  32865,T001T32865,NAICS,4411,,,USA,NC,UDS 4.0,2024-03-31,USD,Thousands,Consolidated,US GAAP,Audited,Annual,,,,,,,,,,,,,,,,,,,,73881.986,,,,,,-2805.717,,,,,,
HONDA OF EL CAJON  54609,T001T54609,NAICS,4411,,,USA,CA,UDS 4.0,2025-03-31,USD,Thousands,Consolidated,US GAAP,Audited,Annual,1648.767,,6506.338,,,,,15983.996,,,,,8537.297,,,,,19367.211,,115518.968,,,,542.303,,5310.252,362.673,,,,5939.416,
HONDA OF EL CAJON  54609,T001T54609,NAICS,4411,,,USA,CA,UDS 4.0,2024-03-31,USD,Thousands,Consolidated,US GAAP,Audited,Annual,,,,,,,,,,,,,,,,,,,,108372.681,,,,,,6982.322,,,,,,
NAGUABO AUTO  59160,T001T59160,NAICS,4411,,,USA,,UDS 4.0,2025-03-31,USD,Thousands,Consolidated,US GAAP,Audited,Annual,874.276,,4104.505,,,,,15717.032,,,,,6442.373,,,,,5562.834,,36113.889,,,,140.307,,840.33,460.776,,,,0.0,
NAGUABO AUTO  59160,T001T59160,NAICS,4411,,,USA,,UDS 4.0,2024-03-31,USD,Thousands,Consolidated,US GAAP,Audited,Annual,,,,,,,,,,,,,,,,,,,,35712.327,,,,,,626.2,,,,,,
MAGUIRE TOYOTA  31177  KIA  31530  VOLVO  31550  AUDI  31552  VOLKSWAGEN  31553  OF ITHACA,T001T31177,NAICS,4411,,,USA,NY,UDS 4.0,2025-03-31,USD,Thousands,Consolidated,US GAAP,Audited,Annual,1134.197,,9193.911,,,,,19280.802,,,,,9343.041,,,,,1395.236,,94123.012,,,,452.155,,1173.183,599.163,,,,2064.195,
MAGUIRE TOYOTA  31177  KIA  31530  VOLVO  31550  AUDI  31552  VOLKSWAGEN  31553  OF ITHACA,T001T31177,NAICS,4411,,,USA,NY,UDS 4.0,2024-03-31,USD,Thousands,Consolidated,US GAAP,Audited,Annual,,,,,,,,,,,,,,,,,,,,93853.432,,,,,,1514.393,,,,,,
C   C TOYOTA,T001T34069,NAICS,4411,,,USA,OH,UDS 4.0,2023-06-30,USD,Thousands,Consolidated,US GAAP,Audited,Annual,555.297,,2827.728,,,,,5570.896,,,,,2298.588,,,,,2485.87,,35105.502,,,,121.746,,-618.626,64.532,,,,10.244,
C   C TOYOTA,T001T34069,NAICS,4411,,,USA,OH,UDS 4.0,2022-06-30,USD,Thousands,Consolidated,US GAAP,Audited,Annual,,,,,,,,,,,,,,,,,,,,38053.889,,,,,,628.055,,,,,,
THURSTON CHRY DOD JP RAM  54712,T001T54712,NAICS,4411,,,USA,CA,UDS 4.0,2025-03-31,USD,Thousands,Consolidated,US GAAP,Audited,Annual,1715.88,,2663.477,,,,,5110.01,,,,,1870.911,,,,,2582.568,,13543.535,,,,12.177,,-33.666,133.029,,,,227.96,
THURSTON CHRY DOD JP RAM  54712,T001T54712,NAICS,4411,,,USA,CA,UDS 4.0,2024-03-31,USD,Thousands,Consolidated,US GAAP,Audited,Annual,,,,,,,,,,,,,,,,,,,,12513.462,,,,,,13.0,,,,,,
HERRIN GEAR BMW JACKSON  23801,T001T23801,NAICS,4411,,,USA,MS,UDS 4.0,2025-03-31,USD,Thousands,Consolidated,US GAAP,Audited,Annual,597.002,,4398.662,,,,,25051.692,,,,,5987.586,,,,,14896.329,,52925.876,,,,111.421,,-29.619,257.699,,,,2738.45,
HERRIN GEAR BMW JACKSON  23801,T001T23801,NAICS,4411,,,USA,MS,UDS 4.0,2024-03-31,USD,Thousands,Consolidated,US GAAP,Audited,Annual,,,,,,,,,,,,,,,,,,,,58718.811,,,,,,527.27,,,,,,
ANDERSON HONDA  02702,T001T02702,NAICS,4411,,,USA,AZ,UDS 4.0,2025-03-31,USD,Thousands,Consolidated,US GAAP,Audited,Annual,169.408,,3500.584,,,,,9382.379,,,,,3425.186,,,,,0.0,,14959.298,,,,-9.658,,948.131,0.302,,,,1131.028,
TOYOTA OF HEMET  04236,T001T04236,NAICS,4411,,,USA,CA,UDS 4.0,2025-03-31,USD,Thousands,Consolidated,US GAAP,Audited,Annual,3308.844,,6023.476,,,,,61999.161,,,,,9949.551,,,,,2929.472,,131607.94,,,,768.076,,5152.692,1371.188,,,,7563.784,
GAULT TOYOTA  31113,T001T31113,NAICS,4411,,,USA,NY,UDS 4.0,2025-03-31,USD,Thousands,Consolidated,US GAAP,Audited,Annual,3869.386,,3921.462,,,,,13473.993,,,,,4075.833,,,,,9832.599,,75716.853,,,,271.537,,1733.152,223.415,,,,3355.392,
GAULT TOYOTA  31113,T001T31113,NAICS,4411,,,USA,NY,UDS 4.0,2024-03-31,USD,Thousands,Consolidated,US GAAP,Audited,Annual,,,,,,,,,,,,,,,,,,,,89462.806,,,,,,1251.752,,,,,,
KELLY TOYOTA OF HAMBURG  37196,T001T37196,NAICS,4411,,,USA,PA,UDS 4.0,2025-03-31,USD,Thousands,Consolidated,US GAAP,Audited,Annual,2473.787,,2475.355,,,,,13606.816,,,,,4118.946,,,,,-115.054,,62807.214,,,,411.614,,1155.486,136.284,,,,2356.327,
KELLY TOYOTA OF HAMBURG  37196,T001T37196,NAICS,4411,,,USA,PA,UDS 4.0,2024-03-31,USD,Thousands,Consolidated,US GAAP,Audited,Annual,,,,,,,,,,,,,,,,,,,,63645.619,,,,,,1849.749,,,,,,
GATES NISSAN  16881  FLEET  16501,T001T16881,NAICS,4411,,,USA,KY,UDS 4.0,2025-03-31,USD,Thousands,Consolidated,US GAAP,Audited,Annual,1320.866,,4455.121,,,,,7172.144,,,,,4772.258,,,,,2075.872,,27740.57,,,,7.417,,-782.361,146.496,,,,0.0,
GATES NISSAN  16881  FLEET  16501,T001T16881,NAICS,4411,,,USA,KY,UDS 4.0,2024-03-31,USD,Thousands,Consolidated,US GAAP,Audited,Annual,,,,,,,,,,,,,,,,,,,,25417.789,,,,,,-426.076,,,,,,
AUDI  50672  VOLKSWAGEN  50670  PORSCHE  50671  OF ANCHORAGE,T001T50672,NAICS,4411,,,USA,AK,UDS 4.0,2025-03-31,USD,Thousands,Consolidated,US GAAP,Audited,Annual,65.426,,12293.761,,,,,31679.212,,,,,10882.097,,,,,-3180.364,,36630.451,,,,305.995,,-5909.663,448.274,,,,0.0,
AUDI  50672  VOLKSWAGEN  50670  PORSCHE  50671  OF ANCHORAGE,T001T50672,NAICS,4411,,,USA,AK,UDS 4.0,2024-03-31,USD,Thousands,Consolidated,US GAAP,Audited,Annual,,,,,,,,,,,,,,,,,,,,39026.4,,,,,,-6191.692,,,,,,
SUNSHINE TOYOTA,T001T21068,NAICS,4411,,,USA,MI,UDS 4.0,2025-03-31,USD,Thousands,Consolidated,US GAAP,Audited,Annual,1125.289,,5484.444,,,,,10517.004,,,,,2665.083,,,,,10341.837,,63669.202,,,,287.455,,853.646,142.713,,,,645.058,
SUNSHINE TOYOTA,T001T21068,NAICS,4411,,,USA,MI,UDS 4.0,2024-03-31,USD,Thousands,Consolidated,US GAAP,Audited,Annual,,,,,,,,,,,,,,,,,,,,65809.131,,,,,,945.834,,,,,,
SHULTS TOYOTA,T001T37139,NAICS,4411,,,USA,PA,UDS 4.0,2021-05-31,USD,Thousands,Consolidated,US GAAP,Audited,Annual,459.079,,1682.097,,,,,3251.488,,,,,1257.62,,,,,2206.749,,20106.6336,,,,98.2536,,589.764,12.2904,,,,910.248,
SHULTS TOYOTA,T001T37139,NAICS,4411,,,USA,PA,UDS 4.0,2020-05-31,USD,Thousands,Consolidated,US GAAP,Audited,Annual,,,,,,,,,,,,,,,,,,,,20278.603,,,,,,14.931,,,,,,
BELLINGHAM FORD  46687,T001T46687,NAICS,4411,,,USA,WA,UDS 4.0,2025-03-31,USD,Thousands,Consolidated,US GAAP,Audited,Annual,52.703,,8327.149,,,,,13209.997,,,,,3735.329,,,,,7598.647,,48920.167,,,,172.073,,1444.876,208.682,,,,1451.11,
BELLINGHAM FORD  46687,T001T46687,NAICS,4411,,,USA,WA,UDS 4.0,2024-03-31,USD,Thousands,Consolidated,US GAAP,Audited,Annual,,,,,,,,,,,,,,,,,,,,52117.126,,,,,,1786.377,,,,,,
BAYSIDE TOYOTA  19056  CHEVROLET  TRMNTD 111020,T001T19056,NAICS,4411,,,USA,MD,UDS 4.0,2025-03-31,USD,Thousands,Consolidated,US GAAP,Audited,Annual,1121.221,,8985.47,,,,,28014.82,,,,,12784.667,,,,,3622.846,,87464.797,,,,299.738,,-489.649,202.395,,,,3585.613,
BAYSIDE TOYOTA  19056  CHEVROLET  TRMNTD 111020,T001T19056,NAICS,4411,,,USA,MD,UDS 4.0,2024-03-31,USD,Thousands,Consolidated,US GAAP,Audited,Annual,,,,,,,,,,,,,,,,,,,,86373.117,,,,,,-325.094,,,,,,
LEXUS OF NORTHBOROUGH  62006,T001T62006,NAICS,4411,,,USA,MA,UDS 4.0,2025-03-31,USD,Thousands,Consolidated,US GAAP,Audited,Annual,3614.867,,4632.838,,,,,23655.653,,,,,9299.23,,,,,6108.13,,90647.7,,,,880.101,,1354.227,769.856,,,,4025.05,
LEXUS OF NORTHBOROUGH  62006,T001T62006,NAICS,4411,,,USA,MA,UDS 4.0,2024-03-31,USD,Thousands,Consolidated,US GAAP,Audited,Annual,,,,,,,,,,,,,,,,,,,,92287.662,,,,,,1521.28,,,,,,
